date,type,ticker,price,return_1d,return_1w,return_1m,return_3m,return_1y,5YR_AVG_RETURN_ON_EQUITY,ALTMAN_Z_SCORE,CUR_MKT_CAP,EQY_DPS_GROSS_3YR_GROWTH,EV_TO_T12M_SALES,FIVE_YEAR_AVG_PRICE_SALES,FIVE_YR_AVG_PRICE_EARNINGS,FREE_CASH_FLOW_YIELD,GROSS_MARGIN,LT_DEBT_TO_TOT_ASSET,OPER_INC_GROWTH,PE_RATIO,PX_TO_SALES_RATIO,EVS_5Y_AVG,OPERINC_GROWTH_EST12M,CUR_PEto5yAvg,CUR_PSto5yAvg,CUR_EVSto5yAvg,rule_of_x
2024-01-02,value,META UW Equity,346.29,-0.005255710531635314,0.032169568858471186,0.14002714487856985,0.4633399751653238,0.7304571313061307,31.0363,11.8024,889917.7655,,9.1085,7.9046,23.1321,4.9209,81.8301,18.3423,26.2002,20.0816,6.606,6.967236564954987,22.786965348603957,0.868126975069276,0.8357159122536244,1.3073332468450274,
2024-01-02,value,NVDA UW Equity,48.168,-0.012435641919946783,0.10322205613685437,0.3084828101644246,0.8469523334994187,1.8714084039196146,47.5251,43.9432,1189749.6,0.0,24.4391,25.5495,84.1657,1.4725,75.9671,14.5722,983.1344,61.4119,26.5078,16.584080018309393,297.1555614632071,0.7296547168264507,1.037507583318656,1.4736482200410512,1.4725
2024-01-02,value,TXN UW Equity,169.26,-0.014888337468982524,-0.003722084367245631,-0.05654023395958876,0.0063807160581354876,0.10451376580408837,36.8049,10.2421,153722.6248,10.5063,12.3183,9.837,29.9092,0.8779,59.6001,36.3636,-17.8647,24.2217,8.7702,8.573286171832434,-6.021039636331295,0.8098411191205381,0.8915523025312596,1.4368236115192123,21.8905
2024-01-03,value,META UW Equity,344.47,0.007692977617789581,0.07547827096699276,0.3789009202543036,0.48320608470984405,0.7552471913374168,31.0363,11.8024,885240.6153,,9.1085,7.9046,23.1321,4.9469,81.8301,18.3423,26.2002,19.9761,6.5713,6.967236564954987,22.786965348603957,0.8635662131842763,0.831326063304911,1.3073332468450274,
2024-01-03,value,NVDA UW Equity,47.569,0.009018478420820175,0.1425508209127793,0.3908217536630998,0.8059030040572641,2.037061952111669,47.5251,43.9432,1174954.3,0.0,24.4391,25.5495,84.1657,1.491,75.9671,14.5722,983.1344,60.6482,26.1781,16.584080018309393,297.1555614632071,0.7205809492465458,1.0246032211980667,1.4736482200410512,1.491
2024-01-03,value,TXN UW Equity,166.74,-0.013643996641477783,0.0030586541921553967,-0.04522010315461209,0.010735276478349478,0.14255727479908828,36.8049,10.2421,151433.9505,10.5063,12.3183,9.837,29.9092,0.8911,59.6001,36.3636,-17.8647,23.8611,8.6397,8.573286171832434,-6.021039636331295,0.797784628141174,0.8782860628240317,1.4368236115192123,21.9037
2024-01-04,value,META UW Equity,347.12,0.013914496427748283,0.06496312514404244,0.32349043558423607,0.5191864484904356,0.815510486287163,31.0363,11.8024,892050.7515,,9.1085,7.9046,23.1321,4.9092,81.8301,18.3423,26.2002,20.1297,6.6218,6.967236564954987,22.786965348603957,0.870206336649072,0.8377147483743643,1.3073332468450274,
2024-01-04,value,NVDA UW Equity,47.998,0.022896787366140335,0.14217259052460532,0.4444768532022167,0.8335763990166257,2.113254718946623,47.5251,43.9432,1185550.6,0.0,24.4391,25.5495,84.1657,1.4777,75.9671,14.5722,983.1344,61.1951,26.4142,16.584080018309393,297.1555614632071,0.7270788456580293,1.0338441065382886,1.4736482200410512,1.4777
2024-01-04,value,TXN UW Equity,164.465,0.0038610038610038056,0.006901164381479287,-0.03383698659289209,0.01845377435928615,0.16851609764995593,36.8049,10.2421,149367.7862,10.5063,12.3183,9.837,29.9092,0.9035,59.6001,36.3636,-17.8647,23.5355,8.5218,8.573286171832434,-6.003273142311553,0.7868983456595295,0.8663007014333639,1.4368236115192123,21.9161
2024-01-05,value,META UW Equity,351.95,0.019065208126154386,0.06404318795283427,0.292001704787612,0.4753516124449496,0.755618695837477,31.0363,11.8024,904463.1885,,9.1085,7.9046,23.1321,4.8418,81.8301,18.3423,26.2002,20.4098,6.714,6.967236564954987,22.786965348603957,0.8823150513788199,0.8493788426991878,1.3073332468450274,
2024-01-05,value,NVDA UW Equity,49.097,0.06428091329409126,0.1143247041570768,0.38955536998187257,0.7747112858219442,1.8543495529258402,47.5251,43.9432,1212695.9,0.0,24.4391,25.5495,84.1657,1.4446,75.9671,14.5722,983.1344,62.5963,27.019,16.584080018309393,297.1555614632071,0.7437269576561473,1.0575158026575862,1.4736482200410512,1.4446
2024-01-05,value,TXN UW Equity,165.1,0.020835857056329486,-0.0013930950938824335,-0.04076317383403991,0.026408237431859563,0.16420351302241074,36.8049,10.2421,149944.4958,10.5063,12.3183,9.837,29.9092,0.9,59.6001,36.3636,-17.8647,23.6264,8.5547,8.573286171832434,-6.138275247360166,0.7899375443007504,0.8696452170377148,1.4368236115192123,21.912599999999998
2024-01-08,value,META UW Equity,358.66,-0.003429431773824843,0.02453577204037237,0.30929013550437723,0.4411977917805162,0.7027825796018513,31.0363,11.8024,921706.9675,,9.1085,7.9046,23.1321,4.7512,81.8301,18.3423,26.2002,20.7989,6.842,6.967236564954987,22.718747182290077,0.899135832890226,0.865571945449485,1.3073332468450274,
2024-01-08,value,NVDA UW Equity,52.253,0.01697510190802443,0.07901938644671115,0.34153062982029747,0.6334755899182822,1.6813771458098101,47.5251,43.9432,1290649.1,0.0,24.4391,25.5495,84.1657,1.3573,75.9671,14.5722,983.1344,66.62,28.7558,16.584080018309393,297.1555614632071,0.7915338433589931,1.1254936495821837,1.4736482200410512,1.3573
2024-01-08,value,TXN UW Equity,168.54,0.0005339978640085643,-0.02764922273644237,-0.05796843479292739,0.029191883232467165,0.13717811795419488,36.8049,10.2421,153068.7178,10.5063,12.3183,9.837,29.9092,0.8816,59.6001,36.3636,-17.8647,24.1187,8.7329,8.573286171832434,-6.138275247360166,0.8063973626843914,0.8877604960862052,1.4368236115192123,21.894199999999998
2024-01-09,value,META UW Equity,357.43,0.03648266793498033,0.03060739165710768,0.31494278600005593,0.4543546988221471,0.723022689757435,31.0363,11.8024,918546.0363,,9.1085,7.9046,23.1321,4.7676,81.8301,18.3423,26.2002,20.7276,6.8185,6.967236564954987,22.82771323087533,0.8960535359954348,0.8625989929914227,1.3073332468450274,
2024-01-09,value,NVDA UW Equity,53.14,0.02277004140007529,0.054817463304478675,0.3105193827625142,0.6379187053067369,1.5575837410613473,47.5251,43.9432,1312558.0,0.0,24.4391,25.5495,84.1657,1.3347,75.9671,14.5722,983.1344,67.7509,29.244,16.584080018309393,297.1555614632071,0.8049704333237887,1.144601655609699,1.4736482200410512,1.3347
2024-01-09,value,TXN UW Equity,168.63,-0.008183597224693088,-0.03685583822570126,-0.049931803356460816,0.001719741445768796,0.1276166755618811,36.8049,10.2421,153150.4562,10.5063,12.3183,9.837,29.9092,0.8812,59.6001,36.3636,-17.8647,24.1316,8.7376,8.573286171832434,-6.138275247360166,0.8068286681021224,0.888238284029684,1.4368236115192123,21.8938
2024-01-10,value,NVDA UW Equity,54.35,0.008684452621895149,0.05072677092916279,0.3271941122355105,0.6672677092916283,,47.5251,43.9432,1342445.0,0.0,24.4391,25.5495,84.1657,1.305,75.9671,14.5722,983.1344,69.2936,29.9099,16.584080018309393,297.18559295289583,0.8232997527496355,1.1706647879606256,1.4736482200410512,1.305
2024-01-10,value,TXN UW Equity,167.25,-0.009865470852017971,-0.00203288490284008,-0.028998505231689054,0.023617339312406508,,36.8049,10.2421,151897.1346,10.5063,12.3183,9.837,29.9092,0.8884,59.6001,36.3636,-17.8647,23.9341,8.6661,8.573286171832434,-6.271272743399936,0.8002253487221324,0.8809698078682525,1.4368236115192123,21.901
2024-01-11,value,NVDA UW Equity,54.822,-0.002042975447812956,0.08516653898070112,0.3178650906570355,0.6085877932216993,,47.5251,43.9432,1354103.4,0.0,24.4391,25.5495,84.1657,1.2937,75.9671,14.5722,983.1344,69.8954,30.1696,16.584080018309393,297.18559295289583,0.8304499338804286,1.1808293704377777,1.4736482200410512,1.2937
2024-01-11,value,PANW UW Equity,161.745,0.005409749914989644,0.04405082073634425,0.14986552907354173,-0.13731490927076576,,43.1583,5.2122,101996.397,,13.8735,10.2909,408.992,2.9431,74.7304,1.9828,34.3358,178.475,13.7312,8.956491661168332,35.34628417157184,0.43637772865972924,1.3343050656405173,1.5489882115504887,
2024-01-11,value,TXN UW Equity,165.6,-0.004408212560386412,0.04861111111111118,-0.027294685990338054,0.004408212560386583,,36.8049,10.2421,150398.5978,10.5063,12.3183,9.837,29.9092,0.8973,59.6001,36.3636,-17.8647,23.698,8.5806,8.573286171832434,-6.271272743399936,0.7923314565417999,0.8722781335773102,1.4368236115192123,21.9099
2024-01-12,value,NVDA UW Equity,54.71,0.030561140559312687,0.09036739170169991,0.3183695850849936,0.5719429720343631,,47.5251,43.9432,1351337.0,0.0,24.4391,25.5495,84.1657,1.2964,75.9671,14.5722,983.1344,69.7526,30.108,16.584080018309393,297.18559295289583,0.8287532807307489,1.178418364351553,1.4736482200410512,1.2964
2024-01-12,value,PANW UW Equity,162.62,0.02093838396261223,0.06275365883655137,0.1322715533144754,-0.16323330463657615,,43.1583,5.2122,102548.172,,13.8735,10.2909,408.992,2.9273,74.7304,1.9828,34.3358,179.4405,13.8055,8.956491661168332,35.34628417157184,0.4387384105312573,1.3415250366828946,1.5489882115504887,
2024-01-12,value,TXN UW Equity,164.87,-0.006004731000182017,0.06041123309273978,-0.04864438648632262,0.008976769576029537,,36.8049,10.2421,149735.6088,10.5063,12.3183,9.837,29.9092,0.9013,59.6001,36.3636,-17.8647,23.5935,8.5428,8.573286171832434,-6.271272743399936,0.7888375483128937,0.8684354986276304,1.4368236115192123,21.913899999999998
2024-01-16,value,NVDA UW Equity,56.382,-0.0058351956298109435,0.06191692384094214,0.3107019970912704,0.5504061579936861,,47.5251,43.9432,1392635.4,0.0,24.4391,25.5495,84.1657,1.2579,75.9671,14.5722,983.1344,71.8843,31.0281,16.584080018309393,297.2657486176095,0.8540807003327958,1.214430810779076,1.4736482200410512,1.2579
2024-01-16,value,PANW UW Equity,166.025,-0.005993073332329495,0.03653064297545549,0.10926065351603666,-0.17175124228278882,,43.1583,5.2122,104695.365,,13.8735,10.2909,408.992,2.8672,74.7304,1.9828,34.3358,183.1977,14.0945,8.956491661168332,35.618137406721324,0.44792489828651905,1.3696081003605125,1.5489882115504887,
2024-01-16,value,TXN UW Equity,163.88,-0.00893946790334393,0.06382719062728831,-0.03667317549426404,0.022638515987307834,,36.8049,10.2421,148836.4868,10.5063,12.3183,9.837,29.9092,0.9067,59.6001,36.3636,-17.8647,23.4518,8.4915,8.573286171832434,-6.553689004886434,0.784099875623554,0.863220494053065,1.4368236115192123,21.9193
2024-01-17,value,NVDA UW Equity,56.053,0.018803632276595404,0.0947139314577276,0.2962374895188483,0.49920610850445113,,47.5251,43.9432,1384509.1,0.0,24.4391,25.5495,84.1657,1.2653,75.9671,14.5722,983.1344,71.4649,30.847,16.584080018309393,297.2657486176095,0.849097672804955,1.207342609444412,1.4736482200410512,1.2653
2024-01-17,value,PANW UW Equity,165.03,0.01729988486941762,0.030842877052657112,0.11155547476216443,-0.15975883172756475,,43.1583,5.2122,104067.918,,13.8735,10.2909,408.992,2.8845,74.7304,1.9828,34.3358,182.0998,14.0101,8.956491661168332,35.618137406721324,0.44524049370158825,1.3614066796878794,1.5489882115504887,
2024-01-17,value,TXN UW Equity,162.415,0.027676015146384292,0.04713234615029401,-0.010497798848628417,0.020225964350583363,,36.8049,10.2421,147505.9678,10.5063,12.3183,9.837,29.9092,0.9149,59.6001,36.3636,-17.8647,23.2422,8.4156,8.573286171832434,-6.515053501532252,0.777091998448638,0.8555047270509302,1.4368236115192123,21.9275
2024-01-18,value,NVDA UW Equity,57.107,0.041746195737825495,0.0789745565342252,0.27152538217731625,0.48267287723046226,,47.5251,43.9432,1410542.9,0.0,24.4391,25.5495,84.1657,1.242,75.9671,14.5722,983.1344,72.8087,31.4271,16.584080018309393,297.2657486176095,0.8650637967723194,1.2300475547466683,1.4736482200410512,1.242
2024-01-18,value,PANW UW Equity,167.885,0.005867111415552394,0.013163772820680871,0.09125294100128077,-0.16270065818864102,,43.1583,5.2122,105868.281,,13.8735,10.2909,408.992,2.8355,74.7304,1.9828,34.3358,185.2501,14.2524,8.956491661168332,35.618137406721324,0.45294308935138095,1.3849517534909481,1.5489882115504887,
2024-01-18,value,TXN UW Equity,166.91,0.040381043676232756,0.003055538913186693,-0.039122880594332284,-0.01941165897789233,,36.8049,10.2421,151588.3452,10.5063,12.3183,9.837,29.9092,0.8902,59.6001,36.3636,-17.8647,23.8854,8.6485,8.573286171832434,-6.515053501532252,0.7985970871838766,0.8791806445054388,1.4368236115192123,21.9028
2024-01-19,value,PANW UW Equity,168.87,0.023420382542784297,0.013916030082311804,0.08394030911351917,-0.17774027358322977,,43.1583,5.2122,106489.422,,13.8735,10.2909,408.992,2.8189,74.7304,1.9828,34.3358,186.3369,14.3361,8.956491661168332,35.618137406721324,0.45560035404115484,1.3930851529020785,1.5489882115504887,
2024-01-19,value,TXN UW Equity,173.65,0.006795277857759901,-0.05505326806795279,-0.06282752663403396,-0.08044917938381801,,36.8049,10.2421,157709.6407,10.5063,12.3183,9.837,29.9092,0.8557,59.6001,36.3636,-17.8647,24.8499,8.9977,8.573286171832434,-6.423695882449567,0.8308446899281827,0.9146792721358138,1.4368236115192123,21.868299999999998
2024-01-22,value,PANW UW Equity,172.825,-0.004252856936207061,-0.0011572399826413346,-0.2420946043685808,-0.18507160422392585,,43.1583,5.2122,108983.445,,13.8735,10.2909,408.992,2.7544,74.7304,1.9828,34.3358,190.701,14.6718,8.956491661168332,35.618137406721324,0.46627073390188556,1.4257062064542458,1.5489882115504887,
2024-01-22,value,TXN UW Equity,174.83,-0.002802722644855054,-0.05027741234341943,-0.06148830292283933,-0.0652062003088715,,36.8049,10.2421,158781.3216,10.5063,12.3183,9.837,29.9092,0.8499,59.6001,36.3636,-17.8647,25.0188,9.0588,8.573286171832434,-6.423695882449567,0.8364917817928932,0.920890515401037,1.4368236115192123,21.8625
2024-01-23,value,PANW UW Equity,172.09,-0.011447498401998947,0.004968330524725375,-0.22186065430879195,-0.14727758730896623,,43.1583,5.2122,108519.954,,13.8735,10.2909,408.992,2.7662,74.7304,1.9828,34.3358,189.89,14.6094,8.956491661168332,35.618137406721324,0.464287810030514,1.4196425968574178,1.5489882115504887,
2024-01-23,value,TXN UW Equity,174.34,-0.024492371228633764,-0.07049443615922904,-0.05110703223586094,-0.05087759550304006,,36.8049,10.2421,158475.06,10.5063,12.3183,9.837,29.9092,0.8523,59.6001,36.3636,-17.8647,24.9487,9.0335,8.573286171832434,-13.545098824105494,0.834148021344603,0.918318593066992,1.4368236115192123,21.8649
2024-01-24,value,PANW UW Equity,170.12,-0.00014695509052436916,-0.005084646132142071,-0.17090877027980259,-0.13643310604279338,,43.1583,5.2122,107277.672,,13.8735,10.2909,408.992,2.7982,74.7304,1.9828,34.3358,187.7162,14.4422,8.956491661168332,35.618137406721324,0.4589727916438463,1.4033952326813008,1.5489882115504887,
2024-01-24,value,TXN UW Equity,170.07,-0.015581819250896724,-0.05850532133827241,-0.037513964838007854,0.02787087669783036,,36.8049,10.2421,154593.63,10.5063,12.3183,9.837,29.9092,0.8737,59.6001,36.3636,-17.8647,24.3376,8.8122,8.573286171832434,-21.75238052079733,0.8137161809744159,0.8958218969197927,1.4368236115192123,21.8863
2024-01-25,value,PANW UW Equity,170.095,0.00661395102736706,-0.0006466974337869145,-0.10996795908168971,-0.151092036802963,,43.1583,5.2122,107261.907,,13.8735,10.2909,408.992,2.7986,74.7304,1.9828,34.3358,187.6887,14.44,8.956491661168332,35.56951854470657,0.4589055531648541,1.4031814515737204,1.5489882115504887,
2024-01-25,value,TXN UW Equity,167.42,-0.019890096762632807,-0.04617130569824388,-0.018635766336160414,0.04676860590132609,,36.8049,10.2421,152184.78,10.5063,12.3183,9.837,29.9092,0.8875,59.6001,36.3636,-17.8647,23.9584,8.6749,8.573286171832434,-21.75238052079733,0.801037807764835,0.8818643895496594,1.4368236115192123,21.9001
2024-01-26,value,NVDA UW Equity,61.031,0.023496256001048724,0.08403925873736294,0.2895249954940931,0.4375481312775475,,47.5251,43.9432,1507465.7,0.0,24.4391,25.5495,84.1657,1.7937,75.9671,14.5722,983.1344,50.6051,24.7303,16.584080018309393,297.2341982135261,0.6012556183813597,0.9679367502299459,1.4736482200410512,1.7937
2024-01-26,value,PANW UW Equity,171.22,0.00820581707744423,0.007650975353346585,-0.08086088073823151,-0.14898960401822212,,43.1583,5.2122,107971.332,,13.8735,10.2909,408.992,2.7802,74.7304,1.9828,34.3358,188.93,14.5356,8.956491661168332,35.56951854470657,0.46194057585478443,1.4124712124303997,1.5489882115504887,
2024-01-26,value,TXN UW Equity,164.09,0.011883722347492161,-0.029800719117557526,0.0051800841001888856,0.08160156011944655,,36.8049,10.2421,149157.81,10.5063,12.3183,9.837,29.9092,0.9055,59.6001,36.3636,-17.8647,23.4819,8.5024,8.573286171832434,-23.34952760925786,0.785106254931593,0.8643285554538985,1.4368236115192123,21.9181
2024-01-29,value,NVDA UW Equity,62.465,0.004946770191307091,0.10993356279516513,0.2433042503802128,0.4048987432962459,,47.5251,43.9432,1542885.5,0.0,24.4391,25.5495,84.1657,1.7525,75.9671,14.5722,983.1344,51.7942,25.3114,18.98388985269811,297.4954737658568,0.615383701436571,0.9906808352413942,1.287359976781922,1.7525
2024-01-29,value,PANW UW Equity,172.625,0.0018537291817523139,-0.0022302679217957476,-0.08428674873280238,-0.15015206372194054,,43.1583,5.2122,108857.325,,13.8735,10.2909,408.992,2.7576,74.7304,1.9828,34.3358,190.4803,14.6548,8.956491661168332,35.56951854470657,0.46573111454502775,1.424054261532033,1.5489882115504887,
2024-01-29,value,TXN UW Equity,166.04,-0.024030354131534454,-0.04300168634064073,-0.01806793543724404,0.07980004818116117,,36.8049,10.2421,150930.36,9.343,12.3183,9.837,29.9092,0.8949,59.6001,36.3636,-17.8647,23.7609,8.6034,8.573286171832434,-23.16657212288156,0.7944344883848449,0.8745959133882282,1.4368236115192123,19.5809
2024-01-30,value,NVDA UW Equity,62.774,-0.019864912224806446,0.08680345365915822,0.2602669895179532,0.37639787173033423,,47.5251,43.9432,1550517.8,0.0,24.4391,25.5495,84.1657,1.7439,75.9671,14.5722,983.1344,52.0504,25.4366,18.98388985269811,297.4954737658568,0.6184276967933493,0.9955811268322277,1.287359976781922,1.7439
2024-01-30,value,PANW UW Equity,172.945,-0.02133626297377778,-0.012720807193038183,-0.10217121050044806,-0.15901008991297813,,43.1583,5.2122,109059.117,,13.8735,10.2909,408.992,2.7525,74.7304,1.9828,34.3358,190.8334,14.682,8.956491661168332,35.56951854470657,0.4665944566152883,1.4266973734075736,1.5489882115504887,
2024-01-30,value,TXN UW Equity,162.05,-0.011909904350509143,-0.022709040419623613,0.032582536254242525,0.08867633446467124,,36.8049,10.2421,147303.45,9.7769,12.3183,9.837,29.9092,0.9169,59.6001,36.3636,-17.8647,23.1899,8.3966,8.573286171832434,-23.16657212288156,0.7753433726077595,0.8535732438751652,1.4368236115192123,20.4707
2024-01-31,value,NVDA UW Equity,61.527,0.02437954068945341,0.13932094852666313,0.3372828189250247,0.34966762559526704,,47.5251,43.9432,1519716.9,0.0,24.4391,25.5495,84.1657,1.7793,75.9671,14.5722,983.1344,51.0164,24.9313,18.98388985269811,297.4954737658568,0.606142407180122,0.9758038317775299,1.287359976781922,1.7793
2024-01-31,value,PANW UW Equity,169.255,0.004313018817760292,0.07677764320108714,-0.10667336267761665,-0.15116244719506075,,43.1583,5.2122,106732.203,,13.8735,10.2909,408.992,2.7764,74.7304,1.9828,34.3358,147.6959,13.9513,8.956491661168332,35.56951854470657,0.36112173343243875,1.3556928937216375,1.5489882115504887,
2024-01-31,value,TXN UW Equity,160.12,-0.002685485885585853,-0.008431176617536812,0.06826130402198355,0.09417936547589298,,36.8049,10.2421,145549.08,9.7769,12.3183,9.837,29.9092,0.928,59.6001,36.3636,-17.8647,22.9137,8.2966,8.573286171832434,-23.16657212288156,0.7661087558343253,0.8434075429500864,1.4368236115192123,20.4818
2024-02-01,value,NVDA UW Equity,63.027,0.04970885493518644,0.10493915306138646,0.3523886588287558,0.3615910641471114,,47.5251,43.9432,1556766.9,0.0,24.4391,25.5495,84.1657,1.7369,75.9671,14.5722,983.1344,52.2602,25.5391,18.98388985269811,297.4954737658568,0.6209203986897275,0.9995929470244037,1.287359976781922,1.7369
2024-02-01,value,PANW UW Equity,169.985,0.014971909286113406,0.07956584404506266,-0.11921640144718659,-0.13133511780451226,,43.1583,5.2122,107192.541,,13.8735,10.2909,408.992,2.7645,74.7304,1.9828,34.3358,148.3329,14.0115,8.956491661168332,35.56951854470657,0.3626792211094593,1.3615427222108853,1.5489882115504887,
2024-02-01,value,TXN UW Equity,159.69,-0.0030684451124053424,0.0032563090988791425,0.07984219425136202,0.10088296073642691,,36.8049,10.2421,145158.21,9.7769,12.3183,9.837,29.9092,0.9305,59.6001,36.3636,-17.8647,22.8522,8.2744,8.573286171832434,-23.16657212288156,0.7640525323311891,0.8411507573447189,1.4368236115192123,20.484299999999998
2024-02-02,value,NVDA UW Equity,66.16,0.047944377267230914,0.09028113663845222,0.2993349455864571,0.34203446191052006,,47.5251,43.9432,1634152.0,0.0,24.4391,25.5495,84.1657,1.6547,75.9671,14.5722,983.1344,54.858,26.8086,18.98388985269811,297.4954737658568,0.6517857036773888,1.0492808078435978,1.287359976781922,1.6547
2024-02-02,value,PANW UW Equity,172.53,-0.0016808670955775346,0.09227380745377609,-0.1562916594215499,-0.14156958210166354,,43.1583,5.2122,108797.418,,13.8735,10.2909,408.992,2.7237,74.7304,1.9828,34.3358,150.5537,14.2213,8.956491661168332,35.56951854470657,0.3681091561693138,1.381929666015606,1.5489882115504887,
2024-02-02,value,TXN UW Equity,159.2,-0.0018844221105526568,0.020100502512562922,0.07185929648241206,0.12380653266331665,,36.8049,10.2421,144758.5975,9.7769,12.3183,9.837,29.9092,0.9334,59.6001,36.3636,-17.8647,22.7821,8.249,8.573286171832434,-23.16657212288156,0.761708771882899,0.8385686693097489,1.4368236115192123,20.487199999999998
2024-02-05,value,NVDA UW Equity,69.332,-0.015995499913459797,0.0420585011250218,0.2793515259908846,0.32896786476663026,,47.5251,43.9432,1712500.4,0.0,24.4391,25.5495,84.1657,1.579,75.9671,14.5722,983.1344,57.4881,28.094,18.98388985269811,297.4954737658568,0.6830347754489061,1.0995909900389442,1.287359976781922,1.579
2024-02-05,value,PANW UW Equity,172.24,-0.008679749187180704,0.0798014398513702,-0.19049001393404552,-0.127467487227125,,43.1583,5.2122,108614.544,,13.8735,10.2909,408.992,2.7283,74.7304,1.9828,34.3358,150.3007,14.1974,8.956491661168332,35.56951854470657,0.3674905621625851,1.3796072258014362,1.5489882115504887,
2024-02-05,value,TXN UW Equity,158.9,-0.0033354310887350603,0.013719320327249885,0.0816236626809314,0.14329767149150396,,36.8049,10.2421,144485.8112,9.7769,12.3183,9.837,29.9092,0.9351,59.6001,36.3636,-17.8647,22.7392,8.2334,8.573286171832434,-26.398930535808358,0.7602744306099796,0.8369828199654366,1.4368236115192123,20.488899999999997
2024-02-06,value,NVDA UW Equity,68.223,0.02749805783973154,0.0572387611216159,0.35832490509065856,0.3273236298608974,,47.5251,43.9432,1685108.1,0.0,24.4391,25.5495,84.1657,1.6046,75.9671,14.5722,983.1344,56.5685,27.6446,18.98388985269811,297.75407711361873,0.6721087093673551,1.082001604728077,1.287359976781922,1.6046
2024-02-06,value,PANW UW Equity,170.745,0.06738118246507947,0.07839175378488383,-0.16107060236024487,-0.1053325133971713,,43.1583,5.2122,107671.797,,13.8735,10.2909,408.992,2.7522,74.7304,1.9828,34.3358,148.9961,14.0741,8.956491661168332,35.56951854470657,0.3643007687191926,1.3676257664538571,1.5489882115504887,
2024-02-06,value,TXN UW Equity,158.37,0.002525730883374412,-0.009597777356822695,0.10671212982256743,0.15343815116499326,,36.8049,10.2421,144003.8888,9.7769,12.3183,9.837,29.9092,0.9382,59.6001,36.3636,-17.8647,22.6633,8.206,8.573286171832434,-26.398930535808358,0.757736749896353,0.834197417911965,1.4368236115192123,20.491999999999997
2024-02-07,value,NVDA UW Equity,70.099,-0.00653361674203624,0.05422331274340578,0.24863407466582976,0.28977588838642493,,47.5251,43.9432,1731445.3,0.0,24.4391,25.5495,84.1657,1.5617,75.9671,14.5722,983.1344,58.1241,28.4048,18.98388985269811,297.75407711361873,0.6905912978802529,1.1117556116558056,1.287359976781922,1.5617
2024-02-07,value,PANW UW Equity,182.25,0.00691358024691353,0.010507544581618612,-0.2312757201646091,-0.1686968449931413,,43.1583,5.2122,114926.85,,13.8735,10.2909,408.992,2.5784,74.7304,1.9828,34.3358,159.0356,15.0225,8.956491661168332,35.56951854470657,0.3888477036225647,1.4597848584671895,1.5489882115504887,
2024-02-07,value,TXN UW Equity,158.77,0.009069723499401635,-0.0056685771871260665,0.08521761037979467,0.1585941928575926,,36.8049,10.2421,144367.6038,9.7769,12.3183,9.837,29.9092,0.9359,59.6001,36.3636,-17.8647,22.7206,8.2267,8.573286171832434,-26.398930535808358,0.7596525483797628,0.8363017180034563,1.4368236115192123,20.4897
2024-02-08,value,NVDA UW Equity,69.641,0.03578351832971942,0.04332218089918289,0.23165951092029113,0.27434988009936667,,47.5251,43.9432,1720132.7,0.0,24.4391,25.5495,84.1657,1.5719,75.9671,14.5722,983.1344,57.7443,28.2192,18.98388985269811,297.75407711361873,0.6860787708056845,1.1044912816297776,1.287359976781922,1.5719
2024-02-08,value,PANW UW Equity,183.51,0.026919513922946968,-0.0003814506021469848,-0.22802572066917334,-0.19440357473707146,,43.1583,5.2122,115721.406,,13.8735,10.2909,408.992,2.5607,74.7304,1.9828,34.3358,160.1352,15.1263,8.956491661168332,35.56951854470657,0.391536264768015,1.4698714398157595,1.5489882115504887,
2024-02-08,value,TXN UW Equity,160.21,0.013669558704200722,0.0031209038137444602,0.08726047063229504,0.1567317895262467,,36.8049,10.2421,145676.9781,9.7769,12.3183,9.837,29.9092,0.9275,59.6001,36.3636,-17.8647,22.9266,8.3013,8.573286171832434,-26.398930535808358,0.7665400612520563,0.8438853308935651,1.4368236115192123,20.481299999999997
2024-02-09,value,NVDA UW Equity,72.133,0.0015942772378801534,0.006654374558107995,0.2742156849153647,0.24600390944505296,,47.5251,43.9432,1781685.1,0.0,24.4391,25.5495,84.1657,1.5176,75.9671,14.5722,983.1344,59.8106,29.229,18.98388985269811,297.75407711361873,0.7106291517803571,1.1440145599718194,1.287359976781922,1.5176
2024-02-09,value,PANW UW Equity,188.45,-0.013080392677102547,-0.027832316264260953,-0.24454762536481817,-0.21074555585035806,,43.1583,5.2122,118836.57,,13.8735,10.2909,408.992,2.4936,74.7304,1.9828,34.3358,164.4459,15.5335,8.956491661168332,35.56951854470657,0.4020760797277208,1.5094403793642925,1.5489882115504887,
2024-02-09,value,TXN UW Equity,162.4,-0.008128078817733949,-0.01243842364532026,0.0763546798029557,0.1517857142857143,,36.8049,10.2421,147668.3181,9.7769,12.3183,9.837,29.9092,0.915,59.6001,36.3636,-17.8647,23.24,8.4148,8.573286171832434,-26.398930535808358,0.777018442485924,0.8554234014435295,1.4368236115192123,20.468799999999998
2024-02-12,value,NVDA UW Equity,72.248,-0.0016609456317130515,-0.03870003321891272,0.25800022145941753,0.25123186801018704,,47.5251,43.9432,1784525.6,0.0,24.4391,25.5495,84.1657,1.5152,75.9671,14.5722,983.1344,59.9059,29.2756,18.98388985269811,297.898075912628,0.7117614420126014,1.145838470420165,1.287359976781922,1.5152
2024-02-12,value,PANW UW Equity,185.985,-0.009973922628169036,-0.01580772642955091,-0.2200446272548862,-0.18743447052181633,,43.1583,5.2122,117282.141,,13.8735,10.2909,408.992,2.5267,74.7304,1.9828,34.3358,162.2949,15.3303,8.956491661168332,35.56951854470657,0.39681680815272674,1.4896947788823134,1.5489882115504887,
2024-02-12,value,TXN UW Equity,161.08,-0.02626024335733808,0.010305438291532135,0.07201390613359818,0.16600446982865644,,36.8049,10.2421,146468.0584,9.7769,12.3183,9.837,29.9092,0.9225,59.6001,36.3636,-17.8647,23.0511,8.3464,8.573286171832434,-26.398930535808358,0.770702660051088,0.8484700620107756,1.4368236115192123,20.4763
2024-02-13,value,NVDA UW Equity,72.128,0.02456743566992022,-0.06455190771960967,0.21927684117125115,0.2665816326530612,,47.5251,43.9432,1781561.6,0.0,24.4391,25.5495,84.1657,1.5177,75.9671,14.5722,983.1344,59.8064,29.2269,18.98388985269811,298.8122701228514,0.7105792502171312,1.1439323665825163,1.287359976781922,1.5177
2024-02-13,value,PANW UW Equity,184.13,0.000190083093466554,-0.28862760006517124,-0.2190843425840439,-0.18117634280128161,,43.1583,5.2122,116112.378,,13.8735,10.2909,408.992,2.5521,74.7304,1.9828,34.3358,160.6762,15.1774,8.956491661168332,35.563947633434054,0.3928590290274626,1.4748369919054698,1.5489882115504887,
2024-02-13,value,TXN UW Equity,156.85,0.006503028371055214,0.046094995218361606,0.09110615237488041,0.2185527574115397,,36.8049,10.2421,142621.7715,9.7769,12.3183,9.837,29.9092,0.9473,59.6001,36.3636,-17.8647,22.4458,8.1272,8.573286171832434,-26.398930535808358,0.7504647399462373,0.826186845583003,1.4368236115192123,20.501099999999997
2024-02-14,value,NVDA UW Equity,73.9,-0.016806495263870153,0.06276048714479013,0.18858592692828138,0.2805142083897157,,47.5251,43.9432,1825330.0,0.0,24.4391,25.5495,84.1657,1.4814,75.9671,14.5722,983.1344,61.2757,29.945,18.98388985269811,298.90276478094427,0.7280364804189831,1.1720385917532634,1.287359976781922,1.4814
2024-02-14,value,PANW UW Equity,184.165,-0.003936687209838972,-0.2728802975592539,-0.23394781853229432,-0.15206472456764314,,43.1583,5.2122,116134.449,,13.8735,10.2909,408.992,2.5516,74.7304,1.9828,34.3358,160.7067,15.1803,8.956491661168332,35.58344582288786,0.39293360261325405,1.4751187942745532,1.5489882115504887,
2024-02-14,value,TXN UW Equity,157.87,0.017989485019319715,0.047887502375372155,0.09279787166656113,0.23855070627731675,,36.8049,10.2421,143549.2449,9.7769,12.3183,9.837,29.9092,0.9412,59.6001,36.3636,-17.8647,22.5918,8.1801,8.573286171832434,-26.398930535808358,0.755346181108154,0.8315645013723696,1.4368236115192123,20.494999999999997
2024-02-15,value,ABNB UW Equity,157.69,-0.03284926120870066,-0.03189802777601624,0.026444289428625888,-0.06658634028790665,,62.8513,4.4656,102252.1975,,6.5052,8.948,24.5218,3.8407,87.5402,9.945,1.9385,21.7918,10.139,16.705630784776865,21.194328695242486,0.8886704891158071,1.133102369244524,0.38940163851387843,
2024-02-15,value,NVDA UW Equity,72.658,-0.0006193399212750379,0.08476699055850687,0.21741583858625335,0.2986732362575352,,47.5251,43.9432,1794652.6,0.0,24.4391,25.5495,84.1657,1.5067,75.9671,14.5722,983.1344,60.2459,29.4417,18.98388985269811,299.8281882553106,0.7158010923689816,1.1523395761169495,1.287359976781922,1.5067
2024-02-15,value,PANW UW Equity,183.44,-0.0012810728303531685,-0.23111098996947235,-0.2225250763192324,-0.13655691234191022,,43.1583,5.2122,115677.264,,13.8735,10.2909,408.992,2.5617,74.7304,1.9828,34.3358,160.0741,15.1205,8.956491661168332,35.58964979225955,0.3913868730928722,1.4693078350775928,1.5489882115504887,
2024-02-15,value,TXN UW Equity,160.71,-0.0020533880903491537,0.01854271669466735,0.052890299296870134,0.21317901810714945,,36.8049,10.2421,146131.6219,9.7769,12.3183,9.837,29.9092,0.9246,59.6001,36.3636,-17.8647,22.9982,8.3272,8.573286171832434,-26.398930535808358,0.7689339734931059,0.8465182474331605,1.4368236115192123,20.4784
2024-02-16,value,CSCO UW Equity,48.44,-0.003303055326176643,-0.0008257638315441608,0.01445086705202318,-0.005573905862923122,,29.6128,4.4006,196834.7617,2.704,3.4619,3.6733,15.8066,6.8491,64.2405,7.2865,-5.9538,14.1597,3.4433,3.84998174448288,-4.522199788838053,0.8958093454632876,0.9373860016878556,0.8991990689205187,12.257100000000001
2024-02-16,value,NVDA UW Equity,72.613,-0.043532149890515494,0.08922644705493506,0.23115695536611897,0.27358737416165146,,47.5251,43.9432,1793541.1,0.0,24.4391,25.5495,84.1657,1.5076,75.9671,14.5722,983.1344,60.2086,29.4235,18.98388985269811,300.14591037606027,0.7153579189622375,1.1516272334096558,1.287359976781922,1.5076
2024-02-16,value,PANW UW Equity,183.205,-0.0008733386097542371,-0.17365792418329207,-0.23424579023498276,-0.13252913403018476,,43.1583,5.2122,115529.073,,13.8735,10.2909,408.992,2.565,74.7304,1.9828,34.3358,159.869,15.1012,8.956491661168332,35.66229320913708,0.39088539629137,1.4674323917247276,1.5489882115504887,
2024-02-16,value,TXN UW Equity,160.38,0.014715051752088875,0.024441950367876393,0.03978052126200272,0.21598703080184573,,36.8049,10.2421,145831.557,9.7769,12.3183,9.837,29.9092,0.9265,59.6001,36.3636,-17.8647,22.951,8.3101,8.573286171832434,-26.398930535808358,0.7673558637476094,0.8447799125749721,1.4368236115192123,20.4803
2024-02-20,value,CSCO UW Equity,48.28,0.004142502071250947,0.0006213753106876789,0.026304888152443993,-0.023819386909693426,,29.6128,4.4006,195494.7522,2.704,3.4619,3.6733,15.8066,6.8718,64.2405,7.2865,-5.9538,14.113,3.432,3.84998174448288,-4.522199788838053,0.8928548834031353,0.9343097487273024,0.8991990689205187,12.279800000000002
2024-02-20,value,NVDA UW Equity,69.452,-0.02850889823187243,0.13317111098312498,0.30121522778321724,0.36468352243275937,,47.5251,43.9432,1715464.4,0.0,24.4391,25.5495,84.1657,1.5762,75.9671,14.5722,983.1344,57.5876,28.1426,18.98388985269811,300.00403475724613,0.6842169672443763,1.1014931799056735,1.287359976781922,1.5762
2024-02-20,value,PANW UW Equity,183.045,-0.28441093720123456,-0.1402387391078696,-0.22956103690349358,-0.11559998907372503,,43.1583,5.2122,115428.177,,13.8735,10.2909,408.992,2.5672,74.7304,1.9828,34.3358,159.7294,15.088,8.956491661168332,35.378841445242415,0.3905440693216493,1.4661497050792447,1.5489882115504887,
2024-02-20,value,TXN UW Equity,162.74,0.008233992872065892,0.013518495760108077,0.044488140592355785,0.22403834336979217,,36.8049,10.2421,147977.4759,9.7769,12.3183,9.837,29.9092,0.9131,59.6001,36.3636,-17.8647,23.2887,8.4324,8.573286171832434,-26.398930535808358,0.7786467040241798,0.8572125648063433,1.4368236115192123,20.4669
2024-02-21,value,CSCO UW Equity,48.48,0.0018564356435644268,-0.008663366336633553,0.028877887788779,-0.03176567656765675,,29.6128,4.4006,196304.5896,2.704,3.4619,3.6733,15.8066,6.8434,64.2405,7.2865,-5.9538,14.1714,3.4462,3.84998174448288,-4.7738123904608365,0.8965495425961307,0.9381754825361392,0.8991990689205187,12.2514
2024-02-21,value,NVDA UW Equity,67.472,0.16400877400995975,0.1510404315864359,0.35515473085131627,0.4137123547545649,,47.5251,43.9432,1686800.0,0.0,24.4391,25.5495,84.1657,1.6225,75.9671,14.5722,983.1344,55.9458,27.3403,18.98388985269811,300.00403475724613,0.6647102085528903,1.0700913912209633,1.287359976781922,1.6225
2024-02-21,value,TXN UW Equity,164.08,0.008227693807898551,-0.006338371526084961,0.05186494392979029,0.21288395904436846,,36.8049,10.2421,149195.9214,9.7769,12.3183,9.837,29.9092,0.9056,59.6001,36.3636,-17.8647,23.4804,8.5018,8.573286171832434,-26.398930535808358,0.7850561031388336,0.864267561248348,1.4368236115192123,20.4594
2024-02-22,value,ABNB UW Equity,155.26,-0.01674610331057577,0.01423418781398949,0.08115419296663676,-0.0808321525183562,,62.8513,4.4656,100463.2605,,6.5052,8.948,24.5218,3.9008,87.5402,9.945,1.9385,21.456,9.9828,16.705630784776865,19.579835618727333,0.8749765514766453,1.1156459544032185,0.38940163851387843,
2024-02-22,value,CSCO UW Equity,48.57,0.005970763845995453,-0.004117768169652107,0.02491249742639491,-0.02347127856701669,,29.6128,4.4006,196669.0165,2.704,3.4619,3.6733,15.8066,6.8307,64.2405,7.2865,-5.9538,14.1977,3.4526,3.84998174448288,-4.7738123904608365,0.8982134045272228,0.9399177850978684,0.8991990689205187,12.238700000000001
2024-02-22,value,NVDA UW Equity,78.538,0.003552420484351478,0.007308564007232144,0.2005525987420103,0.20896890677124458,,47.5251,43.9432,1963450.0,0.0,24.4391,25.5495,84.1657,1.3939,75.9671,14.5722,983.1344,65.1214,31.8243,18.98388985269811,300.00403475724613,0.7737284903470177,1.245593847237715,1.287359976781922,1.3939
2024-02-22,value,TXN UW Equity,165.43,-0.01051804388563144,0.01148522033488488,0.04261621229523051,0.22432448769872443,,36.8049,10.2421,150423.4597,9.7769,12.3183,9.837,29.9092,0.8982,59.6001,36.3636,-17.8647,23.6736,8.5718,8.573286171832434,-26.398930535808358,0.7915156540462467,0.8713835518959032,1.4368236115192123,20.451999999999998
2024-02-23,value,NVDA UW Equity,78.817,0.003489094992197187,0.04392453404722336,0.20534909981349206,0.31696207670933957,,47.5251,43.9432,1970425.0,0.0,24.4391,25.5495,84.1657,1.3889,75.9671,14.5722,983.1344,65.3528,31.9374,18.98388985269811,300.00403475724613,0.776477828854272,1.250020548347326,1.287359976781922,1.3889
2024-02-23,value,TXN UW Equity,163.69,0.003726556295436579,0.044963039892479774,0.04374121815627098,0.20526605168305942,,36.8049,10.2421,148841.2992,9.7769,12.3183,9.837,29.9092,0.9078,59.6001,36.3636,-17.8647,23.4246,8.4816,8.573286171832434,-26.398930535808358,0.7831904564481833,0.8622140896614822,1.4368236115192123,20.4616
2024-02-26,value,CSCO UW Equity,48.4,-0.0018595041322313286,0.015082644628099256,0.02376033057851237,-0.040909090909090846,,29.6128,4.4006,195980.6547,2.704,3.4619,3.6733,15.8066,6.8547,64.2405,7.2865,-5.9538,14.148,3.4405,3.84998174448288,-4.77157199219918,0.8950691483304443,0.9366237443170992,0.8991990689205187,12.2627
2024-02-26,value,NVDA UW Equity,79.092,-0.00494360997319584,0.07769433065291048,0.17029535224801506,0.34614120265007836,,47.5251,43.9432,1977300.0,0.0,24.4391,25.5495,84.1657,1.3841,75.9671,14.5722,983.1344,65.5808,32.0488,18.98388985269811,300.00403475724613,0.7791867708579623,1.2543807119513102,1.287359976781922,1.3841
2024-02-26,value,TXN UW Equity,164.3,0.0038953134510041772,0.04954351795496035,0.021972002434570814,0.21229458307973215,,36.8049,10.2421,149395.9647,9.7769,12.3183,9.837,29.9092,0.9044,59.6001,36.3636,-17.8647,23.5119,8.5132,8.573286171832434,-26.398930535808358,0.7861092907867814,0.865426451153807,1.4368236115192123,20.458199999999998
2024-02-27,value,CSCO UW Equity,48.31,-0.005174912026495549,0.013247774787828619,0.030221486234734026,-0.04202028565514388,,29.6128,4.4006,195616.2278,2.704,3.4619,3.6733,15.8066,6.8675,64.2405,7.2865,-5.9538,14.1217,3.4341,3.84998174448288,-4.77157199219918,0.8934052863993522,0.9348814417553699,0.8991990689205187,12.275500000000001
2024-02-27,value,NVDA UW Equity,78.701,-0.01318915896875512,0.09228599382472912,0.14674527642596674,0.44726242360325796,,47.5251,43.9432,1967525.0,0.0,24.4391,25.5495,84.1657,1.391,75.9671,14.5722,983.1344,65.2566,31.8904,18.98388985269811,300.00403475724613,0.7753348454299079,1.2481809820153036,1.287359976781922,1.391
2024-02-27,value,PANW UW Equity,157.375,0.004447974583002311,-0.07504368546465451,-0.10322478157267675,-0.02141382049245436,,43.1583,5.2122,101695.725,,13.8735,10.2909,408.992,2.986,74.7304,1.9828,34.3358,137.3291,12.9721,8.956491661168332,34.75100221529951,0.3357745383772788,1.2605408662021784,1.5489882115504887,
2024-02-27,value,TXN UW Equity,164.94,-0.011519340366193802,0.034558021098581235,0.0480780890020614,0.2101370195222505,,36.8049,10.2421,149977.9088,9.7769,12.3183,9.837,29.9092,0.9009,59.6001,36.3636,-17.8647,23.6035,8.5464,8.573286171832434,-26.398930535808358,0.7891718935979566,0.8688014638609333,1.4368236115192123,20.4547
2024-02-28,value,CSCO UW Equity,48.06,0.006450270495214214,0.02309612983770286,0.03849354972950467,-0.041198501872659256,,29.6128,4.4006,194603.9311,2.704,3.4619,3.6733,15.8066,6.9032,64.2405,7.2865,-5.9538,14.0487,3.4163,3.84998174448288,-4.77157199219918,0.8887869624081081,0.9300356627555605,0.8991990689205187,12.3112
2024-02-28,value,NVDA UW Equity,77.663,0.018657533188262083,0.14211400538222843,0.16343690045452788,0.47850327697874157,,47.5251,43.9432,1941575.0,0.0,24.4391,25.5495,84.1657,1.4096,75.9671,14.5722,983.1344,64.3959,31.4698,18.98388985269811,300.00403475724613,0.7651085893659768,1.231718820329165,1.287359976781922,1.4096
2024-02-28,value,PANW UW Equity,158.075,-0.017713110865095576,-0.1179503400284674,-0.10128103748220776,-0.02925826348252412,,43.1583,5.2122,102148.065,,13.8735,10.2909,408.992,2.9728,74.7304,1.9828,34.3358,137.94,13.0298,8.956491661168332,34.75100221529951,0.33726821062514667,1.2661477616146304,1.5489882115504887,
2024-02-28,value,TXN UW Equity,163.04,0.026312561334641934,0.05415848871442599,0.0685107948969579,0.19547350343474,,36.8049,10.2421,148250.2622,9.7769,12.3183,9.837,29.9092,0.9114,59.6001,36.3636,-17.8647,23.3316,8.4479,8.573286171832434,-26.398930535808358,0.7800810452970993,0.8587882484497307,1.4368236115192123,20.4652
2024-02-29,value,ABNB UW Equity,157.47,0.014288435892550962,0.03854702483012633,0.03746745411824478,-0.07588747062932615,,62.8513,4.4656,101893.2734,,6.5052,8.948,24.5218,3.846,87.5402,9.945,1.9385,21.7614,10.1249,16.705630784776865,19.579835618727333,0.8874307758810528,1.1315265981224853,0.38940163851387843,
2024-02-29,value,CSCO UW Equity,48.37,0.0006202191440976047,0.01095720487905729,0.03452553235476539,-0.04651643580731859,,29.6128,4.4006,195859.1791,2.704,3.4619,3.6733,15.8066,6.859,64.2405,7.2865,-5.9538,14.1393,3.4384,3.84998174448288,-4.77157199219918,0.8945187453342275,0.9360520512890318,0.8991990689205187,12.267
2024-02-29,value,NVDA UW Equity,79.112,0.040031853574678956,0.1713646475882294,0.14221609869552035,0.39675396905652754,,47.5251,43.9432,1977800.0,0.0,24.4391,25.5495,84.1657,1.3838,75.9671,14.5722,983.1344,65.5974,32.0569,18.98388985269811,300.00403475724613,0.7793840008459503,1.2546977435957651,1.287359976781922,1.3838
2024-02-29,value,PANW UW Equity,155.275,-0.02624376106907111,-0.07748832716148775,-0.10024150700370309,-0.055933022057639684,,43.1583,5.2122,100338.705,,13.8735,10.2909,408.992,3.0264,74.7304,1.9828,34.3358,135.4966,12.799,8.956491661168332,34.75100221529951,0.3312940106407949,1.2437201799648232,1.5489882115504887,
2024-02-29,value,TXN UW Equity,167.33,0.022231518556146527,0.04745114444510845,0.03490109364728366,0.16942568577063283,,36.8049,10.2421,152151.1063,9.7769,12.3183,9.837,29.9092,0.888,59.6001,36.3636,-17.8647,23.9455,8.6702,8.573286171832434,-26.398930535808358,0.800606502347104,0.8813866016061808,1.4368236115192123,20.4418
2024-03-01,value,CSCO UW Equity,48.4,0.015082644628099256,0.022727272727272756,0.01983471074380167,-0.03925619834710741,,29.6128,4.4006,195980.6547,2.704,3.4619,3.6733,15.8066,6.8547,64.2405,7.2865,-5.9538,14.148,3.4405,3.84998174448288,-4.77157199219918,0.8950691483304443,0.9366237443170992,0.8991990689205187,12.2627
2024-03-01,value,NKE UN Equity,101.88,-0.022968197879858553,-0.026698076168040822,-0.10728307813113461,-0.06703965449548487,,35.6574,6.569,154360.6363,10.9392,3.0741,3.2494,31.8492,3.9925,44.7502,31.1088,-5.3824,28.2216,3.0116,3.777682472868426,6.570035081800385,0.8861007497833541,0.9268172585708131,0.813752882111823,25.8709
2024-03-01,value,NVDA UW Equity,82.279,0.03595085015617592,0.06379513606144957,0.08717898856330293,0.3324542106734404,,47.5251,43.9432,2056975.0,0.0,24.4391,25.5495,84.1657,1.3305,75.9671,14.5722,983.1344,68.2234,33.3402,18.98388985269811,300.00403475724613,0.8105843591866996,1.3049257324018084,1.287359976781922,1.3305
2024-03-01,value,TXN UW Equity,171.05,0.008126278865828625,0.007307804735457468,-0.004033908213972509,0.14007600116924862,,36.8049,10.2421,155533.6565,9.7769,12.3183,9.837,29.9092,0.8687,59.6001,36.3636,-17.8647,24.4779,8.863,8.573286171832434,-26.398930535808358,0.8184070453238469,0.9009860729897327,1.4368236115192123,20.4225
2024-03-04,value,ABNB UW Equity,158.09,0.007843633373394958,0.030995002846479887,0.00790688848124486,-0.07489404769435135,,62.8513,4.4656,102294.4535,,6.5052,8.948,24.5218,3.8309,87.5402,9.945,1.9385,21.8471,10.1648,16.705630784776865,19.579835618727333,0.890925625361923,1.1359856951274028,0.38940163851387843,
2024-03-04,value,NKE UN Equity,99.54,-0.01235684147076556,0.015471167369901466,-0.09252561784207361,-0.05163753265019088,,35.6574,6.569,150815.2506,10.9392,3.0741,3.2494,31.8492,4.0864,44.7502,31.1088,-5.3824,27.5734,2.9424,3.777682472868426,6.570035081800385,0.8657485902314658,0.9055210192650951,0.813752882111823,25.9648
2024-03-04,value,NVDA UW Equity,85.237,0.008529159871886668,0.006300080950760892,0.04372514283703092,0.34917934699719616,,47.5251,43.9432,2130925.0,0.0,24.4391,25.5495,84.1657,1.2843,75.9671,14.5722,983.1344,70.6761,34.5388,18.98388985269811,300.00403475724613,0.8397256839781527,1.3518385878392924,1.287359976781922,1.2843
2024-03-04,value,TXN UW Equity,172.44,-0.010438413361169168,0.010148457434469961,-0.01217814892136392,0.12340524240315473,,36.8049,10.2421,156797.5663,9.7769,12.3183,9.837,29.9092,0.8617,59.6001,36.3636,-17.8647,24.6768,8.935,8.573286171832434,-26.398930535808358,0.8250571730437458,0.9083053776557894,1.4368236115192123,20.415499999999998
2024-03-05,value,ABNB UW Equity,159.33,0.028494319964852768,0.04606790937048876,-0.0030753781459863746,-0.07688445364965793,,62.8513,4.4656,103096.8137,,6.5052,8.948,24.5218,3.8011,87.5402,9.945,1.9385,22.0184,10.2445,16.705630784776865,19.579835618727333,0.8979112463196014,1.1448927134555207,0.38940163851387843,
2024-03-05,value,NKE UN Equity,98.31,-0.0069168955345336874,0.019021462719967495,-0.09398840402807455,-0.03631370155630157,,35.6574,6.569,148951.6505,10.9392,3.0741,3.2494,31.8492,4.1375,44.7502,31.1088,-5.3824,27.2327,2.906,3.777682472868426,6.601866793907455,0.8550513042713789,0.8943189511909891,0.813752882111823,26.0159
2024-03-05,value,NVDA UW Equity,85.964,0.03182727653436327,0.06920338746452001,-0.0006863338141547333,0.35448559862267925,,47.5251,43.9432,2149100.0,0.0,24.4391,25.5495,84.1657,1.2735,75.9671,14.5722,983.1344,71.2789,34.8334,18.98388985269811,300.00403475724613,0.8468877464335233,1.363369146167244,1.287359976781922,1.2735
2024-03-05,value,PEP UW Equity,162.04,0.005924463095532017,0.015428289311281165,0.04696371266353995,0.07313009133547269,,45.3255,5.0876,222725.4563,7.3517,2.9844,2.6907,23.7262,3.549,54.8055,37.6919,3.3473,21.2388,2.4418,3.1634112614811944,7.306082180092253,0.8951623100201466,0.9074961905823764,0.9434119541581905,18.2524
2024-03-05,value,TXN UW Equity,170.64,0.007208157524613328,0.02437880918893592,-0.012365213314580318,0.1327941865916551,,36.8049,10.2421,155160.8485,9.7769,12.3183,9.837,29.9092,0.8708,59.6001,36.3636,-17.8647,24.4192,8.8417,8.573286171832434,-26.398930535808358,0.8164444385005283,0.8988207786926908,1.4368236115192123,20.424599999999998
2024-03-06,value,NKE UN Equity,97.63,0.0057359418211615516,0.03820546963023665,-0.09003380108573177,-0.033903513264365484,,35.6574,6.569,147921.3675,10.9392,3.0741,3.2494,31.8492,4.1663,44.7502,31.1088,-5.3824,27.0443,2.8859,3.777682472868426,6.601866793907455,0.8491359280609874,0.8881331938203976,0.813752882111823,26.0447
2024-03-06,value,NVDA UW Equity,88.7,0.044746335963923266,0.024667418263810623,-0.007801578354002337,0.3803833145434047,,47.5251,43.9432,2217500.0,0.0,24.4391,25.5495,84.1657,1.2342,75.9671,14.5722,983.1344,73.5475,35.9421,18.98388985269811,300.00403475724613,0.8738417193702422,1.4067633417483711,1.287359976781922,1.2342
2024-03-06,value,TXN UW Equity,171.87,0.01978239366963406,0.004712864374236354,-0.025426194216559055,0.1408622796299529,,36.8049,10.2421,156279.2724,9.7769,12.3183,9.837,29.9092,0.8645,59.6001,36.3636,-17.8647,24.5952,8.9055,8.573286171832434,-26.398930535808358,0.8223289155176333,0.9053064958828911,1.4368236115192123,20.4183
2024-03-07,value,NKE UN Equity,98.19,0.009878806395763304,0.0210815765352888,-0.0834097158570119,-0.025155311131479775,,35.6574,6.569,148769.8359,10.9392,3.0741,3.2494,31.8492,4.1425,44.7502,31.1088,-5.3824,27.1994,2.9025,3.777682472868426,6.601866793907455,0.8540057521068033,0.8932418292607865,0.813752882111823,26.020899999999997
2024-03-07,value,TXN UW Equity,175.27,-0.016945284418326004,-0.023563644662520818,-0.0331488560506647,0.11964397786272607,,36.8049,10.2421,159370.8504,9.7769,12.3183,9.837,29.9092,0.8478,59.6001,36.3636,-17.8647,25.0818,9.0816,8.573286171832434,-26.398930535808358,0.8385981570887888,0.9232082952119549,1.4368236115192123,20.4016
2024-03-08,value,NKE UN Equity,99.16,0.01936264622831789,0.004840661557079508,-0.08229124647035092,-0.0263210972166196,,35.6574,6.569,150239.5043,10.9392,3.0741,3.2494,31.8492,4.102,44.7502,31.1088,-5.3824,27.4681,2.9312,3.777682472868426,6.601866793907455,0.8624423847380782,0.902074229088447,0.813752882111823,25.9804
2024-03-08,value,NVDA UW Equity,87.528,-0.020039301709167408,0.00352458641806045,-0.02483776620053019,0.3811351795996709,,47.5251,43.9432,2188200.0,0.0,24.4391,25.5495,84.1657,1.2507,75.9671,14.5722,983.1344,72.5757,35.4672,18.98388985269811,300.00403475724613,0.862295448145741,1.3881758938531088,1.287359976781922,1.2507
2024-03-08,value,TXN UW Equity,172.3,0.010969239698200732,0.0012768427161926805,0.00673244341265233,0.13528728961114336,,36.8049,10.2421,156670.2661,9.7769,12.3183,9.837,29.9092,0.8624,59.6001,36.3636,-17.8647,24.6567,8.9278,8.573286171832434,-26.398930535808358,0.8243851390207696,0.9075734471891836,1.4368236115192123,20.4162
2024-03-11,value,NKE UN Equity,101.08,-0.008903838543727656,-0.02314998021369216,-0.11950929956470122,-0.05025722200237434,,35.6574,6.569,153148.5386,10.9392,3.0741,3.2494,31.8492,4.0241,44.7502,31.1088,-5.3824,28.0,2.9879,3.777682472868426,6.56370430553775,0.879142961204677,0.9195236043577275,0.813752882111823,25.9025
2024-03-11,value,NVDA UW Equity,85.774,0.07157180497586677,0.03125655793130783,0.014748058852332881,0.4198941404155106,,47.5251,43.9432,2144350.0,0.0,24.4391,25.5495,84.1657,1.2763,75.9671,14.5722,983.1344,71.1213,34.7564,18.98388985269811,300.00403475724613,0.8450152496800953,1.360355388559463,1.287359976781922,1.2763
2024-03-11,value,TXN UW Equity,174.19,0.0035019231873242647,-0.028589471267007234,-0.030254319995407373,0.13450829553935362,,36.8049,10.2421,158388.8198,9.7769,12.3183,9.837,29.9092,0.853,59.6001,36.3636,-17.8647,24.9272,9.0257,8.573286171832434,-26.398930535808358,0.833429178981718,0.9175256683948358,1.4368236115192123,20.4068
2024-03-12,value,NKE UN Equity,100.18,0.011778798163305975,-0.0021960471151927837,-0.08165302455579962,-0.043022559393092456,,35.6574,6.569,151784.9288,10.9392,3.0741,3.2494,31.8492,4.0603,44.7502,31.1088,-5.3824,27.7507,2.9613,3.777682472868426,6.577302433577529,0.8713154490536653,0.9113374776881886,0.813752882111823,25.938699999999997
2024-03-12,value,TXN UW Equity,174.8,-0.01212814645308927,-0.04599542334096121,-0.020594965675057336,0.12951945080091526,,36.8049,10.2421,158943.4852,9.7769,12.3183,9.837,29.9092,0.8501,59.6001,36.3636,-17.8647,25.0145,9.0573,8.573286171832434,-26.398930535808358,0.8363480133203163,0.9207380298871607,1.4368236115192123,20.4039
2024-03-13,value,NKE UN Equity,101.36,-0.010852407261246984,-0.010753749013417555,-0.09234411996842935,-0.07576953433307017,,35.6574,6.569,153572.7728,10.9392,3.0741,3.2494,31.8492,4.013,44.7502,31.1088,-5.3824,28.0776,2.9962,3.777682472868426,6.571386595833986,0.88157944312573,0.922077922077922,0.813752882111823,25.891399999999997
2024-03-13,value,NVDA UW Equity,90.888,-0.03239151483144092,-0.005677317137575976,-0.029728897104128137,0.37751958454361406,,47.5251,43.9432,2272200.0,0.0,24.4391,25.5495,84.1657,1.2045,75.9671,14.5722,983.1344,75.3617,36.8287,18.98388985269811,300.00403475724613,0.8953968184189046,1.4414646079179632,1.287359976781922,1.2045
2024-03-13,value,TXN UW Equity,172.68,-0.008918230252490273,-0.015635858234885436,-0.036773222145008076,0.1523048413249941,,36.8049,10.2421,157015.7954,9.7769,12.3183,9.837,29.9092,0.8605,59.6001,36.3636,-17.8647,24.7111,8.9474,8.573286171832434,-26.48113426647105,0.8262039773715111,0.9095659245704991,1.4368236115192123,20.414299999999997
2024-03-14,value,NKE UN Equity,100.26,-0.006183921803311436,0.005585477757829523,-0.07141432276082196,-0.06064232994215039,,35.6574,6.569,151906.1385,10.9392,3.0741,3.2494,31.8492,4.057,44.7502,31.1088,-5.3824,27.7729,2.9637,3.777682472868426,6.537598744994082,0.8720124838300491,0.9120760755831845,0.813752882111823,25.9354
2024-03-14,value,NVDA UW Equity,87.944,-0.001222368780132831,0.03969571545528972,-0.022093605021377215,0.47377876830710464,,47.5251,43.9432,2198600.0,0.0,24.4391,25.5495,84.1657,1.2448,75.9671,14.5722,983.1344,72.9206,35.6357,18.98388985269811,300.00403475724613,0.8663933169925515,1.3947709348519541,1.287359976781922,1.2448
2024-03-14,value,TXN UW Equity,171.14,0.008063573682365455,0.008472595535818729,-0.027988781114876665,0.14689727708308997,,36.8049,10.2421,155615.4924,9.7769,12.3183,9.837,29.9092,0.8682,59.6001,36.3636,-17.8647,24.4907,8.8676,8.573286171832434,-26.48113426647105,0.8188350072887273,0.9014536952322862,1.4368236115192123,20.422
2024-03-15,value,ADBE UW Equity,492.46,0.043455306014701774,0.01433618974129879,-0.032977297648539884,0.06670592535434343,,33.8783,17.5102,222591.92,,12.8359,12.2048,43.9871,2.8897,88.6144,8.751,-42.8121,38.9098,11.2504,14.080237870217664,11.25253187841319,0.8845729770773704,0.9218012585212376,0.9116252238288054,
2024-03-15,value,NKE UN Equity,99.64,-0.009032517061421172,-0.058008831794460064,-0.06272581292653552,-0.06272581292653552,,35.6574,6.569,150966.7629,10.9392,3.0741,3.2494,31.8492,4.0823,44.7502,31.1088,-5.3824,27.6011,2.9454,3.777682472868426,6.523633099980248,0.8666183138038004,0.90644426663384,0.813752882111823,25.9607
2024-03-15,value,NVDA UW Equity,87.8365,0.007041491862722187,0.07346034962686356,-0.004798688472332056,0.5014259447951591,,47.5251,43.9432,2195912.5,0.0,24.4391,25.5495,84.1657,1.2463,75.9671,14.5722,983.1344,72.8315,35.5922,18.98388985269811,300.00403475724613,0.8653346909726884,1.393068357502104,1.287359976781922,1.2463
2024-03-15,value,TXN UW Equity,172.52,-0.019186181312311628,-0.00023185717597971517,-0.028576396939485316,0.12392766056109433,,36.8049,10.2421,156870.3093,9.7769,12.3183,9.837,29.9092,0.8613,59.6001,36.3636,-17.8647,24.6882,8.9392,8.573286171832434,-26.48113426647105,0.8254383266687173,0.9087323370946426,1.4368236115192123,20.4151
2024-03-18,value,NKE UN Equity,98.74,0.012355681588008902,-0.050536763216528204,-0.03949767065019234,-0.03787725339274858,,35.6574,6.569,149603.153,10.9392,3.0741,3.2494,31.8492,4.1195,44.7502,31.1088,-5.3824,27.3518,2.9187,3.777682472868426,6.272251489731379,0.8587908016527888,0.8982273650520095,0.813752882111823,25.9979
2024-03-18,value,NVDA UW Equity,88.455,0.01066078797128481,0.07401503589395735,-0.04996891074557687,0.48075292521621155,,47.5251,43.9432,2211375.0,0.0,24.4391,25.5495,84.1657,1.2376,75.9671,14.5722,983.1344,73.3443,35.8428,18.98388985269811,300.00403475724613,0.8714274342160762,1.4028767686256092,1.287359976781922,1.2376
2024-03-18,value,TXN UW Equity,169.21,-0.014479049701554381,0.009692098575734213,-0.02074345487855339,0.15182317829915487,,36.8049,10.2421,153860.5671,9.7769,12.3183,9.837,29.9092,0.8781,59.6001,36.3636,-17.8647,24.2146,8.7676,8.573286171832434,-26.48113426647105,0.8096037339681437,0.8912879943072075,1.4368236115192123,20.4319
2024-03-19,value,NKE UN Equity,99.96,0.0031012404961985023,-0.07382953181272504,-0.04221688675470187,-0.051820728291316454,,35.6574,6.569,151451.6019,10.9392,3.0741,3.2494,31.8492,4.0692,44.7502,31.1088,-5.3824,27.6898,2.9548,3.777682472868426,6.339827191411189,0.8694033131130453,0.9093371083892411,0.813752882111823,25.9476
2024-03-19,value,NVDA UW Equity,89.398,0.010895098324347343,0.035381104722700854,-0.05287590326405501,0.5165887380030876,,47.5251,43.9432,2234950.0,0.0,24.4391,25.5495,84.1657,1.2245,75.9671,14.5722,983.1344,74.1262,36.2249,18.98388985269811,300.00403475724613,0.8807174419032932,1.4178320515078573,1.287359976781922,1.2245
2024-03-19,value,TXN UW Equity,166.76,0.019309186855360993,0.006896138162628962,-0.018529623410889925,0.17684096905732796,,36.8049,10.2421,151632.8123,9.7769,12.3183,9.837,29.9092,0.891,59.6001,36.3636,-17.8647,23.864,8.6407,8.573286171832434,-26.48113426647105,0.7978815882738423,0.8783877198332826,1.4368236115192123,20.4448
2024-03-20,value,NKE UN Equity,100.27,0.005485189987034978,-0.06123466640071807,-0.05724543731923801,-0.04687344170739008,,35.6574,6.569,151921.2898,10.9392,3.0741,3.2494,31.8492,4.0566,44.7502,31.1088,-5.3824,27.7756,2.964,3.777682472868426,6.340277696089039,0.8720972583298796,0.9121684003200591,0.813752882111823,25.935
2024-03-20,value,NVDA UW Equity,90.372,0.011762492807506776,-0.0013499756561766907,-0.15681848360111536,0.4471296419244899,,47.5251,43.9432,2259300.0,0.0,24.4391,25.5495,84.1657,1.2113,75.9671,14.5722,983.1344,74.9338,36.6196,18.98388985269811,300.00403475724613,0.8903127996321543,1.4332804947259241,1.287359976781922,1.2113
2024-03-20,value,TXN UW Equity,169.98,0.01535474761736683,0.01700200023532189,-0.06059536416048937,0.13401576656077188,,36.8049,10.2421,154560.7187,9.7769,12.3183,9.837,29.9092,0.8742,59.6001,36.3636,-17.8647,24.3247,8.8075,8.573286171832434,-26.48113426647105,0.8132848755566849,0.8953441089763139,1.4368236115192123,20.427999999999997
2024-03-21,value,NKE UN Equity,100.82,-0.06903392184090452,-0.06784368180916475,-0.06576076175362028,-0.03610394762943847,,35.6574,6.569,152754.6069,10.9392,3.0741,3.2494,31.8492,4.0345,44.7502,31.1088,-5.3824,27.928,2.9802,3.777682472868426,7.382925722540677,0.8768823078758651,0.917153936111282,0.813752882111823,25.9129
2024-03-21,value,TXN UW Equity,172.59,-0.0006373486297005252,0.009386407091952051,-0.05307375861869167,0.1329161596848021,,36.8049,10.2421,156933.9595,9.7769,12.3183,9.837,29.9092,0.8609,59.6001,36.3636,-17.8647,24.6982,8.9428,8.573286171832434,-26.48113426647105,0.8257726719537801,0.9090983023279455,1.4368236115192123,20.4147
2024-03-22,value,ADBE UW Equity,499.52,0.015434817424727812,0.0051449391415759,-0.05329115951313262,0.049347373478539354,,33.8783,17.5102,225783.04,,12.8359,12.2048,43.9871,2.8488,88.6144,8.751,-42.8121,39.4676,11.4117,14.080237870217664,11.378976936048131,0.8972539676405128,0.9350173702149973,0.9116252238288054,
2024-03-22,value,NKE UN Equity,93.86,-0.001171958235670141,-0.013850415512465344,0.0017046665246110866,0.035265288727892634,,35.6574,6.569,142209.3573,10.9392,3.0741,3.2494,31.8492,4.3336,44.7502,31.1088,-5.3824,26.0,2.7745,3.777682472868426,9.319825534555086,0.816347035404343,0.8538499415276667,0.813752882111823,26.212
2024-03-22,value,TXN UW Equity,172.48,-0.009450371057513889,0.004000463821892381,-0.0406423933209647,0.1242462894248609,,36.8049,10.2421,156833.9378,9.7769,12.3183,9.837,29.9092,0.8615,59.6001,36.3636,-17.8647,24.6825,8.9371,8.573286171832434,-26.48113426647105,0.8252477498562316,0.908518857375216,1.4368236115192123,20.4153
2024-03-25,value,NKE UN Equity,93.75,-0.012480000000000019,-0.029866666666666635,0.00949333333333334,0.010666666666666666,,35.6574,6.569,142042.6939,10.9392,3.0741,3.2494,31.8492,4.3387,44.7502,31.1088,-5.3824,25.9695,2.7712,3.777682472868426,9.40761387944846,0.8153893975358879,0.852834369422047,0.813752882111823,26.2171
2024-03-25,value,TXN UW Equity,170.85,-0.017208077260755034,-0.002868012876792395,0.02317822651448644,0.13824992683640625,,36.8049,10.2421,155351.7989,9.7769,12.3183,9.837,29.9092,0.8697,59.6001,36.3636,-17.8647,24.4492,8.8526,8.573286171832434,-26.48113426647105,0.8174474743557167,0.8999288400935246,1.4368236115192123,20.4235
2024-03-26,value,NKE UN Equity,92.58,0.016742276949665125,-0.024303305249513935,0.014689997839706195,0.01598617411968032,,35.6574,6.569,140270.0011,10.9392,3.0741,3.2494,31.8492,4.3936,44.7502,31.1088,-5.3824,25.6454,2.7367,3.777682472868426,9.532232054387508,0.8052133177599436,0.8422170246814796,0.813752882111823,26.272
2024-03-26,value,TXN UW Equity,167.91,0.029539634327913813,0.014472038592102953,0.043713894348162724,0.15002084450002975,,36.8049,10.2421,152678.4932,9.7769,12.3183,9.837,29.9092,0.8849,59.6001,36.3636,-17.8647,24.0285,8.7003,8.573286171832434,-26.48113426647105,0.8033815682131251,0.8844464775846296,1.4368236115192123,20.438699999999997
2024-03-27,value,NKE UN Equity,94.13,-0.0015935408477636406,-0.05375544459789655,-0.00010623605651748545,0.0006374163391055166,,35.6574,6.569,142618.4403,10.9392,3.0741,3.2494,31.8492,4.3212,44.7502,31.1088,-5.3824,26.0748,2.7825,3.777682472868426,9.469349705674444,0.8186956030292755,0.8563119345109866,0.813752882111823,26.1996
2024-03-27,value,NVDA UW Equity,90.25,0.0011745152354570032,-0.048144044321329627,-0.02786703601108034,0.37385041551246534,,47.5251,43.9432,2256250.0,0.0,24.4391,25.5495,84.1657,1.213,75.9671,14.5722,983.1344,74.8327,36.5701,18.98388985269811,300.00403475724613,0.8891115977173599,1.431343079120922,1.287359976781922,1.213
2024-03-27,value,TXN UW Equity,172.87,0.00775148955862789,-0.02510557066003357,0.026667437959159976,0.11893330248163361,,36.8049,10.2421,157188.56,9.7769,12.3183,9.837,29.9092,0.8595,59.6001,36.3636,-17.8647,24.7383,8.9573,8.573286171832434,-26.48113426647105,0.8271133965468819,0.910572328962082,1.4368236115192123,20.4133
2024-03-28,value,NKE UN Equity,93.98,-0.015109597786763159,-0.054692487763353906,0.0008512449457331165,-0.19802085550117043,,35.6574,6.569,142391.172,10.9392,3.0741,3.2494,31.8492,4.3281,44.7502,31.1088,-5.3824,26.0332,2.778,3.777682472868426,9.469349705674444,0.8173894477726286,0.8549270634578692,0.813752882111823,26.2065
2024-03-28,value,NVDA UW Equity,90.356,7.747133560588121e-05,-0.025986099428925574,-0.028764000177077226,0.36725840010624655,,47.5251,43.9432,2258900.0,0.0,24.4391,25.5495,84.1657,1.2116,75.9671,14.5722,983.1344,74.9206,36.6131,18.98388985269811,300.00403475724613,0.89015596614773,1.4330260866161766,1.287359976781922,1.2116
2024-03-28,value,PDD UW Equity,116.25,0.0250322580645161,0.01393548387096778,0.09092473118279563,0.14365591397849453,,43.7274,6.7404,154448.2503,,2.7299,4.3574,17.9803,9.9119,60.0328,1.7613,45.8479,15.3887,3.875,8.647110218093786,67.30758330849228,0.855864473896431,0.8892917795015376,0.31570084469234316,
2024-04-01,value,ABNB UW Equity,163.37,-0.019954704046030426,-0.01897533206831116,-0.029381159331578695,-0.07186141886515278,,62.8513,4.4656,105710.955,,6.5052,8.948,24.5218,4.0373,87.5402,9.945,1.9385,21.902,10.1701,16.705630784776865,19.68280889371612,0.8931644495917919,1.1365780062583817,0.38940163851387843,
2024-04-01,value,NKE UN Equity,92.56,-0.017394122731201375,-0.027657735522904087,-0.003241140881590289,-0.16994382022471913,,35.6574,6.569,140239.6986,10.9392,3.0741,3.2494,31.8492,4.3945,44.7502,31.1088,-5.3824,25.6399,2.7361,3.777682472868426,9.469349705674444,0.8050406289639929,0.8420323752077307,0.813752882111823,26.2729
2024-04-01,value,NVDA UW Equity,90.363,-0.010081559930502543,-0.03574471852417476,-0.043834312716487925,0.37556300698294653,,47.5251,43.9432,2259075.0,0.0,24.4391,25.5495,84.1657,1.2115,75.9671,14.5722,983.1344,74.9264,36.6159,18.98388985269811,300.00403475724613,0.89022487783028,1.4331356778019142,1.287359976781922,1.2115
2024-04-01,value,PDD UW Equity,119.16,-0.00772071164820411,-0.01292379993286331,0.05052030882846602,0.11597851628063104,,43.7274,6.7404,158314.4387,,2.7299,4.3574,17.9803,9.6642,60.0328,1.7613,45.8479,15.7831,3.9743,8.647110218093786,67.40073305595324,0.8777995917754431,0.9120805985220544,0.31570084469234316,
2024-04-02,value,ABNB UW Equity,160.11,-0.004809193679345514,0.015926550496533524,-0.024670539004434555,-0.036037724064705574,,62.8513,4.4656,103601.5242,,6.5052,8.948,24.5218,4.1195,87.5402,9.945,1.9385,21.4649,9.9671,16.705630784776865,19.528921054982888,0.8753394938381359,1.1138913723737147,0.38940163851387843,
2024-04-02,value,ADBE UW Equity,499.21,-0.0044069630015424145,-0.013341078904669314,-0.05973438032090702,0.137216802548026,,33.8783,17.5102,223646.08,,12.8359,12.2048,43.9871,2.8506,88.6144,8.751,-42.8121,39.4431,11.4046,14.080237870217664,11.498340941709111,0.8966969861618521,0.934435631882538,0.9116252238288054,
2024-04-02,value,NKE UN Equity,90.95,-0.006816932380428857,0.0005497526113248725,-0.006706981858163819,-0.16393622869708627,,35.6574,6.569,137800.3521,10.9392,3.0741,3.2494,31.8492,4.4723,44.7502,31.1088,-5.3824,25.1939,2.6885,3.777682472868426,9.469349705674444,0.7910371375105183,0.8273835169569767,0.813752882111823,26.3507
2024-04-02,value,NVDA UW Equity,89.452,-0.005455439788937078,-0.04581227921119706,-0.07166972230917142,0.37134999776416405,,47.5251,43.9432,2236300.0,0.0,24.4391,25.5495,84.1657,1.2238,75.9671,14.5722,983.1344,74.171,36.2468,18.98388985269811,300.00403475724613,0.8812497252443692,1.4186892111391614,1.287359976781922,1.2238
2024-04-02,value,PDD UW Equity,118.24,0.010825439783491214,0.024188092016238154,0.05285859269282815,0.13227334235453317,,43.7274,6.7404,157092.1386,,2.7299,4.3574,17.9803,9.7366,60.0328,1.7613,45.8479,15.6658,3.9447,8.647110218093786,67.40073305595324,0.8712757851648749,0.9052875567999266,0.31570084469234316,
2024-04-03,value,ABNB UW Equity,159.34,-0.0031379440190786997,0.005899334755867941,-0.006338646918538916,-0.041483619932220495,,62.8513,4.4656,103103.2844,,6.5052,8.948,24.5218,4.1394,87.5402,9.945,1.9385,21.3617,9.9192,16.705630784776865,19.650234341366723,0.8711309936464696,1.1085382208314707,0.38940163851387843,
2024-04-03,value,ADBE UW Equity,497.01,-0.019919116315567045,-0.019697792800949607,-0.0411259330798173,0.14716001690106836,,33.8783,17.5102,222660.48,,12.8359,12.2048,43.9871,2.8632,88.6144,8.751,-42.8121,39.2693,11.3543,14.080237870217664,11.498340941709111,0.8927458277540461,0.9303143025694809,0.9116252238288054,
2024-04-03,value,NKE UN Equity,90.33,-0.013948854201262096,-0.014723790545776579,0.023026679951289698,-0.16705413483892398,,35.6574,6.569,136860.9764,10.9392,3.0741,3.2494,31.8492,4.503,44.7502,31.1088,-5.3824,25.0222,2.6701,3.777682472868426,9.469349705674444,0.7856461072805597,0.8217209330953407,0.813752882111823,26.3814
2024-04-03,value,NVDA UW Equity,88.964,-0.03438469493278177,-0.021637965918798584,-0.0353738590890698,0.4419315678251878,,47.5251,43.9432,2224100.0,0.0,24.4391,25.5495,84.1657,1.2305,75.9671,14.5722,983.1344,73.7664,36.049,18.98388985269811,300.00403475724613,0.8764425413202765,1.4109473766609915,1.287359976781922,1.2305
2024-04-03,value,PDD UW Equity,119.52,-0.017151941097724208,0.0015060240963855993,0.15076974564926368,0.14909638554216875,,43.7274,6.7404,158792.7301,,2.7299,4.3574,17.9803,9.6322,60.0328,1.7613,45.8479,15.8356,3.9875,8.647110218093786,67.40073305595324,0.8807194540691757,0.915109927938679,0.31570084469234316,
2024-04-04,value,ABNB UW Equity,158.84,0.01844623520523802,0.04142533366910088,0.0054772097708386085,-0.039914379249559324,,62.8513,4.4656,102779.752,,6.5052,8.948,24.5218,4.1525,87.5402,9.945,1.9385,21.2947,9.8881,16.705630784776865,19.650234341366723,0.868398730925136,1.1050625838176127,0.38940163851387843,
2024-04-04,value,ADBE UW Equity,487.11,-0.004085319537681446,-0.0058097760259490485,-0.0019092196834390729,0.18728829217219933,,33.8783,17.5102,218225.28,,12.8359,12.2048,43.9871,2.9214,88.6144,8.751,-42.8121,38.4871,11.1282,14.080237870217664,11.498340941709111,0.874963341525129,0.9117888044048242,0.9116252238288054,
2024-04-04,value,CSCO UW Equity,48.11,0.009145707753065844,0.02951569320307632,-0.020577842444398295,-0.030347121180627747,,29.6128,4.4006,194806.3904,2.923,3.4619,3.6733,15.8066,6.896,64.2405,7.2865,-5.9538,14.0633,3.4199,3.84998174448288,-4.119113331516317,0.8897106272063569,0.9310157079465332,0.8991990689205187,12.742
2024-04-04,value,NKE UN Equity,89.07,-0.0025822386886717166,0.03289547546873254,0.03457954417873597,-0.1531379813629728,,35.6574,6.569,134438.5889,10.9392,3.0741,3.2494,31.8492,4.5667,44.7502,31.1088,-5.3824,24.6731,2.6329,3.777682472868426,9.240530275469675,0.7746850784321114,0.8102726657229026,0.813752882111823,26.4451
2024-04-04,value,NVDA UW Equity,85.905,0.02448053081892782,0.05483964844886792,0.033571969035562546,0.46475758104883297,,47.5251,43.9432,2147625.0,0.0,24.4391,25.5495,84.1657,1.2743,75.9671,14.5722,983.1344,71.2299,34.8095,18.98388985269811,300.00403475724613,0.8463055615292215,1.3624337071175563,1.287359976781922,1.2743
2024-04-04,value,PDD UW Equity,117.47,0.003405124712692651,0.031156891121137283,0.19332595556312257,0.15935983655401378,,43.7274,6.7404,156069.1265,,2.7299,4.3574,17.9803,9.8003,60.0328,1.7613,45.8479,15.564,3.9191,8.647110218093786,73.17565213010272,0.8656140331362658,0.899412493688897,0.31570084469234316,
2024-04-05,value,ABNB UW Equity,161.77,-0.009272423811584347,-0.014835878098534991,0.0014217716511095368,-0.06064165172776165,,62.8513,4.4656,104675.6515,,6.5052,8.948,24.5218,4.0772,87.5402,9.945,1.9385,21.6875,10.0705,16.705630784776865,19.650234341366723,0.8844171308794624,1.1254470272686632,0.38940163851387843,
2024-04-05,value,ADBE UW Equity,485.12,-0.0017315303430079812,-0.022736642480211143,0.017459597625329754,0.1860982849604221,,33.8783,17.5102,217333.76,,12.8359,12.2048,43.9871,2.9334,88.6144,8.751,-42.8121,38.3299,11.0827,14.080237870217664,11.498340941709111,0.8713895664865382,0.9080607629785002,0.9116252238288054,
2024-04-05,value,CSCO UW Equity,48.55,-0.006385169927909272,-0.0012358393408855855,-0.02966014418125639,-0.05128733264675582,,29.6128,4.4006,196588.0327,2.6858,3.4619,3.6733,15.8066,6.8335,64.2405,7.2865,-5.9538,14.1919,3.4511,3.84998174448288,-4.119113331516317,0.8978464691964116,0.9395094329349631,0.8991990689205187,12.2051
2024-04-05,value,NKE UN Equity,88.84,0.01305718144979735,0.035569563259792845,0.05087798289058978,-0.17773525438991453,,35.6574,6.569,134091.4364,10.9392,3.0741,3.2494,31.8492,4.5785,44.7502,31.1088,-5.3824,24.6094,2.6261,3.777682472868426,9.238149036458092,0.7726850281953708,0.8081799716870807,0.813752882111823,26.456899999999997
2024-04-05,value,NVDA UW Equity,88.008,-0.00994227797472957,0.0020225434051451175,0.046950277247523015,0.45668575584037807,,47.5251,43.9432,2200200.0,0.0,24.4391,25.5495,84.1657,1.2439,75.9671,14.5722,983.1344,72.9737,35.6617,18.98388985269811,300.00403475724613,0.8670242153276215,1.3957885672909454,1.287359976781922,1.2439
2024-04-05,value,PDD UW Equity,117.87,-0.002120980741494867,-0.02010689742937138,0.17621108000339342,0.1426147450581149,,43.7274,6.7404,156600.5614,,2.7299,4.3574,17.9803,9.767,60.0328,1.7613,45.8479,15.617,3.9325,8.647110218093786,73.17565213010272,0.8685617036423197,0.9024877220360765,0.31570084469234316,
2024-04-08,value,ABNB UW Equity,160.27,0.014912335433955114,-0.029138329069694987,-0.0028701566107194603,-0.048792662382230116,,62.8513,4.4656,103705.0545,,6.5052,8.948,24.5218,4.1154,87.5402,9.945,1.9385,21.4864,9.9771,16.705630784776865,19.631389559015847,0.8762162647113997,1.1150089405453731,0.38940163851387843,
2024-04-08,value,ADBE UW Equity,484.28,0.017076897662509374,-0.029280581481787294,0.016498719748905613,0.16878665234988027,,33.8783,17.5102,216957.44,,12.8359,12.2048,43.9871,2.9385,88.6144,8.751,-42.8121,38.2635,11.0635,14.080237870217664,11.498340941709111,0.8698800330096779,0.9064876114315679,0.9116252238288054,
2024-04-08,value,CSCO UW Equity,48.24,0.03669154228855713,0.0,-0.019900497512437828,-0.0505804311774462,,29.6128,4.4006,195332.7847,2.6858,3.4619,3.6733,15.8066,6.8775,64.2405,7.2865,-5.9538,14.1013,3.4291,3.84998174448288,-4.4840600955962,0.8921146862702922,0.933520267879019,0.8991990689205187,12.2491
2024-04-08,value,NKE UN Equity,90.0,0.011111111111111112,0.03444444444444438,0.04200000000000001,-0.19488888888888894,,35.6574,6.569,135842.2926,10.9392,3.0741,3.2494,31.8492,4.5195,44.7502,31.1088,-5.3824,24.9307,2.6604,3.777682472868426,9.238149036458092,0.7827731936751944,0.8187357666030652,0.813752882111823,26.3979
2024-04-08,value,NVDA UW Equity,87.133,-0.020417063569485687,-0.012991633479852533,0.039261818140084774,0.507809899808339,,47.5251,43.9432,2178325.0,0.0,24.4391,25.5495,84.1657,1.2564,75.9671,14.5722,983.1344,72.2482,35.3071,18.98388985269811,300.00403475724613,0.8584043143465806,1.3819096264114759,1.287359976781922,1.2564
2024-04-08,value,PDD UW Equity,117.62,0.029586804965141895,-0.02831151164767895,0.17029416765856148,0.17088930454004417,,43.7274,6.7404,156268.4146,,2.7299,4.3574,17.9803,9.7908,60.0328,1.7613,45.8479,15.5791,3.9229,8.647110218093786,73.17565213010272,0.866453841148368,0.9002845733694405,0.31570084469234316,
2024-04-09,value,ABNB UW Equity,162.66,-0.014631747202754184,-0.03688675765400221,-0.029263494405508367,-0.06651911963605062,,62.8513,4.4656,105251.5391,,6.5052,8.948,24.5218,4.0549,87.5402,9.945,1.9385,21.8068,10.1259,16.705630784776865,19.6184337711496,0.889282189725061,1.1316383549396511,0.38940163851387843,
2024-04-09,value,ADBE UW Equity,492.55,-0.010821236422698171,-0.03315399451832298,-0.009034615775048195,0.1461780529895441,,33.8783,17.5102,220662.4,,12.8359,12.2048,43.9871,2.8892,88.6144,8.751,-42.8121,38.9169,11.2524,14.080237870217664,11.498340941709111,0.8847343880364925,0.9219651284740429,0.9116252238288054,
2024-04-09,value,NKE UN Equity,91.0,-0.02197802197802198,0.02626373626373627,0.0284615384615385,-0.2028571428571428,,35.6574,6.569,137351.6514,10.9392,3.0741,3.2494,31.8492,4.4698,44.7502,31.1088,-5.3824,25.2078,2.69,3.777682472868426,9.429221418627554,0.7914735691948306,0.8278451406413492,0.813752882111823,26.3482
2024-04-09,value,NVDA UW Equity,85.354,0.0197413126508424,0.02414649577055565,0.05925908569018449,0.5805937624481571,,47.5251,43.9432,2133850.0,0.0,24.4391,25.5495,84.1657,1.2826,75.9671,14.5722,983.1344,70.7731,34.5862,18.98388985269811,300.00403475724613,0.8408781724621788,1.3536938100549913,1.287359976781922,1.2826
2024-04-09,value,PDD UW Equity,121.1,-0.011560693641618427,-0.0625928984310487,0.14913294797687865,0.14013212221304708,,43.7274,6.7404,160891.8977,,2.7299,4.3574,17.9803,9.5076,60.0328,1.7613,45.8479,16.0432,4.0398,8.647110218093786,73.17565213010272,0.892265423824964,0.9271124982787899,0.31570084469234316,
2024-04-10,value,AAPL UW Equity,167.78,0.04327095005364162,0.0013112409107164076,0.10007152223149357,0.35635951841697455,,155.8335,8.3578,2590838.7942,5.3948,6.7406,7.3345,29.046,3.9065,46.5781,27.2164,-1.4761,26.0933,6.8346,5.676405301186276,6.129427038418644,0.8983440060593542,0.9318426613947781,1.187476870016897,14.6961
2024-04-10,value,ABNB UW Equity,160.28,0.032068879460943264,-0.011916645869727955,-0.08254304966308953,-0.0890940853506364,,62.8513,4.4656,103711.5251,,6.5052,8.948,24.5218,4.1151,87.5402,9.945,1.9385,21.4877,9.9777,16.705630784776865,19.62400444160806,0.8762692787642017,1.1150759946356728,0.38940163851387843,
2024-04-10,value,ADBE UW Equity,487.22,-0.006034235047822451,-0.026209925700915477,-0.009379746315832785,0.1445137720126431,,33.8783,17.5102,218274.56,,12.8359,12.2048,43.9871,2.9208,88.6144,8.751,-42.8121,38.4958,11.1307,14.080237870217664,11.498340941709111,0.8751611267848984,0.9119936418458311,0.9116252238288054,
2024-04-10,value,NKE UN Equity,89.0,0.033707865168539325,0.06561797752808993,0.04932584269662922,-0.1753932584269663,,35.6574,6.569,134332.9338,10.9392,3.0741,3.2494,31.8492,4.5703,44.7502,31.1088,-5.3824,24.6537,2.6308,3.777682472868426,9.217467534672386,0.7740759579518481,0.8096263925647811,0.813752882111823,26.4487
2024-04-10,value,NVDA UW Equity,87.039,0.04109651995082662,-0.03451326416893582,0.019623387217224442,0.46371166948149684,,47.5251,43.9432,2175975.0,0.0,24.4391,25.5495,84.1657,1.2577,75.9671,14.5722,983.1344,72.1702,35.269,18.98388985269811,300.00403475724613,0.8574775710295286,1.380418403491262,1.287359976781922,1.2577
2024-04-10,value,PDD UW Equity,119.7,0.011946532999164516,-0.05238095238095235,0.13934837092731822,0.1632414369256475,,43.7274,6.7404,159031.8758,,2.7299,4.3574,17.9803,9.616,60.0328,1.7613,45.8479,15.8623,3.9942,8.647110218093786,73.17565213010272,0.8822044126071311,0.9166475421122688,0.31570084469234316,
2024-04-11,value,ADBE UW Equity,484.28,-0.02104154621293466,-0.022920624432146625,-0.004109193028826201,0.15439415214338809,,33.8783,17.5102,216957.44,,12.8359,12.2048,43.9871,2.9385,88.6144,8.751,-42.8121,38.2635,11.0635,14.080237870217664,11.498340941709111,0.8698800330096779,0.9064876114315679,0.9116252238288054,
2024-04-11,value,NKE UN Equity,92.0,0.0,0.040652173913043425,-0.011521739130434807,-0.20195652173913042,,35.6574,6.569,138861.0102,10.9392,3.0741,3.2494,31.8492,4.4213,44.7502,31.1088,-5.3824,25.4848,2.7195,3.777682472868426,9.217467534672386,0.8001708049181769,0.8369237397673417,0.813752882111823,26.299699999999998
2024-04-11,value,NVDA UW Equity,90.616,-0.02681645625496593,-0.0656065154056678,-0.008144257084841525,0.42623819193078494,,47.5251,43.9432,2265400.0,0.0,24.4391,25.5495,84.1657,1.2081,75.9671,14.5722,983.1344,75.1362,36.7184,18.98388985269811,300.00403475724613,0.8927175797266582,1.4371474979940901,1.287359976781922,1.2081
2024-04-11,value,PDD UW Equity,121.13,-0.04647898951539665,-0.06133905721126057,0.12498968050854467,0.17576157846941295,,43.7274,6.7404,160931.7553,,2.7299,4.3574,17.9803,9.4985,60.0328,1.7613,45.8479,16.0585,4.0436,8.647110218093786,73.17565213010272,0.8931163551219946,0.9279845779593334,0.31570084469234316,
2024-04-12,value,ABNB UW Equity,159.37,-0.02365564409863845,-0.027357721026542093,-0.064252996172429,-0.07623768588818476,,62.8513,4.4656,103122.6963,,6.5052,8.948,24.5218,4.1386,87.5402,9.945,1.9385,21.3657,9.9211,16.705630784776865,19.62400444160806,0.8712941138089374,1.1087505587840858,0.38940163851387843,
2024-04-12,value,ADBE UW Equity,474.09,-0.00841612352085037,-0.01913138855491572,0.019025923347887615,0.19325444535847638,,33.8783,17.5102,212392.32,,12.8359,12.2048,43.9871,3.0017,88.6144,8.751,-42.8121,37.4584,10.8307,14.080237870217664,11.374197225965696,0.8515769396027472,0.8874131489250131,0.9116252238288054,
2024-04-12,value,CSCO UW Equity,48.49,-0.005155702206640544,-0.003505877500515605,0.003918333677046767,-0.022478861620952844,,29.6128,4.4006,196345.0815,2.6858,3.4619,3.6733,15.8066,6.842,64.2405,7.2865,-5.9538,14.1744,3.4469,3.84998174448288,-4.4069385463972335,0.8967393367327573,0.9383660468788283,0.8991990689205187,12.2136
2024-04-12,value,NKE UN Equity,92.0,0.011956521739130373,0.027500000000000014,0.007826086956521728,-0.22489130434782606,,35.6574,6.569,138861.0102,10.9392,3.0741,3.2494,31.8492,4.4213,44.7502,31.1088,-5.3824,25.4848,2.7195,3.777682472868426,9.217467534672386,0.8001708049181769,0.8369237397673417,0.813752882111823,26.299699999999998
2024-04-12,value,NVDA UW Equity,88.186,-0.024777175515387953,-0.13591726577914864,0.02509468623137452,0.4564670129045425,,47.5251,43.9432,2204650.0,0.0,24.4391,25.5495,84.1657,1.2414,75.9671,14.5722,983.1344,73.1213,35.7338,18.98388985269811,300.00403475724613,0.8687778988352738,1.3986105403236855,1.287359976781922,1.2414
2024-04-12,value,PDD UW Equity,115.5,-0.010476190476190422,-0.017402597402597447,0.21662337662337672,0.1947186147186148,,43.7274,6.7404,153451.8099,,2.7299,4.3574,17.9803,9.9615,60.0328,1.7613,45.8479,15.3121,3.8557,8.647110218093786,73.17565213010272,0.8516042557688136,0.884862532702988,0.31570084469234316,
2024-04-15,value,ABNB UW Equity,155.6,0.006812339331619552,0.0064910025706942116,-0.057197943444730115,-0.027892030848329072,,62.8513,4.4656,100683.2625,,6.5052,8.948,24.5218,4.2389,87.5402,9.945,1.9385,20.8603,9.6864,16.705630784776865,19.55066258597218,0.8506838812811457,1.0825212337952617,0.38940163851387843,
2024-04-15,value,ADBE UW Equity,470.1,0.013018506700701987,-0.006828334396936899,0.012444160816847407,0.20514784088491797,,33.8783,17.5102,210604.8,,12.8359,12.2048,43.9871,3.0271,88.6144,8.751,-42.8121,37.1431,10.7396,14.080237870217664,11.374197225965696,0.8444089289814514,0.8799488725747246,0.9116252238288054,
2024-04-15,value,CSCO UW Equity,48.24,-0.006633499170812609,-0.002072968490878968,0.01471807628524048,-0.016998341625207303,,29.6128,4.4006,195332.7847,2.6858,3.4619,3.6733,15.8066,6.8775,64.2405,7.2865,-5.9538,14.1013,3.4291,3.84998174448288,-4.353325455507056,0.8921146862702922,0.933520267879019,0.8991990689205187,12.2491
2024-04-15,value,NKE UN Equity,93.1,0.0031149301825994227,0.011707841031149338,-0.003329752953812976,-0.21793770139634794,,35.6574,6.569,140521.3049,10.9392,3.0741,3.2494,31.8492,4.369,44.7502,31.1088,-5.3824,25.7895,2.752,3.777682472868426,9.125040183408323,0.8097377642138578,0.846925586262079,0.813752882111823,26.2474
2024-04-15,value,NVDA UW Equity,86.001,0.016441669282915333,-0.07538284438553045,0.06226671782886233,0.46928524086929213,,47.5251,43.9432,2150025.0,0.0,24.4391,25.5495,84.1657,1.2729,75.9671,14.5722,983.1344,71.3095,34.8484,18.98388985269811,300.00403475724613,0.8472513149655976,1.3639562418051234,1.287359976781922,1.2729
2024-04-15,value,PDD UW Equity,114.29,-0.006737247353224343,0.08618426808994657,0.21349199405022304,0.18855542917140602,,43.7274,6.7404,151844.2195,,2.7299,4.3574,17.9803,10.0659,60.0328,1.7613,45.8479,15.1534,3.8157,8.647110218093786,73.17565213010272,0.8427779291780448,0.8756827465920044,0.31570084469234316,
2024-04-16,value,ABNB UW Equity,156.66,0.010915358100344746,0.02738414400612787,-0.06932209881271534,-0.05527894804034212,,62.8513,4.4656,101369.151,,6.5052,8.948,24.5218,4.2102,87.5402,9.945,1.9385,21.0024,9.7524,16.705630784776865,18.24276465953489,0.8564787250528102,1.0898971837282074,0.38940163851387843,
2024-04-16,value,ADBE UW Equity,476.22,-0.003716769560287343,-0.006971567762798811,0.01917181134769643,0.1824156902272059,,33.8783,17.5102,213346.56,,12.8359,12.2048,43.9871,2.9882,88.6144,8.751,-42.8121,37.6267,10.8794,14.080237870217664,11.374197225965696,0.8554030613520782,0.8914033822758259,0.9116252238288054,
2024-04-16,value,CSCO UW Equity,47.92,-0.0027128547579299365,0.008347245409014995,0.036519198664440734,0.012520868113522567,,29.6128,4.4006,194037.0449,2.6858,3.4619,3.6733,15.8066,6.9234,64.2405,7.2865,-5.9538,14.0077,3.4064,3.84998174448288,-4.353325455507056,0.8861931092075462,0.9273405384803856,0.8991990689205187,12.295
2024-04-16,value,NKE UN Equity,93.39,0.015526287611093295,0.006745904272405991,-0.018417389442124413,-0.21758218224649328,,35.6574,6.569,140959.019,10.9392,3.0741,3.2494,31.8492,4.3555,44.7502,31.1088,-5.3824,25.8698,2.7606,3.777682472868426,9.836554400066676,0.8122590206347413,0.8495722287191482,0.813752882111823,26.2339
2024-04-16,value,NVDA UW Equity,87.415,-0.03866613281473442,-0.0571069038494538,0.08253732196991351,0.3497683463936394,,47.5251,43.9432,2185375.0,0.0,24.4391,25.5495,84.1657,1.2523,75.9671,14.5722,983.1344,72.482,35.4214,18.98388985269811,300.00403475724613,0.861182168032821,1.386383295172117,1.287359976781922,1.2523
2024-04-16,value,PDD UW Equity,113.52,-0.0007928118393233721,0.12773079633544762,0.2447145877378437,0.16120507399577166,,43.7274,6.7404,150821.2075,,2.7299,4.3574,17.9803,10.1339,60.0328,1.7613,45.8479,15.0517,3.7901,8.647110218093786,73.17565213010272,0.8371217387919001,0.8698076834809748,0.31570084469234316,
2024-04-17,value,AAPL UW Equity,168.0,-0.005714285714285762,0.006071428571428632,0.13000000000000003,0.3344047619047619,,155.8335,8.3578,2594236.008,5.3948,6.7406,7.3345,29.046,3.9014,46.5781,27.2164,-1.4761,26.1275,6.8436,5.676405301186276,5.9430852990999705,0.899521448736487,0.9330697389051742,1.187476870016897,14.691
2024-04-17,value,ABNB UW Equity,158.37,0.010923786070594113,0.02822504262170865,-0.07059417819031387,-0.07255161962492902,,62.8513,4.4656,102475.6316,,6.5052,8.948,24.5218,4.1648,87.5402,9.945,1.9385,21.2317,9.8588,16.705630784776865,18.243942458431817,0.86582958836627,1.1017881090746535,0.38940163851387843,
2024-04-17,value,ADBE UW Equity,474.45,-0.0026767836442195846,0.005627568763831839,0.017767941827379084,0.17367478132574568,,33.8783,17.5102,212553.6,,12.8359,12.2048,43.9871,2.9994,88.6144,8.751,-42.8121,37.4868,10.8389,14.080237870217664,11.374197225965696,0.8522225834392357,0.8880850157315154,0.9116252238288054,
2024-04-17,value,CSCO UW Equity,47.79,0.0066959614982213915,0.011717932621887472,0.011508683825068096,0.0052312199204854574,,29.6128,4.4006,193510.6506,2.6858,3.4619,3.6733,15.8066,6.9422,64.2405,7.2865,-5.9538,13.9697,3.3971,3.84998174448288,-4.353325455507056,0.8837890501436109,0.9248087550703727,0.8991990689205187,12.3138
2024-04-17,value,NKE UN Equity,94.84,0.009489666807254233,-0.002108814846056546,-0.032370307886967604,-0.23681990721214685,,35.6574,6.569,143147.5893,10.9392,3.0741,3.2494,31.8492,4.2889,44.7502,31.1088,-5.3824,26.2715,2.8035,3.777682472868426,9.836554400066676,0.8248715823317383,0.8627746660922017,0.813752882111823,26.167299999999997
2024-04-17,value,NVDA UW Equity,84.035,0.0075682751234605805,-0.05185934432081859,0.12285357291604687,0.440947224370798,,47.5251,43.9432,2100875.0,0.0,24.4391,25.5495,84.1657,1.3027,75.9671,14.5722,983.1344,69.6794,34.0518,18.98388985269811,300.00403475724613,0.8278835677716695,1.3327775494628076,1.287359976781922,1.3027
2024-04-17,value,PDD UW Equity,113.43,0.0023803226659613506,0.12448205941990646,0.2640394957242351,0.1644185841488143,,43.7274,6.7404,150701.6346,,2.7299,4.3574,17.9803,10.1411,60.0328,1.7613,45.8479,15.041,3.7874,8.647110218093786,73.17565213010272,0.836526643048225,0.8691880479184835,0.31570084469234316,
2024-04-17,value,TXN UW Equity,165.7,-0.01225105612552807,0.05497887748943883,0.17664453832226923,0.24242607121303572,,36.8049,10.2421,150668.9674,9.7769,12.3183,9.837,29.9092,0.6251,59.6001,36.3636,-17.8647,26.8359,8.9594,8.573286171832434,-26.463642182658592,0.8972456635416527,0.9107858086815087,1.4368236115192123,20.1789
2024-04-18,value,AAPL UW Equity,167.04,-0.012212643678160872,0.01706178160919537,0.13667385057471274,0.34285201149425293,,155.8335,8.3578,2579411.8022,5.3948,6.7406,7.3345,29.046,3.9238,46.5781,27.2164,-1.4761,25.9782,6.8045,5.676405301186276,5.9430852990999705,0.8943813261722785,0.9277387688322312,1.187476870016897,14.7134
2024-04-18,value,ABNB UW Equity,160.1,-0.03179262960649596,0.018176139912554633,-0.0901936289818863,-0.07564022485946274,,62.8513,4.4656,103595.0535,,6.5052,8.948,24.5218,4.1198,87.5402,9.945,1.9385,21.4636,9.9665,16.705630784776865,18.243942458431817,0.8752864797853339,1.1138243182834153,0.38940163851387843,
2024-04-18,value,ADBE UW Equity,473.18,-0.017245023035631312,0.0005494737731941141,0.02166194682784564,0.16446172703833634,,33.8783,17.5102,211984.64,,12.8359,12.2048,43.9871,3.0074,88.6144,8.751,-42.8121,37.3865,10.8099,14.080237870217664,11.374197225965696,0.8499423694674121,0.8857089014158364,0.9116252238288054,
2024-04-18,value,CSCO UW Equity,48.11,0.004364996882145102,-0.0002078569943878198,0.0012471419663272142,-0.016420702556641013,,29.6128,4.4006,194806.3904,2.6858,3.4619,3.6733,15.8066,6.896,64.2405,7.2865,-5.9538,14.0633,3.4199,3.84998174448288,-3.953597294586792,0.8897106272063569,0.9310157079465332,0.8991990689205187,12.2676
2024-04-18,value,NKE UN Equity,95.74,-0.01263839565489862,-0.0188009191560476,-0.03718404010862741,-0.24065176519740958,,35.6574,6.569,144506.0122,10.9392,3.0741,3.2494,31.8492,4.2485,44.7502,31.1088,-5.3824,26.5208,2.8301,3.777682472868426,9.836554400066676,0.83269909448275,0.8709607927617405,0.813752882111823,26.1269
2024-04-18,value,NVDA UW Equity,84.671,-0.10004606063469196,-0.02408144465047066,0.09221575273706455,0.39280273056890785,,47.5251,43.9432,2116775.0,0.0,24.4391,25.5495,84.1657,1.2929,75.9671,14.5722,983.1344,70.2067,34.3095,18.98388985269811,300.00403475724613,0.8341485902214322,1.342863852521576,1.287359976781922,1.2929
2024-04-18,value,PDD UW Equity,113.7,-0.0018469656992085132,0.10633245382585754,0.2857519788918205,0.17009674582233938,,43.7274,6.7404,151060.3532,,2.7299,4.3574,17.9803,10.1178,60.0328,1.7613,45.8479,15.0755,3.7961,8.647110218093786,73.17565213010272,0.8384454096983921,0.8711846513976224,0.31570084469234316,
2024-04-18,value,TXN UW Equity,163.67,-0.024378322233762944,0.07075212317468084,0.19154396040813848,0.21647216960958032,,36.8049,10.2421,148823.1134,9.7769,12.3183,9.837,29.9092,0.6329,59.6001,36.3636,-17.8647,26.5072,8.8497,8.573286171832434,-26.463642182658592,0.8862557340216389,0.8996340347666972,1.4368236115192123,20.1867
2024-04-19,value,AAPL UW Equity,165.0,0.005090909090909111,0.026060606060606128,0.15781818181818177,0.3573333333333334,,155.8335,8.3578,2547910.365,5.3948,6.7406,7.3345,29.046,3.9723,46.5781,27.2164,-1.4761,25.661,6.7214,5.676405301186276,5.9430852990999705,0.8834607174826139,0.9164087531529075,1.187476870016897,14.7619
2024-04-19,value,ABNB UW Equity,155.01,0.010321914715179813,0.05948003354622282,-0.05573833946197011,-0.031159280046448516,,62.8513,4.4656,100301.4943,,6.5052,8.948,24.5218,4.2551,87.5402,9.945,1.9385,20.7812,9.6496,16.705630784776865,18.243942458431817,0.8474581800683473,1.0784085829235583,0.38940163851387843,
2024-04-19,value,ADBE UW Equity,465.02,0.004021332415810082,0.02696658208249112,0.04229925594598086,0.19310997376456943,,33.8783,17.5102,208328.96,,12.8359,12.2048,43.9871,3.0602,88.6144,8.751,-42.8121,36.7418,10.6235,14.080237870217664,11.374197225965696,0.8352857997003666,0.8704362218143681,0.9116252238288054,
2024-04-19,value,CSCO UW Equity,48.32,-0.0037251655629139016,-0.009519867549668892,-0.02462748344370856,-0.031043046357615893,,29.6128,4.4006,195656.7197,2.6858,3.4619,3.6733,15.8066,6.8661,64.2405,7.2865,-5.9538,14.1247,3.4348,3.84998174448288,-4.10053021422425,0.8935950805359787,0.9350720060980591,0.8991990689205187,12.2377
2024-04-19,value,NKE UN Equity,94.53,-0.0035967417750978887,-0.004337247434676786,-0.029197080291970857,-0.20808209034169048,,35.6574,6.569,142679.688,10.9392,3.0741,3.2494,31.8492,4.3029,44.7502,31.1088,-5.3824,26.1856,2.7943,3.777682472868426,9.836554400066676,0.822174497318614,0.8599433741613836,0.813752882111823,26.1813
2024-04-19,value,NVDA UW Equity,76.2,0.04354330708661414,0.15137795275590546,0.2438320209973753,0.621259842519685,,47.5251,43.9432,1905000.0,0.0,24.4391,25.5495,84.1657,1.4366,75.9671,14.5722,983.1344,63.1828,30.8769,18.98388985269811,300.00403475724613,0.7506953545209034,1.2085128867492514,1.287359976781922,1.4366
2024-04-19,value,PDD UW Equity,113.49,0.09384086703674338,0.1393955414573972,0.2932416953035511,0.18283549211384276,,43.7274,6.7404,150781.3499,,2.7299,4.3574,17.9803,10.1342,60.0328,1.7613,45.8479,15.0512,3.79,8.647110218093786,73.17565213010272,0.8370939305795787,0.8697847340156974,0.31570084469234316,
2024-04-19,value,TXN UW Equity,159.68,0.02348446893787575,0.11147294589178346,0.2474949899799598,0.2893286573146292,,36.8049,10.2421,145195.0556,9.7769,12.3183,9.837,29.9092,0.6487,59.6001,36.3636,-17.8647,25.861,8.6339,8.573286171832434,-26.6430528183022,0.8646503417008814,0.8776964521703773,1.4368236115192123,20.2025
2024-04-22,value,AAPL UW Equity,165.84,0.006391702846116753,0.046189097925711506,0.15985287023637235,0.3567896767969126,,155.8335,8.3578,2560881.545,5.3948,6.7406,7.3345,29.046,3.9522,46.5781,27.2164,-1.4761,25.7916,6.7556,5.676405301186276,5.935777273018443,0.8879570336707292,0.9210716476924126,1.187476870016897,14.7418
2024-04-22,value,ABNB UW Equity,156.61,0.027712151203626682,0.036013025988123275,-0.0798799565800397,-0.0501883660047252,,62.8513,4.4656,101336.7978,,6.5052,8.948,24.5218,4.2116,87.5402,9.945,1.9385,20.9957,9.7493,16.705630784776865,18.268676235267343,0.8562054987806768,1.0895507375949933,0.38940163851387843,
2024-04-22,value,ADBE UW Equity,466.89,0.012872411060421064,0.01323652252136479,0.03204180856304491,0.1694617575874403,,33.8783,17.5102,209166.72,,12.8359,12.2048,43.9871,3.0479,88.6144,8.751,-42.8121,36.8895,10.6662,14.080237870217664,11.374197225965696,0.8386436023288646,0.8739348453067645,0.9116252238288054,
2024-04-22,value,CSCO UW Equity,48.14,0.003739094308267547,-0.007478188616535094,-0.024927295388450413,-0.03697548815953471,,29.6128,4.4006,194927.866,2.6858,3.4619,3.6733,15.8066,6.8917,64.2405,7.2865,-5.9538,14.072,3.422,3.84998174448288,-4.062882863334824,0.8902610302025736,0.9315874009746006,0.8991990689205187,12.263300000000001
2024-04-22,value,NKE UN Equity,94.19,-0.0018048625119439611,-0.0013801889797217905,-0.014545068478607119,-0.2207240683724386,,35.6574,6.569,142166.506,10.9392,3.0741,3.2494,31.8492,4.3185,44.7502,31.1088,-5.3824,26.0914,2.7842,3.777682472868426,9.649095938186289,0.8192168092134182,0.856835108019942,0.813752882111823,26.1969
2024-04-22,value,NVDA UW Equity,79.518,0.03653260896903847,0.10361176085917659,0.19955230262330534,0.5416635227244146,,47.5251,43.9432,1987950.0,0.0,24.4391,25.5495,84.1657,1.3767,75.9671,14.5722,983.1344,65.934,32.2214,18.98388985269811,300.00403475724613,0.7833832546987668,1.261136225757843,1.287359976781922,1.3767
2024-04-22,value,TXN UW Equity,163.43,0.012482408370556152,0.09704460625344175,0.21770788716881834,0.21330233127332793,,36.8049,10.2421,148604.8844,9.7769,12.3183,9.837,29.9092,0.6338,59.6001,36.3636,-17.8647,26.4683,8.8367,8.573286171832434,-26.6430528183022,0.8849551308627446,0.898312493646437,1.4368236115192123,20.1876
2024-04-23,value,AAPL UW Equity,166.9,0.012702216896345144,0.02055122828040747,0.14379868184541642,0.3094068304373876,,155.8335,8.3578,2577249.9389,5.3948,6.7406,7.3345,29.046,3.9271,46.5781,27.2164,-1.4761,25.9565,6.7988,5.676405301186276,5.935777273018443,0.8936342353508228,0.9269616197423137,1.187476870016897,14.7167
2024-04-23,value,ABNB UW Equity,160.95,0.011742777260018732,-0.014787200994097518,-0.11332712022367183,-0.10388319353836595,,62.8513,4.4656,104145.0585,,6.5052,8.948,24.5218,4.098,87.5402,9.945,1.9385,21.5775,10.0194,16.705630784776865,16.832266351968066,0.8799313264116012,1.1197362539114886,0.38940163851387843,
2024-04-23,value,ADBE UW Equity,472.9,0.008923662507929853,-0.02129414252484668,0.02332417001480235,0.12294353986043559,,33.8783,17.5102,211859.2,,12.8359,12.2048,43.9871,3.0092,88.6144,8.751,-42.8121,37.3644,10.8035,14.080237870217664,11.374197225965696,0.8494399494397222,0.8851845175668589,0.9116252238288054,
2024-04-23,value,CSCO UW Equity,48.32,0.0006208609271523414,-0.027731788079470267,-0.01841887417218544,-0.03042218543046355,,29.6128,4.4006,195656.7197,2.6858,3.4619,3.6733,15.8066,6.8661,64.2405,7.2865,-5.9538,14.1247,3.4348,3.84998174448288,-4.062882863334824,0.8935950805359787,0.9350720060980591,0.8991990689205187,12.2377
2024-04-23,value,NKE UN Equity,94.02,0.0065943416294405935,-0.018719421399702094,-0.016166773027015486,-0.24388427994043813,,35.6574,6.569,141909.915,10.9392,3.0741,3.2494,31.8492,4.3263,44.7502,31.1088,-5.3824,26.0443,2.7792,3.777682472868426,9.649095938186289,0.8177379651608203,0.8552963624053671,0.813752882111823,26.2047
2024-04-23,value,NVDA UW Equity,82.423,-0.033315943365322724,0.04827536003300049,0.15198427623357558,0.38614221758489736,,47.5251,43.9432,2060575.0,0.0,24.4391,25.5495,84.1657,1.3282,75.9671,14.5722,983.1344,68.3428,33.3986,18.98388985269811,300.00403475724613,0.8120029893412637,1.3072114914186188,1.287359976781922,1.3282
2024-04-23,value,TXN UW Equity,165.47,0.05644527708950265,0.06617513748715773,0.22402852480812227,0.19828367679941986,,36.8049,10.2421,150459.8313,9.7769,12.3183,9.837,29.9092,0.626,59.6001,36.3636,-17.8647,26.7987,8.947,8.573286171832434,-25.6982083947536,0.8960018990812192,0.9095252617667987,1.4368236115192123,20.1798
2024-04-24,value,ABNB UW Equity,162.84,0.0010439695406533253,-0.04102186195038078,-0.13387374109555397,-0.14007614836649473,,62.8513,4.4656,105368.0107,,6.5052,8.948,24.5218,4.0505,87.5402,9.945,1.9385,21.8309,10.1371,16.705630784776865,16.832266351968066,0.8902649887039288,1.1328900312919088,0.38940163851387843,
2024-04-24,value,ADBE UW Equity,477.12,-0.007712944332662656,-0.016201374916163688,0.012973675385647213,0.11533786049631115,,33.8783,17.5102,213749.76,,12.8359,12.2048,43.9871,2.9826,88.6144,8.751,-42.8121,37.6978,10.8999,14.080237870217664,11.374197225965696,0.8570194443370898,0.8930830492920818,0.9116252238288054,
2024-04-24,value,CSCO UW Equity,48.35,-0.005170630816959669,-0.03123061013443636,-0.03619441571871768,-0.022957600827300917,,29.6128,4.4006,195778.1953,2.6858,3.4619,3.6733,15.8066,6.8618,64.2405,7.2865,-5.9538,14.1334,3.4369,3.84998174448288,-4.062882863334824,0.8941454835321955,0.9356436991261264,0.8991990689205187,12.2334
2024-04-24,value,NKE UN Equity,94.64,-0.007396449704142042,-0.04543533389687233,-0.03423499577345726,-0.2454564666103128,,35.6574,6.569,142845.7175,10.9392,3.0741,3.2494,31.8492,4.2979,44.7502,31.1088,-5.3824,26.2161,2.7976,3.777682472868426,9.649095938186289,0.8231321351870691,0.8609589462670032,0.813752882111823,26.176299999999998
2024-04-24,value,NVDA UW Equity,79.677,0.03708723973041151,0.042220465127953986,0.30274734239491946,0.40918960302220203,,47.5251,43.9432,1991925.0,0.0,24.4391,25.5495,84.1657,1.3739,75.9671,14.5722,983.1344,66.0659,32.2859,18.98388985269811,300.00403475724613,0.7849504014105508,1.263660737000724,1.287359976781922,1.3739
2024-04-25,value,ABNB UW Equity,163.01,0.0074842034231028705,-0.028709895098460086,-0.11373535365928467,-0.1405435249371204,,62.8513,4.4656,105478.0117,,6.5052,8.948,24.5218,4.0462,87.5402,9.945,1.9385,21.8537,10.1477,16.705630784776865,16.832266351968066,0.8911947736299946,1.1340746535538668,0.38940163851387843,
2024-04-25,value,ADBE UW Equity,473.44,0.008702264278472467,0.006611186211557949,0.00420327813450492,0.14574180466373787,,33.8783,17.5102,212101.12,,12.8359,12.2048,43.9871,3.0058,88.6144,8.751,-42.8121,37.407,10.8159,14.080237870217664,11.374197225965696,0.8504084151944546,0.8862005112742527,0.9116252238288054,
2024-04-25,value,CSCO UW Equity,48.1,-0.004989604989605031,-0.02723492723492728,-0.03492723492723492,-0.00457380457380455,,29.6128,4.4006,194765.8985,2.6858,3.4619,3.6733,15.8066,6.8975,64.2405,7.2865,-5.9538,14.0604,3.4192,3.84998174448288,-4.062882863334824,0.8895271595409513,0.930825143603844,0.8991990689205187,12.2691
2024-04-25,value,NKE UN Equity,93.94,0.0019161166702151035,-0.016286991696827773,-0.02331275282094952,-0.2275920800510964,,35.6574,6.569,141789.1663,10.9392,3.0741,3.2494,31.8492,4.33,44.7502,31.1088,-5.3824,26.0222,2.7769,3.777682472868426,9.649095938186289,0.8170440701807268,0.8545885394226626,0.813752882111823,26.208399999999997
2024-04-25,value,NVDA UW Equity,82.632,0.06175573627650298,0.03854438958272809,0.2884717784877528,0.36823506631813335,,47.5251,43.9432,2065800.0,0.0,24.4391,25.5495,84.1657,1.3248,75.9671,14.5722,983.1344,68.5161,33.4833,18.98388985269811,300.00403475724613,0.8140620228905598,1.3105266247871779,1.287359976781922,1.3248
2024-04-26,value,ABNB UW Equity,164.23,-0.01205626255860677,-0.027522377153991244,-0.10485295013091396,-0.14577117457224623,,62.8513,4.4656,106267.4306,,6.5052,8.948,24.5218,4.0162,87.5402,9.945,1.9385,22.0173,10.2236,16.705630784776865,16.832266351968066,0.8978663882749227,1.1425569959767545,0.38940163851387843,
2024-04-26,value,ADBE UW Equity,477.56,-0.00940195996314601,0.018050087947064253,0.0018217606164670503,0.12364938437055031,,33.8783,17.5102,213946.88,,12.8359,12.2048,43.9871,2.9798,88.6144,8.751,-42.8121,37.7326,10.91,14.080237870217664,11.374197225965696,0.8578105853761671,0.8939105925537493,0.9116252238288054,
2024-04-26,value,NKE UN Equity,94.12,-0.0006374840628984516,-0.020930726731831693,-0.02252443688907782,-0.2185507862303443,,35.6574,6.569,142060.8509,10.9392,3.0741,3.2494,31.8492,4.3217,44.7502,31.1088,-5.3824,26.072,2.7822,3.777682472868426,9.649095938186289,0.8186076887331549,0.8562196097741122,0.813752882111823,26.2001
2024-04-26,value,NVDA UW Equity,87.735,0.00025075511483450813,0.012013449592522962,0.29823901521627627,0.2718983301988944,,47.5251,43.9432,2193375.0,0.0,24.4391,25.5495,84.1657,1.8182,75.9671,14.5722,983.1344,51.0819,27.1245,18.98388985269811,300.00403475724613,0.6069206339399541,1.0616450419773382,1.287359976781922,1.8182
2024-04-29,value,ABNB UW Equity,162.25,-0.02268104776579357,-0.0015408320493066256,-0.09639445300462242,-0.1433590138674884,,62.8513,4.4656,104986.2425,,6.5052,8.948,24.5218,4.0652,87.5402,9.945,1.9385,21.7518,10.1004,16.705630784776865,15.063192613839146,0.8870392874911304,1.1287885561019222,0.38940163851387843,
2024-04-29,value,ADBE UW Equity,473.07,-0.02164584522375126,0.043376244530407726,0.009575749889022829,0.13875325004756175,,33.8783,17.5102,211935.36,,12.8359,12.2048,43.9871,3.0081,88.6144,8.751,-42.8121,37.3778,10.8074,14.080237870217664,11.374197225965696,0.8497445842076428,0.8855040639748295,0.9116252238288054,
2024-04-29,value,NKE UN Equity,94.06,-0.019136721241760548,-0.007442058260684699,-0.02540931320433766,-0.20986604295130776,,35.6574,6.569,141970.2894,10.9392,3.0741,3.2494,31.8492,4.3244,44.7502,31.1088,-5.3824,26.0554,2.7804,3.777682472868426,9.649095938186289,0.8180864825490122,0.8556656613528651,0.813752882111823,26.2028
2024-04-29,value,NVDA UW Equity,87.757,-0.015440363731668174,0.049944733753432724,0.3084426313570427,0.18201397039552397,,47.5251,43.9432,2193925.0,0.0,24.4391,25.5495,84.1657,1.8177,75.9671,14.5722,983.1344,51.0947,27.1313,18.98388985269811,300.00403475724613,0.6070727148945473,1.0619111919998434,1.287359976781922,1.8177
2024-04-30,value,ABNB UW Equity,158.57,-0.015198335120136196,0.007819890269281763,-0.08229803872106946,-0.1198839629185848,,62.8513,4.4656,102605.0446,,6.5052,8.948,24.5218,4.1595,87.5402,9.945,1.9385,21.2585,9.8713,16.705630784776865,15.063192613839146,0.8669224934548035,1.1031850692892267,0.38940163851387843,
2024-04-30,value,ADBE UW Equity,462.83,0.01417367067821879,0.06360866840956722,-0.036644124192468035,0.19190631549380982,,33.8783,17.5102,207347.84,,12.8359,12.2048,43.9871,3.0747,88.6144,8.751,-42.8121,36.5687,10.5735,14.080237870217664,11.374197225965696,0.8313505550490939,0.8663394729942316,0.9116252238288054,
2024-04-30,value,NKE UN Equity,92.26,-0.020810752221981376,0.016475178842401864,0.012898330804248837,-0.1885974420117061,,35.6574,6.569,139253.4435,10.9392,3.0741,3.2494,31.8492,4.4088,44.7502,31.1088,-5.3824,25.5568,2.7272,3.777682472868426,9.555162504128583,0.8024314582469889,0.839293408013787,0.813752882111823,26.2872
2024-04-30,value,NOW UN Equity,693.33,-0.011134668916677522,0.02884629253025255,-0.07217342391069198,0.1746066086856186,,22.6997,13.2749,142397.2421,,17.3431,15.9547,150.349,2.2338,79.1205,11.6036,80.9524,134.1024,14.9725,16.256991160765267,30.03657231644215,0.8919407511855749,0.9384382031627043,1.0668087242278852,
2024-04-30,value,NVDA UW Equity,86.402,-0.03889956251012713,0.048054443184185565,0.27890558088933126,0.3543667970648827,,47.5251,43.9432,2160050.0,0.0,24.4391,25.5495,84.1657,1.8462,75.9671,14.5722,983.1344,50.3058,26.7124,18.98388985269811,300.00403475724613,0.5976995379352872,1.045515567819331,1.287359976781922,1.8462
2024-05-01,value,ABNB UW Equity,156.16,0.013896004098360759,0.011142418032786944,-0.07191342213114747,-0.13492571721311472,,62.8513,4.4656,101045.6187,,6.5052,8.948,24.5218,4.2237,87.5402,9.945,1.9385,20.9354,9.7212,16.705630784776865,15.063192613839146,0.8537464623314766,1.086410371032633,0.38940163851387843,
2024-05-01,value,ADBE UW Equity,469.39,0.015296448582202448,0.03986024414665851,-0.05247235774089775,0.16408530220072856,,33.8783,17.5102,210286.72,,12.8359,12.2048,43.9871,3.0317,88.6144,8.751,-42.8121,37.087,10.7233,14.080237870217664,11.374197225965696,0.8431335550650078,0.8786133324593602,0.9116252238288054,
2024-05-01,value,NKE UN Equity,90.34,0.0229134381226477,0.03597520478193491,0.05213637369935791,-0.18253265441664832,,35.6574,6.569,136355.4746,10.9392,3.0741,3.2494,31.8492,4.5025,44.7502,31.1088,-5.3824,25.0249,2.6704,3.777682472868426,9.555162504128583,0.7857308817803901,0.8218132578322151,0.813752882111823,26.3809
2024-05-01,value,NOW UN Equity,685.61,0.014745992619710935,0.05166202359942235,-0.04183136185294856,0.18344248187745216,,22.6997,13.2749,140811.6959,,17.3431,15.9547,150.349,2.259,79.1205,11.6036,80.9524,132.6093,14.8057,16.256991160765267,30.096899362785248,0.8820098570658933,0.9279836035776291,1.0668087242278852,
2024-05-01,value,NVDA UW Equity,83.041,0.033429269878734555,0.08876338194385917,0.3202273575703568,0.31513348827687526,,47.5251,43.9432,2076025.0,0.0,24.4391,25.5495,84.1657,1.921,75.9671,14.5722,983.1344,48.3489,25.6733,18.98388985269811,300.00403475724613,0.5744489738694029,1.004845495997965,1.287359976781922,1.921
2024-05-02,value,ABNB UW Equity,158.33,0.008715972967851926,-0.07124360512852902,-0.07629634308090703,-0.1901092654582203,,62.8513,4.4656,102449.749,,6.5052,8.948,24.5218,4.1658,87.5402,9.945,1.9385,21.2263,9.8563,16.705630784776865,13.371923784965674,0.8656093761469387,1.1015087170317388,0.38940163851387843,
2024-05-02,value,ADBE UW Equity,476.57,0.020164928551944128,0.012757832007889679,-0.07879220261451625,0.10407705059067916,,33.8783,17.5102,213503.36,,12.8359,12.2048,43.9871,2.986,88.6144,8.751,-42.8121,37.6543,10.8874,14.080237870217664,11.374197225965696,0.856030518038243,0.8920588620870477,0.9116252238288054,
2024-05-02,value,NKE UN Equity,92.41,-0.002813548317281581,0.010604912888215605,0.0215344659668868,-0.199112650146088,,35.6574,6.569,139479.8474,10.9392,3.0741,3.2494,31.8492,4.4016,44.7502,31.1088,-5.3824,25.5983,2.7316,3.777682472868426,9.555162504128583,0.8037344737073459,0.8406475041546131,0.813752882111823,26.28
2024-05-02,value,NOW UN Equity,695.72,0.0300839418156729,0.03912493531880645,-0.05118438452250907,0.13643419766572754,,22.6997,13.2749,142888.1041,,17.3431,15.9547,150.349,2.2261,79.1205,11.6036,80.9524,134.5647,15.0241,16.256991160765267,30.096899362785248,0.8950155970442104,0.9416723598688788,1.0668087242278852,
2024-05-02,value,NVDA UW Equity,85.817,0.0346318328536305,0.03414241933416464,0.340060827108848,0.24998543412144453,,47.5251,43.9432,2145425.0,0.0,24.4391,25.5495,84.1657,1.8588,75.9671,14.5722,983.1344,49.9652,26.5316,18.98388985269811,300.00403475724613,0.5936527587841604,1.0384391083974247,1.287359976781922,1.8588
2024-05-03,value,ABNB UW Equity,159.71,0.014338488510425094,-0.08383945901947289,-0.07908083401164608,-0.21539039509110264,,62.8513,4.4656,103342.6983,,6.5052,8.948,24.5218,4.1298,87.5402,9.945,1.9385,21.4113,9.9422,16.705630784776865,13.371923784965674,0.873153683661069,1.1111086276262852,0.38940163851387843,
2024-05-03,value,ADBE UW Equity,486.18,0.015241268665926134,-0.008001151836768246,-0.07776955037229011,0.04759554074622565,,33.8783,17.5102,217808.64,,12.8359,12.2048,43.9871,2.927,88.6144,8.751,-42.8121,38.4136,11.1069,14.080237870217664,11.374197225965696,0.8732923970891466,0.9100435894074461,0.9116252238288054,
2024-05-03,value,NKE UN Equity,92.15,0.01313076505697226,-0.013130765056972414,0.028106348345089408,-0.22495930548019535,,35.6574,6.569,139087.4141,10.9392,3.0741,3.2494,31.8492,4.4141,44.7502,31.1088,-5.3824,25.5263,2.7239,3.777682472868426,9.555162504128583,0.8014738203785339,0.8382778359081676,0.813752882111823,26.2925
2024-05-03,value,NVDA UW Equity,88.789,0.03774116163038213,0.01226503283064342,0.31138992442757546,0.131333836398653,,47.5251,43.9432,2219725.0,0.0,24.4391,25.5495,84.1657,1.7966,75.9671,14.5722,983.1344,51.6955,27.4504,18.98388985269811,300.00403475724613,0.6142110147007629,1.074400673202998,1.287359976781922,1.7966
2024-05-06,value,ABNB UW Equity,162.0,-0.013518518518518504,-0.07944444444444447,-0.10012345679012345,-0.19462962962962962,,62.8513,4.4656,104824.4764,,6.5052,8.948,24.5218,4.0715,87.5402,9.945,1.9385,21.7183,10.0848,16.705630784776865,13.506835294977694,0.8856731561304635,1.127045149754135,0.38940163851387843,
2024-05-06,value,ADBE UW Equity,493.59,-0.0026742843250470902,-0.02123219676249511,-0.07656151866934088,0.041755302984258336,,33.8783,17.5102,221128.32,,12.8359,12.2048,43.9871,2.8831,88.6144,8.751,-42.8121,38.9991,11.2762,14.080237870217664,11.374197225965696,0.8866031177322442,0.9239151809124277,0.9116252238288054,
2024-05-06,value,NKE UN Equity,93.36,0.004498714652956317,-0.00685518423307627,0.01028277634961433,-0.22343616109682948,,35.6574,6.569,140913.7382,10.9392,3.0741,3.2494,31.8492,4.3569,44.7502,31.1088,-5.3824,25.8615,2.7597,3.777682472868426,9.555162504128583,0.8119984175426698,0.8492952545085246,0.813752882111823,26.2353
2024-05-06,value,NVDA UW Equity,92.14,-0.01721293683525069,-0.01889515953983069,0.32884740612112,0.13143043195137832,,47.5251,43.9432,2303500.0,0.0,24.4391,25.5495,84.1657,1.7313,75.9671,14.5722,983.1344,53.6466,28.4864,18.98388985269811,300.00403475724613,0.6373926670840971,1.1149494119258694,1.287359976781922,1.7313
2024-05-07,value,ABNB UW Equity,159.81,-0.011951692635004046,-0.08203491646330026,-0.08015768725361368,-0.2928477567110944,,62.8513,4.4656,103407.4048,,6.5052,8.948,24.5218,4.1273,87.5402,9.945,1.9385,21.4247,9.9485,16.705630784776865,13.573648614221744,0.8737001362053357,1.1118126955744299,0.38940163851387843,
2024-05-07,value,ADBE UW Equity,492.27,-0.008470961057955917,-0.03315253824120908,-0.06935218477664694,0.04337050805452297,,33.8783,17.5102,220536.96,,12.8359,12.2048,43.9871,2.8908,88.6144,8.751,-42.8121,38.8948,11.246,14.080237870217664,11.4544062328707,0.8842319680088025,0.9214407446250655,0.9116252238288054,
2024-05-07,value,NKE UN Equity,93.78,-0.0020260183407975873,-0.010556621880998027,0.020686713584986114,-0.22563446363830236,,35.6574,6.569,141547.6689,10.9392,3.0741,3.2494,31.8492,4.3373,44.7502,31.1088,-5.3824,25.9778,2.7721,3.777682472868426,9.555162504128583,0.8156500006279592,0.8531113436326706,0.813752882111823,26.2157
2024-05-07,value,NVDA UW Equity,90.554,-0.0015681250966273815,0.00885659385559989,0.3361971862093337,0.0922764317423857,,47.5251,43.9432,2263850.0,0.0,24.4391,25.5495,84.1657,1.7616,75.9671,14.5722,983.1344,52.7232,27.9961,18.98388985269811,300.00403475724613,0.6264214519691513,1.0957592125090512,1.287359976781922,1.7616
2024-05-08,value,ABNB UW Equity,157.9,-0.06871437618746037,-0.07663077897403416,-0.07118429385687149,-0.2739708676377454,,62.8513,4.4656,102171.5112,,6.5052,8.948,24.5218,4.1772,87.5402,9.945,1.9385,21.1687,9.8296,16.705630784776865,13.203605615331616,0.8632604458074041,1.0985248100134106,0.38940163851387843,
2024-05-08,value,ADBE UW Equity,488.1,-0.011165744724441805,-0.005634091374718295,-0.04644540053267776,0.08633476746568323,,33.8783,17.5102,218668.8,,12.8359,12.2048,43.9871,2.9155,88.6144,8.751,-42.8121,38.5653,11.1508,14.080237870217664,11.4544062328707,0.8767411354692626,0.913640534871526,0.9116252238288054,
2024-05-08,value,NKE UN Equity,93.59,-0.0021369804466289436,-0.020515012287637586,0.03162731061010785,-0.20728710332300465,,35.6574,6.569,141260.8907,10.9392,3.0741,3.2494,31.8492,4.3461,44.7502,31.1088,-5.3824,25.9252,2.7665,3.777682472868426,9.555162504128583,0.8139984677794105,0.8513879485443467,0.813752882111823,26.2245
2024-05-08,value,NVDA UW Equity,90.412,-0.018415697031367584,0.04665309914613092,0.3370791487855594,0.16101844887846736,,47.5251,43.9432,2260300.0,0.0,24.4391,25.5495,84.1657,1.7644,75.9671,14.5722,983.1344,52.6405,27.9522,18.98388985269811,300.00403475724613,0.6254388664265847,1.0940409792755241,1.287359976781922,1.7644
2024-05-09,value,ADBE UW Equity,482.65,-0.0007458821091887637,0.00047653579198180505,-0.047052729721330115,0.11115715321661655,,33.8783,17.5102,216227.2,,12.8359,12.2048,43.9871,2.9484,88.6144,8.751,-42.8121,38.1347,11.0263,14.080237870217664,11.4544062328707,0.8669519018075755,0.9034396303093865,0.9116252238288054,
2024-05-09,value,NKE UN Equity,93.39,-0.02623407217046796,-0.017346610986187005,0.02794731769996787,-0.20398329585608735,,35.6574,6.569,140959.019,10.9392,3.0741,3.2494,31.8492,4.3555,44.7502,31.1088,-5.3824,25.8698,2.7606,3.777682472868426,9.555162504128583,0.8122590206347413,0.8495722287191482,0.813752882111823,26.2339
2024-05-09,value,NVDA UW Equity,88.747,0.012744092758065064,0.06323594036981525,0.37232807869561796,0.18032158833538034,,47.5251,43.9432,2218675.0,0.0,24.4391,25.5495,84.1657,1.7975,75.9671,14.5722,983.1344,51.6711,27.4374,18.98388985269811,300.00403475724613,0.6139211103810698,1.0738918569835028,1.287359976781922,1.7975
2024-05-10,value,ADBE UW Equity,482.29,0.0017002218582180704,0.002363723071181211,-0.04063944929399329,0.1008521843703994,,33.8783,17.5102,216065.92,,12.8359,12.2048,43.9871,2.9506,88.6144,8.751,-42.8121,38.1063,11.018,14.080237870217664,11.4544062328707,0.866306257971087,0.9027595700052439,0.9116252238288054,
2024-05-10,value,NKE UN Equity,90.94,0.0195733450626787,0.013635363976248175,0.05421156806685735,-0.17923905872003515,,35.6574,6.569,137261.0899,10.9392,3.0741,3.2494,31.8492,4.4728,44.7502,31.1088,-5.3824,25.1911,2.6882,3.777682472868426,9.555162504128583,0.7909492232143979,0.8272911922201022,0.813752882111823,26.3512
2024-05-10,value,NVDA UW Equity,89.878,0.0057967467010837,0.028939228732281528,0.34526802999621703,0.21297759184672552,,47.5251,43.9432,2246950.0,0.0,24.4391,25.5495,84.1657,1.7748,75.9671,14.5722,983.1344,52.3296,27.7871,18.98388985269811,300.00403475724613,0.6217449626154122,1.0875790132879313,1.287359976781922,1.7748
2024-05-13,value,ADBE UW Equity,483.11,-0.014820641261824481,0.003270476703028263,-0.04810498644201115,0.10786363354101552,,33.8783,17.5102,216433.28,,12.8359,12.2048,43.9871,2.9456,88.6144,8.751,-42.8121,38.1711,11.0368,14.080237870217664,11.4544062328707,0.8677794171473001,0.904299947561615,0.9116252238288054,
2024-05-13,value,NKE UN Equity,92.72,0.0007549611734254464,-0.010245901639344293,0.010353753235547972,-0.15336496980155306,,35.6574,6.569,139947.7486,10.9392,3.0741,3.2494,31.8492,4.3869,44.7502,31.1088,-5.3824,25.6842,2.7408,3.777682472868426,9.555162504128583,0.8064315587204702,0.8434787960854312,0.813752882111823,26.2653
2024-05-13,value,NVDA UW Equity,90.399,0.010586400292038558,0.048462925474839325,0.3849710726888572,0.28474872509651655,,47.5251,43.9432,2259975.0,0.0,24.4391,25.5495,84.1657,1.7646,75.9671,14.5722,983.1344,52.6329,27.9481,18.98388985269811,300.00403475724613,0.625348568359795,1.093880506467837,1.287359976781922,1.7646
2024-05-14,value,ADBE UW Equity,475.95,0.019749973736737123,0.012396260111356307,-0.03615926042651535,0.13413173652694607,,33.8783,17.5102,213225.6,,12.8359,12.2048,43.9871,2.9899,88.6144,8.751,-42.8121,37.6053,10.8732,14.080237870217664,11.4544062328707,0.8549165550809215,0.890895385422129,0.9116252238288054,
2024-05-14,value,NKE UN Equity,92.79,-0.012070266192477686,0.0003233107015840815,0.014980062506735645,-0.15378812372022857,,35.6574,6.569,140053.4037,10.9392,3.0741,3.2494,31.8492,4.3836,44.7502,31.1088,-5.3824,25.7036,2.7429,3.777682472868426,9.555162504128583,0.8070406792007335,0.8441250692435527,0.813752882111823,26.262
2024-05-14,value,NVDA UW Equity,91.356,0.03583782127063358,0.04411313980472001,0.4187354963001885,0.2925259424668331,,47.5251,43.9432,2247206.129,0.0,24.4391,25.5495,84.1657,1.7461,75.9671,14.5722,983.1344,53.1901,28.244,18.98388985269811,300.00403475724613,0.6319688424144277,1.1054619464177382,1.287359976781922,1.7461
2024-05-15,value,ADBE UW Equity,485.35,-0.00508911095086026,-0.002925723704543146,0.08233233748841026,0.1417739775419799,,33.8783,17.5102,217436.8,,12.8359,12.2048,43.9871,2.932,88.6144,8.751,-42.8121,38.3481,11.0879,14.080237870217664,11.4544062328707,0.8718033241564005,0.9084868248557944,0.9116252238288054,
2024-05-15,value,NKE UN Equity,91.67,0.0010908694229300132,0.009054216210319606,0.018762954074397282,-0.10003272608268791,,35.6574,6.569,138362.9218,10.9392,3.0741,3.2494,31.8492,4.4372,44.7502,31.1088,-5.3824,25.3934,2.7098,3.777682472868426,9.555162504128583,0.7973010311091017,0.8339385732750662,0.813752882111823,26.3156
2024-05-15,value,NVDA UW Equity,94.63,-0.0028637852689422046,0.003381591461481638,0.39363838106308785,0.2983197717425764,,47.5251,43.9432,2327741.1006,0.0,24.4391,25.5495,84.1657,1.6857,75.9671,14.5722,983.1344,55.0963,29.2562,18.98388985269811,300.00403475724613,0.6546170233242282,1.1450791600618409,1.287359976781922,1.6857
2024-05-15,value,PANW UW Equity,156.16,0.014280225409836,-0.011974897540983636,0.01597720286885249,0.09909707991803275,,58.7136,4.9016,100910.592,,11.4501,11.0984,170.3594,3.0742,74.1233,2.0624,124.5235,123.6993,12.6201,8.956491661168332,34.62819280417469,0.7261078637280949,1.1371098536726016,1.278413516493621,
2024-05-16,value,ADBE UW Equity,482.88,0.0011389993373095001,0.0008904903909874231,0.07426275679257789,0.1461646785950962,,33.8783,17.5102,216330.24,,12.8359,12.2048,43.9871,2.947,88.6144,8.751,-42.8121,38.1529,11.0315,14.080237870217664,11.4544062328707,0.8673656594774378,0.9038656921866806,0.9116252238288054,
2024-05-16,value,NKE UN Equity,91.77,0.00446769096654692,-0.004031818677127497,0.03519668737060046,-0.09305873379099916,,35.6574,6.569,138513.8577,10.9392,3.0741,3.2494,31.8492,4.4323,44.7502,31.1088,-5.3824,25.4211,2.7127,3.777682472868426,9.555162504128583,0.7981707546814363,0.8348310457315196,0.813752882111823,26.310699999999997
2024-05-16,value,NVDA UW Equity,94.359,-0.01992390762937288,0.1000434510751493,0.38810288366769463,0.3202768151421699,,47.5251,43.9432,2321074.9499,0.0,24.4391,25.5495,84.1657,1.6906,75.9671,14.5722,983.1344,54.9386,29.1724,18.98388985269811,300.00403475724613,0.6527433384383424,1.1417992524315546,1.287359976781922,1.6906
2024-05-16,value,PANW UW Equity,158.39,0.0033777384935919255,-0.016857124818485936,0.0088705095018625,0.054706736536397634,,58.7136,4.9016,102351.618,,11.4501,11.0984,170.3594,3.0309,74.1233,2.0624,124.5235,125.4657,12.8004,8.956491661168332,34.62819280417469,0.7364765313801294,1.1533554386217832,1.278413516493621,
2024-05-17,value,ADBE UW Equity,483.43,0.0026063752766687853,-0.016548414455040027,0.08030118114308171,0.16484289349026746,,33.8783,17.5102,216576.64,,12.8359,12.2048,43.9871,2.9437,88.6144,8.751,-42.8121,38.1964,11.0441,14.080237870217664,11.4544062328707,0.8683545857762843,0.904898072889355,0.9116252238288054,
2024-05-17,value,NKE UN Equity,92.18,-0.0044478194836191235,-0.004664786287698056,0.028205684530266804,-0.09655022781514434,,35.6574,6.569,139132.6948,10.9392,3.0741,3.2494,31.8492,4.4126,44.7502,31.1088,-5.3824,25.5346,2.7248,3.777682472868426,9.555162504128583,0.8017344234706053,0.8385548101187912,0.813752882111823,26.291
2024-05-17,value,NVDA UW Equity,92.479,0.024881324408784718,0.15127758734415375,0.4660625655554235,0.40572454286919196,,47.5251,43.9432,2274830.067,0.0,24.4391,25.5495,84.1657,1.7249,75.9671,14.5722,983.1344,53.844,28.5912,18.98388985269811,300.00403475724613,0.6397380405557134,1.119051253449187,1.287359976781922,1.7249
2024-05-17,value,PANW UW Equity,158.925,0.01862513764354242,0.011798017932987258,-0.0026112946358346416,0.08025798332546795,,58.7136,4.9016,102697.335,,11.4501,11.0984,170.3594,3.0207,74.1233,2.0624,124.5235,125.8895,12.8436,8.956491661168332,34.62819280417469,0.7389642133043437,1.1572478915879767,1.278413516493621,
2024-05-20,value,ADBE UW Equity,484.69,-0.005859415296374951,-0.012915471744826571,0.07893705254905208,0.16001980647424127,,33.8783,17.5102,217141.12,,12.8359,12.2048,43.9871,2.936,88.6144,8.751,-42.8121,38.2959,11.0729,14.080237870217664,11.4544062328707,0.8706166125977844,0.9072578002097536,0.9116252238288054,
2024-05-20,value,NKE UN Equity,91.77,0.011441647597253975,0.0025062656641604447,0.04140786749482399,-0.08946278740329078,,35.6574,6.569,138513.8577,10.9392,3.0741,3.2494,31.8492,4.4323,44.7502,31.1088,-5.3824,25.4211,2.7127,3.777682472868426,9.555162504128583,0.7981707546814363,0.8348310457315196,0.813752882111823,26.310699999999997
2024-05-20,value,NVDA UW Equity,94.78,0.006393753956530856,0.2017408736020257,0.37982696771470775,0.34258282338046,,47.5251,43.9432,2331430.8519,0.0,24.4391,25.5495,84.1657,1.683,75.9671,14.5722,983.1344,55.1837,29.3026,18.98388985269811,300.00403475724613,0.6556554510923096,1.1468952425683479,1.287359976781922,1.683
2024-05-20,value,PANW UW Equity,161.885,-0.03740309478951094,-0.04867652963523486,-0.03931803440714075,0.13664020755474568,,58.7136,4.9016,104610.087,,11.4501,11.0984,170.3594,2.9655,74.1233,2.0624,124.5235,128.2342,13.0828,8.956491661168332,34.726475074067785,0.7527274691035539,1.1788005478267138,1.278413516493621,
2024-05-21,value,ADBE UW Equity,481.85,0.004316696067240809,-0.00882017225277576,0.10706651447545923,0.17420359032894042,,33.8783,17.5102,215868.8,,12.8359,12.2048,43.9871,2.9533,88.6144,8.751,-42.8121,38.0715,11.008,14.080237870217664,11.4544062328707,0.8655151169320097,0.9019402202412165,0.9116252238288054,
2024-05-21,value,NKE UN Equity,92.82,-0.0034475328592974918,-0.012389571213100534,0.04697263520792948,-0.09502262443438908,,35.6574,6.569,140098.6845,10.9392,3.0741,3.2494,31.8492,4.3822,44.7502,31.1088,-5.3824,25.7119,2.7438,3.777682472868426,9.555162504128583,0.8073012822928048,0.844402043454176,0.813752882111823,26.2606
2024-05-21,value,NVDA UW Equity,95.386,-0.004570901390141036,0.20379300945631443,0.3269242865829367,0.3471578638374605,,47.5251,43.9432,2346337.4472,0.0,24.4391,25.5495,84.1657,1.6724,75.9671,14.5722,983.1344,55.5365,29.49,18.98388985269811,300.00403475724613,0.659847182403283,1.1542300240709211,1.287359976781922,1.6724
2024-05-21,value,PANW UW Equity,155.83,-0.009882564332927038,-0.015273053969069009,0.02781877687223243,0.1543027658345632,,58.7136,4.9016,100915.508,,11.4501,11.0984,170.3594,3.0807,74.1233,2.0624,124.5235,123.4379,12.5935,8.956491661168332,35.008007020466124,0.7245734605780485,1.1347131117998992,1.278413516493621,
2024-05-22,value,ADBE UW Equity,483.93,-0.0012811770297357149,-0.07864773830925961,0.08315252205897537,0.1519021346062448,,33.8783,17.5102,216800.64,,12.8359,12.2048,43.9871,2.9406,88.6144,8.751,-42.8121,38.2359,11.0555,14.080237870217664,11.4544062328707,0.869252576323513,0.905832131620346,0.9116252238288054,
2024-05-22,value,NKE UN Equity,92.5,-0.011891891891891831,0.0102702702702703,0.05048648648648651,-0.09827027027027031,,35.6574,6.569,139615.6896,10.9392,3.0741,3.2494,31.8492,4.3974,44.7502,31.1088,-5.3824,25.6233,2.7343,3.777682472868426,9.555162504128583,0.8045194227798501,0.8414784267864837,0.813752882111823,26.2758
2024-05-22,value,NVDA UW Equity,94.95,0.09319641916798319,0.16377040547656657,0.24391785150078985,0.3032122169562927,,47.5251,43.9432,2335612.5701,0.0,24.4391,25.5495,84.1657,1.68,75.9671,14.5722,983.1344,55.2827,29.3552,18.98388985269811,300.00403475724613,0.6568317022254909,1.148953991271845,1.287359976781922,1.68
2024-05-23,value,ADBE UW Equity,483.31,-0.016304235376880253,-0.07976247129171755,0.09014917961556763,0.15515921458277288,,33.8783,17.5102,216522.88,,12.8359,12.2048,43.9871,2.9444,88.6144,8.751,-42.8121,38.1869,11.0413,14.080237870217664,11.4544062328707,0.8681386133661915,0.9046686549554273,0.9116252238288054,
2024-05-23,value,NKE UN Equity,91.4,0.003829321663019631,0.03993435448577671,0.036652078774617,-0.08041575492341366,,35.6574,6.569,137955.395,10.9392,3.0741,3.2494,31.8492,4.4503,44.7502,31.1088,-5.3824,25.3186,2.7018,3.777682472868426,9.555162504128583,0.7949524634841691,0.8314765802917461,0.813752882111823,26.328699999999998
2024-05-23,value,NVDA UW Equity,103.799,0.025722791163691243,0.05620478039287458,0.21475158720218882,0.24635112091638645,,47.5251,43.9432,2553283.2981,0.0,24.4391,25.5495,84.1657,1.5368,75.9671,14.5722,983.1344,60.4348,32.091,18.98388985269811,300.00403475724613,0.7180454745816883,1.256032407679211,1.287359976781922,1.5368
2024-05-23,value,PANW UW Equity,155.72,0.032622656049319375,-0.0530760339070125,0.03609041870023121,0.12622013871050605,,58.7136,4.9016,100844.272,,11.4501,11.0984,170.3594,3.0829,74.1233,2.0624,124.5235,123.3507,12.5846,8.956491661168332,35.36217619078228,0.7240616015318204,1.1339111944064009,1.278413516493621,
2024-05-24,value,ADBE UW Equity,475.43,0.006310077193277665,-0.07658330353574663,0.11196180299938994,0.17670319500241896,,33.8783,17.5102,212992.64,,12.8359,12.2048,43.9871,2.9932,88.6144,8.751,-42.8121,37.5643,10.8613,14.080237870217664,11.4544062328707,0.8539844636268361,0.8899203592029366,0.9116252238288054,
2024-05-24,value,NKE UN Equity,91.75,0.0027247956403269754,0.028882833787466002,0.025177111716621278,-0.08141689373297001,,35.6574,6.569,138483.6705,10.9392,3.0741,3.2494,31.8492,4.4333,44.7502,31.1088,-5.3824,25.4155,2.7121,3.777682472868426,9.665669633073126,0.7979949260891954,0.8346463962577706,0.813752882111823,26.3117
2024-05-24,value,NVDA UW Equity,106.469,0.06980435619757866,0.08012660962345854,0.18720003005569708,0.18776357437376137,,47.5251,43.9432,2618960.8712,0.0,24.4391,25.5495,84.1657,1.4983,75.9671,14.5722,983.1344,61.9893,32.9164,18.98388985269811,300.00403475724613,0.7365149936375507,1.2883383236462556,1.287359976781922,1.4983
2024-05-24,value,PANW UW Equity,160.8,-0.04225746268656726,-0.08432835820895523,0.011380597014925274,0.0793532338308457,,58.7136,4.9016,104134.08,,11.4501,11.0984,170.3594,2.9855,74.1233,2.0624,124.5235,127.3748,12.9951,8.956491661168332,35.37161531864726,0.7476828399254752,1.1708985078930296,1.278413516493621,
2024-05-28,value,ADBE UW Equity,478.43,-0.0017348410425767282,-0.06283050812031019,0.14282131137261456,0.18684029011558648,,33.8783,17.5102,214336.64,,12.8359,12.2048,43.9871,2.9744,88.6144,8.751,-42.8121,37.8013,10.9299,14.080237870217664,11.4544062328707,0.8593724069102078,0.8955410985841635,0.9116252238288054,
2024-05-28,value,NKE UN Equity,92.0,-0.003586956521739112,0.029782608695652118,0.02380434782608693,-0.07293478260869558,,35.6574,6.569,138861.0102,9.8925,3.0741,3.2494,31.8492,4.4213,44.7502,31.1088,-5.3824,25.4848,2.7195,3.777682472868426,9.665669633073126,0.8001708049181769,0.8369237397673417,0.813752882111823,24.2063
2024-05-28,value,NVDA UW Equity,113.901,0.008112308056996923,0.0222649493858702,0.08857692206389758,0.12641680055486795,,47.5251,43.9432,2801775.7487,0.0,24.4391,25.5495,84.1657,1.4005,75.9671,14.5722,983.1344,66.3165,35.2141,18.98388985269811,300.00403475724613,0.7879278613496947,1.3782696334566236,1.287359976781922,1.4005
2024-05-29,value,ADBE UW Equity,477.6,-0.06643634840871025,-0.045644891122278076,0.16319095477386922,0.17365996649916235,,33.8783,17.5102,213964.8,,12.8359,12.2048,43.9871,2.9796,88.6144,8.751,-42.8121,37.7357,10.9109,14.080237870217664,11.4544062328707,0.8578810605836712,0.8939843340325118,0.9116252238288054,
2024-05-29,value,NKE UN Equity,91.67,0.019417475728155352,0.028908039707646903,-0.17781171593760223,-0.09686920475619064,,35.6574,6.569,138362.9218,9.8925,3.0741,3.2494,31.8492,4.4372,44.7502,31.1088,-5.3824,25.3934,2.7098,3.777682472868426,9.665669633073126,0.7973010311091017,0.8339385732750662,0.813752882111823,24.2222
2024-05-29,value,NVDA UW Equity,114.825,-0.037666013498802546,0.06631831047245804,0.07589810581319402,0.09392553886348788,,47.5251,43.9432,2824695.0,0.0,24.4391,25.5495,84.1657,1.3892,75.9671,14.5722,983.1344,66.8545,35.4998,18.98388985269811,300.00403475724613,0.7943200139724377,1.3894518483727667,1.287359976781922,1.3892
2024-05-30,value,ADBE UW Equity,445.87,-0.0024895148810191617,0.027496804001166237,0.25599389956713836,0.2775696952026375,,33.8783,17.5102,199749.76,,12.8359,12.2048,43.9871,3.1916,88.6144,8.751,-42.8121,35.2287,10.186,14.080237870217664,11.4544062328707,0.8008870782570345,0.8345896696381752,0.9116252238288054,
2024-05-30,value,NKE UN Equity,93.45,0.017121455323702454,0.0242910647405029,-0.1778491171749599,-0.10904226859283037,,35.6574,6.569,141049.5805,9.8925,3.0741,3.2494,31.8492,4.3527,44.7502,31.1088,-5.3824,25.8864,2.7624,3.777682472868426,9.665669633073126,0.812780226818884,0.8501261771403951,0.813752882111823,24.1377
2024-05-30,value,NOW UN Equity,643.29,0.021203500753936774,0.09306844502479443,0.22644530460600987,0.29221657417339,,22.6997,13.2749,131874.45,,17.3431,15.9547,150.349,2.4076,79.1205,11.6036,80.9524,124.4238,13.8918,16.256991160765267,30.076002990281587,0.8275665285435886,0.8707026769541263,1.0668087242278852,
2024-05-30,value,NVDA UW Equity,110.5,-0.007846153846153886,0.09500452488687787,0.12488687782805427,0.06416289592760184,,47.5251,43.9432,2718300.0,0.0,24.4391,25.5495,84.1657,1.4436,75.9671,14.5722,983.1344,64.3363,34.1627,18.98388985269811,300.00403475724613,0.7644004624211524,1.3371181432121961,1.287359976781922,1.4436
2024-05-31,value,ADBE UW Equity,444.76,-0.01290583685583238,0.04647450310279705,0.2764412267290225,0.2915055310729382,,33.9513,13.5487,199252.48,,9.6785,12.3962,44.0078,3.1599,88.7361,15.0798,16.0714,33.5198,9.8657,14.080237870217664,11.4544062328707,0.761678611518867,0.7958648618124909,0.6873818531483645,
2024-05-31,value,NKE UN Equity,95.05,-0.00683850604944757,0.015781167806417674,-0.1999999999999999,-0.12340873224618626,,36.2077,6.0622,143464.5546,9.8925,2.7886,3.0789,29.803,4.5995,44.693,27.4705,26.6175,24.0025,2.8086,3.717597190624159,9.665669633073126,0.8053719424219039,0.9122089057780377,0.7501081631525047,24.3845
2024-05-31,value,NOW UN Equity,656.93,0.0048406984001340535,0.06375108459044343,0.20881981337433222,0.30150853211148837,,22.6997,13.2749,134670.65,,17.3431,15.9547,150.349,2.3576,79.1205,11.6036,80.9524,127.062,14.1864,16.256991160765267,30.076002990281587,0.8451137021197348,0.8891674553579823,1.0668087242278852,
2024-05-31,value,NVDA UW Equity,109.633,0.04895423823118956,0.1026606952286265,0.11891492525060891,0.08881449928397481,,47.5251,43.9432,2696971.8,0.0,24.4391,25.5495,84.1657,1.455,75.9671,14.5722,983.1344,63.8315,33.8946,18.98388985269811,300.00403475724613,0.7584027697743855,1.3266247871778312,1.287359976781922,1.455
2024-06-03,value,ADBE UW Equity,439.02,0.02129743519657424,0.04765158762698742,0.2986879868798688,0.30071522937451595,,33.9513,13.5487,196680.96,,9.6785,12.3962,44.0078,3.2012,88.7361,15.0798,16.0714,33.0872,9.7384,14.080237870217664,11.4544062328707,0.7518485359413558,0.7855955857440183,0.6873818531483645,
2024-06-03,value,NKE UN Equity,94.4,0.003601694915254123,0.01694915254237282,-0.20296610169491536,-0.13855932203389842,,36.2077,6.0622,142483.4714,10.661,2.7886,3.0789,29.803,4.6311,44.693,27.4705,26.6175,23.8384,2.7894,3.717597190624159,9.553927787604067,0.7998657853236251,0.9059729124037806,0.7501081631525047,25.9531
2024-06-03,value,NOW UN Equity,660.11,0.018012149490236454,0.07429064852827554,0.19058944721334314,0.2662435048704004,,22.6997,13.2749,135322.55,,17.3431,15.9547,150.349,2.3462,79.1205,11.6036,80.9524,127.6771,14.2551,16.256991160765267,30.076002990281587,0.8492048500488862,0.8934733965539935,1.0668087242278852,
2024-06-03,value,NVDA UW Equity,115.0,0.012495652173913022,0.05904347826086962,0.11547826086956522,-0.06086956521739131,,47.5251,43.9432,2829000.0,0.0,24.4391,25.5495,84.1657,1.3871,75.9671,14.5722,983.1344,66.9563,35.5539,18.98388985269811,300.00403475724613,0.7955295328144363,1.3915693066400516,1.287359976781922,1.3871
2024-06-04,value,ADBE UW Equity,448.37,0.016571135446171704,0.03193790842384636,0.28987220376028733,0.2829805740794433,,33.9513,13.5487,200869.76,,9.6785,12.3962,44.0078,3.1344,88.7361,15.0798,16.0714,33.7919,9.9458,14.080237870217664,11.4544062328707,0.7678616063516012,0.8023265194172408,0.6873818531483645,
2024-06-04,value,NKE UN Equity,94.74,-0.004433185560481336,0.011927380198437932,-0.20382098374498617,-0.14481739497572302,,36.2077,6.0622,142996.6534,10.661,2.7886,3.0789,29.803,4.6145,44.693,27.4705,26.6175,23.9242,2.7995,3.717597190624159,9.553927787604067,0.8027446901318659,0.9092533047516971,0.7501081631525047,25.9365
2024-06-04,value,NOW UN Equity,672.0,0.047782738095238114,0.05958333333333328,0.2001041666666667,0.24230654761904769,,22.6997,13.2749,137760.0,,17.3431,15.9547,150.349,2.3047,79.1205,11.6036,80.9524,129.9768,14.5118,16.256991160765267,30.076002990281587,0.8645005952816448,0.9095626993926553,1.0668087242278852,
2024-06-04,value,NVDA UW Equity,116.437,0.051555776943754995,0.03841562389961953,0.08067023368860414,-0.08783290534795644,,47.5251,43.9432,2864350.2,0.0,24.4391,25.5495,84.1657,1.37,75.9671,14.5722,983.1344,67.793,35.9982,18.98388985269811,300.00403475724613,0.8054706370885052,1.4089590794340399,1.287359976781922,1.37
2024-06-05,value,ADBE UW Equity,455.8,0.005111891180342221,0.008929354980254482,0.26239578762615173,0.24600702062308016,,33.9513,13.5487,204198.4,,9.6785,12.3962,44.0078,3.0833,88.7361,15.0798,16.0714,34.3519,10.1106,14.080237870217664,11.4544062328707,0.7805866232804184,0.815620916087188,0.6873818531483645,
2024-06-05,value,NKE UN Equity,94.32,0.014843087362171393,-0.006785411365563893,-0.22550890585241729,-0.14302374893977943,,36.2077,6.0622,142362.7227,10.661,2.7886,3.0789,29.803,4.6351,44.693,27.4705,26.6175,23.8182,2.7871,3.717597190624159,9.553927787604067,0.7991880012079321,0.9052258923641561,0.7501081631525047,25.9571
2024-06-05,value,NVDA UW Equity,122.44,-0.011777196994446203,0.022541653054557378,0.047043449852989146,-0.12438745508003923,,47.5251,43.9432,3012024.0,0.0,24.4391,25.5495,84.1657,1.3028,75.9671,14.5722,983.1344,71.2881,37.8541,18.98388985269811,300.00403475724613,0.8469970546196373,1.4815984657233998,1.287359976781922,1.3028
2024-06-06,value,ADBE UW Equity,458.13,0.015934341780717287,0.001331499792635308,0.2355008403728199,0.22980376748957715,,33.9513,13.5487,205242.24,,9.6785,12.3962,44.0078,3.0676,88.7361,15.0798,16.0714,34.5275,10.1623,14.080237870217664,11.45398780707224,0.7845768250173834,0.8197915490230877,0.6873818531483645,
2024-06-06,value,NKE UN Equity,95.72,0.008671124111993295,-0.01608859172586703,-0.24300041788549942,-0.15764730463852908,,36.2077,6.0622,144475.825,10.661,2.7886,3.0789,29.803,4.5673,44.693,27.4705,26.6175,24.1717,2.8284,3.717597190624159,9.553927787604067,0.8110492232325605,0.9186397739452401,0.7501081631525047,25.8893
2024-06-06,value,NVDA UW Equity,120.998,-0.000909105935635295,0.07117473016082917,0.08580307112514249,-0.1501512421692921,,47.5251,43.9432,2976550.8,0.0,24.4391,25.5495,84.1657,1.3184,75.9671,14.5722,983.1344,70.4486,37.4083,18.98388985269811,300.00403475724613,0.8370226826367511,1.4641499833656235,1.287359976781922,1.3184
2024-06-07,value,ADBE UW Equity,465.43,-0.011795543905635668,0.1286552220527253,0.21296435554218668,0.22441613131942503,,33.9513,13.5487,208512.64,,9.6785,12.3962,44.0078,3.0195,88.7361,15.0798,16.0714,35.0777,10.3242,14.080237870217664,11.45398780707224,0.7970791541499461,0.8328520030331875,0.6873818531483645,
2024-06-07,value,NKE UN Equity,96.55,-0.005696530295183813,-0.032729155877783495,-0.2486794407042982,-0.1766960124287934,,36.2077,6.0622,145728.5928,10.661,2.7886,3.0789,29.803,4.528,44.693,27.4705,26.6175,24.3813,2.853,3.717597190624159,9.534789681474004,0.8180820722746032,0.926629640456007,0.7501081631525047,25.849999999999998
2024-06-07,value,NOW UN Equity,698.81,0.01479658276212423,0.042600993116870246,0.0634507233725906,0.22433851833831814,,22.6997,13.2749,143256.05,,17.3431,15.9547,150.349,2.2163,79.1205,11.6036,80.9524,135.1624,15.0908,16.256991160765267,30.076002990281587,0.8989910142402011,0.9458529461537979,1.0668087242278852,
2024-06-07,value,NVDA UW Equity,120.888,0.007461451922440614,0.09092713917014088,0.1159916617033948,-0.1192674210839786,,47.5251,43.9432,2973844.8,0.0,24.4391,25.5495,84.1657,1.3196,75.9671,14.5722,983.1344,70.3845,37.3743,18.98388985269811,300.00403475724613,0.8362610897313276,1.462819233253097,1.287359976781922,1.3196
2024-06-10,value,ADBE UW Equity,459.94,0.005979040744444927,0.1278427620994043,0.21239726920902727,0.24903248249771714,,33.9513,13.5487,206053.12,,9.6785,12.3962,44.0078,3.0556,88.7361,15.0798,16.0714,34.6639,10.2024,14.080237870217664,11.446575692928056,0.7876762755693308,0.823026411319598,0.6873818531483645,
2024-06-10,value,NKE UN Equity,96.0,-0.0013541666666666192,-0.010416666666666666,-0.23552083333333332,-0.18656249999999996,,36.2077,6.0622,144898.4455,10.661,2.7886,3.0789,29.803,4.554,44.693,27.4705,26.6175,24.2424,2.8367,3.717597190624159,9.534789681474004,0.8134214676374861,0.9213355419143201,0.7501081631525047,25.875999999999998
2024-06-10,value,NVDA UW Equity,121.79,-0.007225552179982015,0.07545775515231122,0.04606289514738483,-0.11240660152721907,,47.5251,43.9432,2996034.0,0.0,24.4391,25.5495,84.1657,1.3098,75.9671,14.5722,983.1344,70.9097,37.6531,18.98388985269811,300.00403475724613,0.8425011613994775,1.4737313841758157,1.287359976781922,1.3098
2024-06-10,value,PANW UW Equity,154.525,0.012619317262578797,0.03410451383271303,0.07115353502669473,0.1246723831095291,,58.7136,4.9016,100070.39,,11.4501,11.0984,170.3594,3.1067,74.1233,2.0624,124.5235,122.4041,12.488,8.956491661168332,35.4087534404273,0.7185051133075134,1.1252072370792185,1.278413516493621,
2024-06-11,value,ADBE UW Equity,462.69,-0.006094793490241832,0.12872549655276752,0.2082603903261362,0.2543603708746677,,33.9513,13.5487,207285.12,,9.6785,12.3962,44.0078,3.0374,88.7361,15.0798,16.0714,34.8712,10.2634,14.080237870217664,11.446575692928056,0.7923868041574448,0.8279472741646634,0.6873818531483645,
2024-06-11,value,NKE UN Equity,95.87,-0.02284343381662666,-0.011369562949827928,-0.23417127359966625,-0.18222593094815895,,36.2077,6.0622,144702.2288,10.661,2.7886,3.0789,29.803,4.5601,44.693,27.4705,26.6175,24.2096,2.8329,3.717597190624159,9.534789681474004,0.8123209072912122,0.9201013348923317,0.7501081631525047,25.8821
2024-06-11,value,NVDA UW Equity,120.91,0.03548093623356221,0.12132991481267072,0.06889421884045994,-0.03308245802663138,,47.5251,43.9432,2974386.0,11.199,24.4391,25.5495,84.1657,1.3193,75.9671,14.5722,983.1344,70.3973,37.3811,18.98388985269811,300.00403475724613,0.8364131706859208,1.4630853832756026,1.287359976781922,23.717299999999998
2024-06-11,value,PANW UW Equity,156.475,0.021856526601693665,0.013005272407732844,0.07525163764179585,0.09209138840070297,,58.7136,4.9016,101333.21,,11.4501,11.0984,170.3594,3.068,74.1233,2.0624,124.5235,123.9488,12.6456,8.956491661168332,35.4087534404273,0.727572414554172,1.1394074821595905,1.278413516493621,
2024-06-11,value,PEP UW Equity,165.07,-0.007511964621069732,0.008541830738474566,0.007936027140001226,0.0648815653964985,,45.3255,5.0876,226935.9217,7.5264,2.9844,2.6907,23.7262,3.1824,54.8055,37.6919,3.3473,21.3344,2.4755,3.1634112614811944,6.868441000910399,0.8991916109617216,0.9200208124279926,0.9434119541581905,18.2352
2024-06-12,value,ADBE UW Equity,459.87,-0.002457216169787104,0.13716919999130198,0.23015199947811343,0.27546915432622254,,33.9513,13.5487,206021.76,,9.6785,12.3962,44.0078,3.056,88.7361,15.0798,16.0714,34.6586,10.2009,14.080237870217664,11.446575692928056,0.7875558423733974,0.822905406495539,0.6873818531483645,
2024-06-12,value,NKE UN Equity,93.68,0.00533731853116994,0.02017506404782223,-0.23879163108454315,-0.16310845431255339,,36.2077,6.0622,141396.733,10.661,2.7886,3.0789,29.803,4.6667,44.693,27.4705,26.6175,23.6566,2.7681,3.717597190624159,9.476396105150585,0.7937657282823877,0.8990548572542142,0.7501081631525047,25.988699999999998
2024-06-12,value,NVDA UW Equity,125.2,0.03522364217252405,0.04456869009584663,0.025878594249201237,-0.04840255591054315,,47.5251,43.9432,3079920.0,11.199,24.4391,25.5495,84.1657,1.2741,75.9671,14.5722,983.1344,72.8951,38.7074,18.98388985269811,300.00403475724613,0.866090343215823,1.5149963795769,1.287359976781922,23.6721
2024-06-12,value,PANW UW Equity,159.895,-0.00040651677663465225,-0.027361706119641012,0.06604334094249352,0.07933331248631915,,58.7136,4.9016,103548.002,,11.4501,11.0984,170.3594,3.0024,74.1233,2.0624,124.5235,126.6579,12.922,8.956491661168332,35.4087534404273,0.7434746776520696,1.1643119728969942,1.278413516493621,
2024-06-12,value,PEP UW Equity,163.83,-0.0030519440883843008,0.01739608130379048,0.00018311664530306498,0.08191417933223455,,45.3255,5.0876,225231.1871,7.5264,2.9844,2.6907,23.7262,3.2065,54.8055,37.6919,3.3473,21.1741,2.4569,3.1634112614811944,6.868441000910399,0.8924353668096872,0.9131081131304122,0.9434119541581905,18.2593
2024-06-13,value,ADBE UW Equity,458.74,0.1451148798883898,0.16283733705366885,0.23499149845228223,0.17031433927715045,,33.9513,13.5487,205515.52,,9.6785,12.3962,44.0078,3.0636,88.7361,15.0798,16.0714,34.5735,10.1758,14.080237870217664,11.67068908524763,0.7856220942651075,0.8208805924396186,0.6873818531483645,
2024-06-13,value,NKE UN Equity,94.18,-0.008388192822255322,0.03185389679337439,-0.2269059248248036,-0.1610745381184965,,36.2077,6.0622,142151.4124,10.661,2.7886,3.0789,29.803,4.642,44.693,27.4705,26.6175,23.7828,2.7829,3.717597190624159,9.476396105150585,0.7980002013220145,0.9038617688135374,0.7501081631525047,25.964
2024-06-13,value,NVDA UW Equity,129.61,0.01751408070364927,-0.023454980325592317,-0.0250752256770312,-0.08108942211249145,,47.5251,43.9432,3188406.0,11.199,24.4391,25.5495,84.1657,1.2308,75.9671,14.5722,983.1344,75.4627,40.0708,18.98388985269811,300.00403475724613,0.8965968322012411,1.568359459089219,1.287359976781922,23.6288
2024-06-13,value,PANW UW Equity,159.83,-0.007351561033598269,0.0020959769755363794,0.05893762122254888,0.08521554151285725,,58.7136,4.9016,103505.908,,11.4501,11.0984,170.3594,3.0036,74.1233,2.0624,124.5235,126.6064,12.9167,8.956491661168332,35.4087534404273,0.7431723755777492,1.1638344265840121,1.278413516493621,
2024-06-13,value,PEP UW Equity,163.33,0.002938835486438436,0.02418416702381674,0.00875528072001456,0.08589971223902529,,45.3255,5.0876,224543.7941,7.5264,2.9844,2.6907,23.7262,3.2163,54.8055,37.6919,3.3473,21.1095,2.4494,3.1634112614811944,6.868441000910399,0.8897126383491668,0.9103207343813876,0.9434119541581905,18.269099999999998
2024-06-14,value,ADBE UW Equity,525.31,-0.012506900687213145,-0.0021701471512059287,0.07191943804610629,-0.007252860215872429,,33.9513,13.5487,235338.88,,9.6785,12.3962,44.0078,2.6753,88.7361,15.0798,16.0714,39.5906,11.6524,14.080237870217664,11.837307681042384,0.8996268843250514,0.9399977412432842,0.6873818531483645,
2024-06-14,value,NKE UN Equity,93.39,0.017239533140593205,0.04047542563443625,-0.21758218224649328,-0.14551879216190175,,36.2077,6.0622,140959.019,10.661,2.7886,3.0789,29.803,4.6812,44.693,27.4705,26.6175,23.5833,2.7596,3.717597190624159,9.476396105150585,0.7913062443378184,0.8962941310208191,0.7501081631525047,26.0032
2024-06-14,value,PANW UW Equity,158.655,0.007185402287983274,-0.0019854401058901246,0.04673662979420751,0.09076297626926354,,58.7136,4.9016,102744.978,,11.4501,11.0984,170.3594,3.0259,74.1233,2.0624,124.5235,125.6756,12.8218,8.956491661168332,35.4087534404273,0.7377086324558552,1.1552836444892958,1.278413516493621,
2024-06-14,value,PEP UW Equity,163.81,0.014223795861058446,0.02606678468957945,0.03711617117392091,0.08180208778462857,,45.3255,5.0876,225203.6914,7.5264,2.9844,2.6907,23.7262,3.1151,54.8055,37.6919,3.3473,20.6897,2.4505,3.1634112614811944,6.868441000910399,0.8720191181057227,0.9107295499312446,0.9434119541581905,18.1679
2024-06-17,value,ADBE UW Equity,518.74,0.006766395496780643,0.015691868758915806,0.07346647646219688,-0.007151945097736894,,33.9513,13.5487,232395.52,,9.6785,12.3962,44.0078,2.7092,88.7361,15.0798,16.0714,39.0954,11.5067,14.080237870217664,11.8553836755359,0.8883743336408545,0.9282441393330214,0.6873818531483645,
2024-06-17,value,NKE UN Equity,95.0,-0.0023157894736841986,-0.002631578947368421,-0.2381052631578948,-0.1511578947368421,,36.2077,6.0622,143389.0867,10.661,2.7886,3.0789,29.803,4.6019,44.693,27.4705,26.6175,23.9899,2.8072,3.717597190624159,9.582833383383456,0.804949166191323,0.9117541979278313,0.7501081631525047,25.9239
2024-06-17,value,PANW UW Equity,159.795,-0.008041553240088843,0.009668637942363754,0.013423448793767079,0.0573860258456148,,58.7136,4.9016,103483.242,,11.4501,11.0984,170.3594,3.0043,74.1233,2.0624,124.5235,126.5787,12.9139,8.956491661168332,35.414450963319645,0.743009778151367,1.1635821379658329,1.278413516493621,
2024-06-17,value,PEP UW Equity,166.14,0.0020464668351992503,0.007283014325267895,0.025460455037919938,0.0645840857108464,,45.3255,5.0876,228406.9427,7.5264,2.9844,2.6907,23.7262,3.0714,54.8055,37.6919,3.3473,20.984,2.4853,3.1634112614811944,6.868441000910399,0.8844231271758648,0.9236629873267179,0.9434119541581905,18.1242
2024-06-18,value,ADBE UW Equity,522.25,0.0013403542364768702,0.012273815222594481,0.05505026328386788,-0.02703685974150312,,33.9513,13.5487,233968.0,,9.6785,12.3962,44.0078,2.691,88.7361,15.0798,16.0714,39.36,11.5846,14.080237870217664,11.8553836755359,0.8943869041397207,0.934528323195818,0.6873818531483645,
2024-06-18,value,NKE UN Equity,94.78,0.008335091791517113,-0.007596539354294143,-0.23296054019835405,-0.14644439755222616,,36.2077,6.0622,143057.0277,10.661,2.7886,3.0789,29.803,4.6126,44.693,27.4705,26.6175,23.9343,2.8007,3.717597190624159,9.53044612512882,0.8030835821897124,0.9096430543375881,0.7501081631525047,25.9346
2024-06-18,value,PANW UW Equity,158.51,-0.0188631632073685,0.025992050974701943,0.04375118289066938,0.040155195255819884,,58.7136,4.9016,102651.076,,11.4501,11.0984,170.3594,3.0286,74.1233,2.0624,124.5235,125.5608,12.8101,8.956491661168332,35.414450963319645,0.737034762977564,1.1542294384776184,1.278413516493621,
2024-06-18,value,PEP UW Equity,166.48,0.0012013455069679064,0.0015617491590582612,0.017299375300336522,0.05243873137914475,,45.3255,5.0876,228874.37,7.5264,2.9844,2.6907,23.7262,3.0651,54.8055,37.6919,3.3473,21.0269,2.4904,3.1634112614811944,6.868441000910399,0.8862312548996469,0.9255584048760546,0.9434119541581905,18.1179
2024-06-20,value,ADBE UW Equity,522.95,0.020059279089779152,0.04553016540778266,0.06094272875035855,0.006673678171909377,,33.9513,13.5487,234281.6,,9.6785,12.3962,44.0078,2.6874,88.7361,15.0798,16.0714,39.4127,11.6001,14.080237870217664,11.80042942441946,0.8955844191257004,0.9357787063777608,0.6873818531483645,
2024-06-20,value,NKE UN Equity,95.57,0.01684629067699083,-0.014439677723134828,-0.2166998011928429,-0.15266296955111427,,36.2077,6.0622,144249.4212,10.661,2.7886,3.0789,29.803,4.5745,44.693,27.4705,26.6175,24.1338,2.824,3.717597190624159,9.28755974594826,0.8097775391739087,0.9172106921303063,0.7501081631525047,25.8965
2024-06-20,value,PANW UW Equity,155.52,0.029867541152263255,0.09574331275720155,0.07285236625514392,0.07253086419753087,,58.7136,4.9016,100714.752,,11.4501,11.0984,170.3594,3.0869,74.1233,2.0624,124.5235,123.1923,12.5684,8.956491661168332,35.41074757343961,0.7231318025304152,1.1324515245440785,1.278413516493621,
2024-06-20,value,PEP UW Equity,166.68,0.0035997120230381228,-0.002519798416126805,0.0058795296376289285,0.047876169906407424,,45.3255,5.0876,229149.3271,7.5264,2.9844,2.6907,23.7262,3.0614,54.8055,37.6919,3.3473,21.0522,2.4934,3.1634112614811944,6.868441000910399,0.887297586634185,0.9266733563756643,0.9434119541581905,18.1142
2024-06-21,value,NKE UN Equity,97.18,-0.00010290183165265605,-0.22442889483432807,-0.2447005556698909,-0.10969335254167535,,36.2077,6.0622,146679.4889,10.661,2.7886,3.0789,29.803,4.4987,44.693,27.4705,26.6175,24.5404,2.8716,3.717597190624159,9.75321103466158,0.8234204610274134,0.9326707590373186,0.7501081631525047,25.8207
2024-06-21,value,NVDA UW Equity,126.57,-0.06684048352690207,-0.02393932211424498,-0.0314450501698664,-0.0835111005767559,,47.5251,43.9432,3113622.0,11.199,24.4391,25.5495,84.1657,1.2603,75.9671,14.5722,983.1344,73.6927,39.1309,18.98388985269811,300.00403475724613,0.8755668876989082,1.5315720464196951,1.287359976781922,23.6583
2024-06-21,value,PANW UW Equity,160.165,-0.011394499422470507,0.058314862797739855,0.04754471950800743,0.06178003933443643,,58.7136,4.9016,103722.854,,11.4501,11.0984,170.3594,2.9973,74.1233,2.0624,124.5235,126.8718,12.9438,8.956491661168332,35.41074757343961,0.7447302585005582,1.166276219995675,1.278413516493621,
2024-06-21,value,PEP UW Equity,167.28,0.00478240076518419,-0.014048302247728326,-0.005978000956480153,0.02331420373027263,,45.3255,5.0876,229974.1987,7.5264,2.9844,2.6907,23.7262,3.0505,54.8055,37.6919,3.3473,21.128,2.5024,3.1634112614811944,6.868441000910399,0.8904923670878607,0.9300182108744937,0.9434119541581905,18.1033
2024-06-24,value,ADBE UW Equity,524.17,0.00517007840967632,0.06837476391247121,0.013106434935230947,0.007058778640517477,,33.9513,13.5487,234828.16,,9.6785,12.3962,44.0078,2.6812,88.7361,15.0798,16.0714,39.5047,11.6272,14.080237870217664,11.80042942441946,0.8976749576211489,0.9379648601990933,0.6873818531483645,
2024-06-24,value,NKE UN Equity,97.17,-0.024904806010085434,-0.20932386539055267,-0.26839559534835855,-0.1128949264176186,,36.2077,6.0622,146664.3953,10.661,2.7886,3.0789,29.803,4.4991,44.693,27.4705,26.6175,24.5379,2.8713,3.717597190624159,9.75321103466158,0.8233365768546791,0.9325733216408458,0.7501081631525047,25.8211
2024-06-24,value,NVDA UW Equity,118.11,0.0675641351282703,0.05240877148420962,-0.03268139869613072,-0.015663364660062604,,47.5251,43.9432,2905506.0,11.199,24.4391,25.5495,84.1657,1.3506,75.9671,14.5722,983.1344,68.7671,36.5154,18.98388985269811,300.00403475724613,0.8170442353595349,1.429202137028122,1.287359976781922,23.7486
2024-06-24,value,PANW UW Equity,158.34,0.018946570670708603,0.07648099027409362,0.023872679045092843,0.08680687128962994,,58.7136,4.9016,102540.984,,11.4501,11.0984,170.3594,3.0319,74.1233,2.0624,124.5235,125.4261,12.7963,8.956491661168332,35.42014848621199,0.7362440816297781,1.1529860160023067,1.278413516493621,
2024-06-24,value,PEP UW Equity,168.08,-0.004343169919086258,-0.030878153260352367,0.0005354593050926641,0.023976677772489297,,45.3255,5.0876,231074.0275,7.5264,2.9844,2.6907,23.7262,3.0359,54.8055,37.6919,3.3473,21.229,2.5144,3.1634112614811944,6.91707021714906,0.8947492645261357,0.9344780168729327,0.9434119541581905,18.0887
2024-06-25,value,NKE UN Equity,94.75,-0.007282321899736124,-0.19746701846965692,-0.24633245382585756,-0.07693931398416894,,36.2077,6.0622,143011.747,10.661,2.7886,3.0789,29.803,4.614,44.693,27.4705,26.6175,23.9268,2.7998,3.717597190624159,9.711872725420651,0.8028319296715095,0.9093507421481698,0.7501081631525047,25.936
2024-06-25,value,NVDA UW Equity,126.09,0.002458561345070999,-0.027123483226266964,-0.10952494250138792,-0.04139900071377586,,47.5251,43.9432,3101814.0,11.199,24.4391,25.5495,84.1657,1.2651,75.9671,14.5722,983.1344,73.4133,38.9825,18.98388985269811,300.00403475724613,0.8722472456119299,1.5257637135756084,1.287359976781922,23.6631
2024-06-25,value,PANW UW Equity,161.34,0.007995537374488607,0.05503904797322422,-0.007902566009669057,0.06458410809470676,,58.7136,4.9016,104483.784,,11.4501,11.0984,170.3594,2.9755,74.1233,2.0624,124.5235,127.8025,13.0388,8.956491661168332,35.42014848621199,0.7501934146281333,1.1748360123981836,1.278413516493621,
2024-06-25,value,PEP UW Equity,167.35,-0.003645055273379057,-0.022527636689572642,0.021930086644756593,0.015357036151777671,,45.3255,5.0876,230070.4338,7.5264,2.9844,2.6907,23.7262,3.0492,54.8055,37.6919,3.3473,21.1368,2.5034,3.1634112614811944,6.891566588505112,0.8908632650824827,0.9303898613743635,0.9434119541581905,18.102
2024-06-26,value,NKE UN Equity,94.06,0.0013820965341271045,-0.2000850520944079,-0.2285775037210291,-0.06442696151392731,,36.2077,6.0622,141970.2894,10.661,2.7886,3.0789,29.803,4.6479,44.693,27.4705,26.6175,23.7525,2.7794,3.717597190624159,9.936844249770813,0.796983525148475,0.9027249991880216,0.7501081631525047,25.9699
2024-06-26,value,NVDA UW Equity,126.4,-0.019066455696202616,0.01487341772151895,-0.10553797468354432,-0.022863924050632915,,47.5251,43.9432,3109440.0,11.199,24.4391,25.5495,84.1657,1.262,75.9671,14.5722,983.1344,73.5938,39.0784,18.98388985269811,300.00403475724613,0.8743918246981847,1.5295172116871174,1.287359976781922,23.66
2024-06-26,value,PANW UW Equity,162.63,0.047838652155198925,0.04900694828752382,0.004765418434483218,0.04688556846830228,,58.7136,4.9016,105319.188,,11.4501,11.0984,170.3594,2.9519,74.1233,2.0624,124.5235,128.8244,13.143,8.956491661168332,35.42014848621199,0.7561919095746992,1.1842247531175665,1.278413516493621,
2024-06-26,value,PEP UW Equity,166.74,-0.002878733357322887,-0.024829075206909048,0.03604414057814556,0.01595298068849704,,45.3255,5.0876,229231.8143,7.5264,2.9844,2.6907,23.7262,3.0603,54.8055,37.6919,3.3473,21.0598,2.4943,3.1634112614811944,6.891566588505112,0.8876179076295404,0.9270078418255472,0.9434119541581905,18.1131
2024-06-27,value,NKE UN Equity,94.19,-0.1998088969105,-0.1991718866121668,-0.2191315426266058,-0.05096082386665248,,36.2077,6.0622,142166.506,10.661,2.7886,3.0789,29.803,4.6415,44.693,27.4705,26.6175,23.7854,2.7832,3.717597190624159,9.936844249770813,0.7980874408616582,0.90395920621001,0.7501081631525047,25.9635
2024-06-27,value,NVDA UW Equity,123.99,-0.003629324945560034,0.014839906444068098,-0.10000806516654562,0.00040325832728455014,,47.5251,43.9432,3050154.0,11.199,24.4391,25.5495,84.1657,1.2865,75.9671,14.5722,983.1344,72.1906,38.3333,18.98388985269811,300.00403475724613,0.8577199500509115,1.5003542143681874,1.287359976781922,23.6845
2024-06-27,value,PANW UW Equity,170.41,-0.005310721201807413,0.003726307141599618,-0.05504371809166126,-0.0061322692330261575,,58.7136,4.9016,110357.516,,11.4501,11.0984,170.3594,2.8171,74.1233,2.0624,124.5235,134.9871,13.7718,8.956491661168332,35.42014848621199,0.7923666084759632,1.2408815685143806,1.278413516493621,
2024-06-27,value,PEP UW Equity,166.26,-0.007999518825935187,-0.011247443762781214,0.041801996872368685,0.020630338024780506,,45.3255,5.0876,228571.917,7.5264,2.9844,2.6907,23.7262,3.0692,54.8055,37.6919,3.3473,20.9991,2.4871,3.1634112614811944,6.891566588505112,0.8850595544166364,0.9243319582264837,0.9434119541581905,18.122
2024-06-28,value,NKE UN Equity,75.37,0.01937110256070046,-0.030781478041661234,-0.013931272389545063,0.1866790500199017,,36.2077,6.0622,113760.3733,10.661,2.7886,3.0789,29.803,5.8005,44.693,27.4705,26.6175,19.0328,2.2271,3.717597190624159,9.936844249770813,0.6386202731268664,0.7233427522816591,0.7501081631525047,27.1225
2024-06-28,value,NVDA UW Equity,123.54,0.006151853650639395,0.03772057633155239,-0.16035292213048408,-0.017322324753116403,,47.5251,43.9432,3039084.0,11.199,24.4391,25.5495,84.1657,1.2912,75.9671,14.5722,983.1344,71.9286,38.1942,18.98388985269811,300.00403475724613,0.8546070430115831,1.4949098808195858,1.287359976781922,23.6892
2024-06-28,value,PANW UW Equity,169.505,0.005575056782985713,-0.004041178726291273,-0.06341995811333,-0.009616235509276986,,58.7136,4.9016,109771.438,,11.4501,11.0984,170.3594,2.8322,74.1233,2.0624,124.5235,134.2703,13.6986,8.956491661168332,35.42014848621199,0.7881590331968767,1.234286023210553,1.278413516493621,
2024-06-28,value,PDD UW Equity,132.95,0.0002256487401278762,0.013012410680707171,-0.07363670552839408,0.01827754795035733,,43.7274,6.7404,184637.0533,,2.7299,4.3574,17.9803,10.114,60.0328,1.7613,45.8479,14.4154,3.8878,8.647110218093786,128.8845038017306,0.8017330077918611,0.8922293110570523,0.31570084469234316,
2024-06-28,value,PEP UW Equity,164.93,-0.012368883768871766,-0.017037531073788893,0.05002122112411326,0.030740314072636835,,45.3255,5.0876,226743.4517,7.5264,2.9844,2.6907,23.7262,3.0939,54.8055,37.6919,3.3473,20.8312,2.4672,3.1634112614811944,6.891566588505112,0.8779829892692467,0.9169361132790723,0.9434119541581905,18.1467
2024-07-01,value,NKE UN Equity,76.83,-0.01028244175452287,-0.056878823376285366,-0.025641025641025626,0.1505922165820644,,36.2077,6.0622,115964.0371,10.661,2.7886,3.0789,29.803,5.6902,44.693,27.4705,26.6175,19.4015,2.2702,3.717597190624159,9.936844249770813,0.6509915109217193,0.7373412582415798,0.7501081631525047,27.0122
2024-07-01,value,NVDA UW Equity,124.3,-0.013113435237329007,0.056958970233306504,-0.05856798069187451,-0.02300884955752212,,47.5251,43.9432,3057780.0,11.199,24.4391,25.5495,84.1657,1.2833,75.9671,14.5722,983.1344,72.3711,38.4291,18.98388985269811,300.00403475724613,0.8598645291371663,1.504103798508777,1.287359976781922,23.6813
2024-07-01,value,PANW UW Equity,170.45,-0.001349369316515047,-0.013845702552067969,-0.047433264887063536,0.0026400704018774836,,58.7136,4.9016,110383.42,,11.4501,11.0984,170.3594,2.8165,74.1233,2.0624,124.5235,135.0188,13.775,8.956491661168332,35.42014848621199,0.7925526856751081,1.2411698983637283,1.278413516493621,
2024-07-01,value,PDD UW Equity,132.98,0.006767935027823776,0.03564445781320506,-0.03075650473755455,0.013761467889908351,,43.7274,6.7404,184678.7164,,2.7299,4.3574,17.9803,10.1102,60.0328,1.7613,45.8479,14.4208,3.8893,8.647110218093786,128.8845038017306,0.8020333364849307,0.8925735530362142,0.31570084469234316,
2024-07-01,value,PEP UW Equity,162.89,0.004235987476211101,-0.006077721161519926,0.06004051814107681,0.04395604395604411,,45.3255,5.0876,223938.8883,7.5264,2.9844,2.6907,23.7262,3.1327,54.8055,37.6919,3.3473,20.5735,2.4367,3.1634112614811944,6.891566588505112,0.8671215786767371,0.9056007730330398,0.9434119541581905,18.185499999999998
2024-07-02,value,NKE UN Equity,76.04,-0.010520778537611932,-0.04602840610205155,-0.02880063124671241,0.17214623882167265,,36.2077,6.0622,114771.6437,10.661,2.7886,3.0789,29.803,5.7493,44.693,27.4705,26.6175,19.202,2.2469,3.717597190624159,9.936844249770813,0.6442975539375231,0.7297736204488616,0.7501081631525047,27.0713
2024-07-02,value,NVDA UW Equity,122.67,0.04573245292247493,0.09977989728539981,-0.10972527920436952,-0.04622157006603083,,47.5251,43.9432,3017682.0,11.199,24.4391,25.5495,84.1657,1.3004,75.9671,14.5722,983.1344,71.422,37.9252,18.98388985269811,300.00403475724613,0.8485879639805763,1.484381299046948,1.287359976781922,23.6984
2024-07-02,value,PANW UW Equity,170.22,0.002232405122782255,-0.009928328046058029,-0.0729056515098108,-0.03275173305134525,,58.7136,4.9016,110234.472,,11.4501,11.0984,170.3594,2.8203,74.1233,2.0624,124.5235,134.8366,13.7564,8.956491661168332,35.42014848621199,0.7914831820257644,1.2394939811143948,1.278413516493621,
2024-07-02,value,PDD UW Equity,133.88,0.025844039438303018,0.031296683597251254,-0.04526441589483121,0.08783985658798918,,43.7274,6.7404,185928.6099,,2.7299,4.3574,17.9803,10.0383,60.0328,1.7613,45.8479,14.5242,3.9172,8.647110218093786,128.8845038017306,0.8077840747929679,0.8989764538486252,0.31570084469234316,
2024-07-02,value,PEP UW Equity,163.58,-0.005990952439173604,6.11321677466127e-05,0.06956840689570849,0.04768309084240117,,45.3255,5.0876,224887.4906,7.5264,2.9844,2.6907,23.7262,3.1195,54.8055,37.6919,3.3473,20.6607,2.447,3.1634112614811944,6.876057625140552,0.8707968406234458,0.9094287731816999,0.9434119541581905,18.1723
2024-07-03,value,NKE UN Equity,75.24,0.002525252525252684,-0.02458798511430083,-0.016347687400318844,0.10446570972886762,,36.2077,6.0622,113564.1566,10.661,2.7886,3.0789,29.803,5.8105,44.693,27.4705,26.6175,19.0,2.2233,3.717597190624159,9.936844249770813,0.6375197127805925,0.7221085452596707,0.7501081631525047,27.1325
2024-07-03,value,NVDA UW Equity,128.28,-0.019098846273776136,-0.006859993763641998,-0.16378235110695358,-0.07351106953539138,,47.5251,43.9432,3155688.0,11.199,24.4391,25.5495,84.1657,1.2435,75.9671,14.5722,983.1344,74.6883,39.6596,18.98388985269811,300.00403475724613,0.887395934448356,1.5522652106694848,1.287359976781922,23.6415
2024-07-03,value,PANW UW Equity,170.6,0.002608440797186361,-0.02977725674091433,-0.10433763188745594,-0.026582649472450155,,58.7136,4.9016,110480.56,,11.4501,11.0984,170.3594,2.814,74.1233,2.0624,124.5235,135.1377,13.7871,8.956491661168332,35.42014848621199,0.793250621920481,1.242260145606574,1.278413516493621,
2024-07-03,value,PDD UW Equity,137.34,-0.008373379933013002,0.013834279889325802,-0.07230231542158153,0.11191204310470368,,43.7274,6.7404,190733.7563,,2.7299,4.3574,17.9803,9.7867,60.0328,1.7613,45.8479,14.8975,4.0179,8.647110218093786,128.8845038017306,0.8285456861120226,0.9220865653830266,0.31570084469234316,
2024-07-03,value,PEP UW Equity,162.6,0.011008610086100813,0.008302583025830224,0.09495694956949569,0.0427429274292744,,45.3255,5.0876,223540.2003,7.5264,2.9844,2.6907,23.7262,3.1383,54.8055,37.6919,3.3473,20.5369,2.4324,3.1634112614811944,6.876057625140552,0.8655789801991048,0.904002675883599,0.9434119541581905,18.1911
2024-07-05,value,NKE UN Equity,75.43,-0.031552432719077414,-0.026647222590481308,-0.05316187193424373,0.08842635556144753,,36.2077,6.0622,113850.9348,10.661,2.7886,3.0789,29.803,5.7958,44.693,27.4705,26.6175,19.048,2.2289,3.717597190624159,9.936844249770813,0.6391302888970908,0.7239273766604956,0.7501081631525047,27.1178
2024-07-05,value,NVDA UW Equity,125.83,0.018834936024795284,0.027100055630612817,-0.2017007073035047,-0.023682746562822887,,47.5251,43.9432,3095418.0,11.199,24.4391,25.5495,84.1657,1.2677,75.9671,14.5722,983.1344,73.2619,38.9022,18.98388985269811,300.00403475724613,0.8704484130708827,1.522620794927494,1.287359976781922,23.6657
2024-07-05,value,PANW UW Equity,171.045,-0.013008272676780931,-0.016340729047911295,-0.1400508638077698,-0.017977725160045536,,58.7136,4.9016,110768.742,,11.4501,11.0984,170.3594,2.8067,74.1233,2.0624,124.5235,135.4901,13.8231,8.956491661168332,35.42014848621199,0.7953191899008802,1.245503856411735,1.278413516493621,
2024-07-05,value,PDD UW Equity,136.19,-0.01108745135472495,0.045744915192011085,-0.07342683016374184,0.12064028195902789,,43.7274,6.7404,189136.6701,,2.7299,4.3574,17.9803,9.8721,60.0328,1.7613,45.8479,14.7687,3.9831,8.647110218093786,134.68526767093277,0.8213822906180653,0.9141001514664707,0.31570084469234316,
2024-07-05,value,PEP UW Equity,164.39,-0.013808625828821594,0.012105359206764458,0.05870186751018922,0.025184013626133067,,45.3255,5.0876,226001.0673,7.5264,2.9844,2.6907,23.7262,3.1041,54.8055,37.6919,3.3473,20.763,2.4592,3.1634112614811944,6.858825443624368,0.8751085298109265,0.9139629092801129,0.9434119541581905,18.1569
2024-07-08,value,NKE UN Equity,73.05,-0.008076659822039745,-0.023819301848049212,-0.0075290896646132395,0.1259411362080767,,36.2077,6.0622,110258.6609,10.661,2.7886,3.0789,29.803,5.9847,44.693,27.4705,26.6175,18.447,2.1586,3.717597190624159,9.936844249770813,0.6189645337717679,0.7010945467537107,0.7501081631525047,27.3067
2024-07-08,value,NOW UN Equity,766.2,-0.028961106760636977,0.002153484729835522,0.03491255546854607,0.1977029496215086,,22.6997,13.2749,157071.0,,17.3431,15.9547,150.349,1.9616,79.1205,11.6036,80.9524,132.1894,15.791,16.256991160765267,30.07222953971024,0.8792170217294429,0.9897397005271173,1.0668087242278852,
2024-07-08,value,NVDA UW Equity,128.2,0.024804992199688042,0.0018720748829953908,-0.1868174726989079,-0.02558502340093594,,47.5251,43.9432,3153720.0,11.199,24.4391,25.5495,84.1657,1.2443,75.9671,14.5722,983.1344,74.6418,39.6349,18.98388985269811,300.00403475724613,0.8868434528554981,1.5512984598524435,1.287359976781922,23.6423
2024-07-08,value,PANW UW Equity,168.82,-0.004324132211823184,0.009684871460727516,-0.10576353512616983,0.01397938632863413,,58.7136,4.9016,109327.832,,11.4501,11.0984,170.3594,2.8437,74.1233,2.0624,124.5235,133.7277,13.6433,8.956491661168332,35.42014848621199,0.7849740020216085,1.2293033230015138,1.278413516493621,
2024-07-08,value,PDD UW Equity,134.68,0.022572022572022513,0.024576774576774593,-0.015295515295515311,0.14545589545589546,,43.7274,6.7404,187039.6264,,2.7299,4.3574,17.9803,9.9828,60.0328,1.7613,45.8479,14.605,3.939,8.647110218093786,134.68526767093277,0.8122778819040839,0.9039794372791113,0.31570084469234316,
2024-07-08,value,PEP UW Equity,162.12,-0.0013570194917345106,0.010732790525536695,0.06396496422403161,0.03608438193930418,,45.3255,5.0876,222880.3031,7.5264,2.9844,2.6907,23.7262,3.1476,54.8055,37.6919,3.3473,20.4762,2.4252,3.1634112614811944,6.797823521057082,0.8630206269862009,0.9013267922845355,0.9434119541581905,18.2004
2024-07-09,value,NKE UN Equity,72.46,0.0011040574109855439,0.004830251173061117,0.0022081148219708917,0.11551200662434453,,36.2077,6.0622,109368.1392,10.661,2.7886,3.0789,29.803,6.0334,44.693,27.4705,26.6175,18.298,2.1411,3.717597190624159,9.936844249770813,0.6139650370768043,0.6954106986261327,0.7501081631525047,27.3554
2024-07-09,value,NOW UN Equity,744.01,-0.0011558984422252573,0.022553460302952882,0.04337307294256795,0.21764492412736397,,22.6997,13.2749,152522.05,,17.3431,15.9547,150.349,2.0201,79.1205,11.6036,80.9524,128.361,15.3337,16.256991160765267,30.07222953971024,0.8537535999574324,0.9610773001059248,1.0668087242278852,
2024-07-09,value,PANW UW Equity,168.09,0.0026176453090606087,0.006901064905705257,-0.09509786423939565,0.0052352906181212175,,58.7136,4.9016,108855.084,,11.4501,11.0984,170.3594,2.856,74.1233,2.0624,124.5235,133.1494,13.5843,8.956491661168332,35.42014848621199,0.7815794138744326,1.2239872414041664,1.278413516493621,
2024-07-09,value,PDD UW Equity,137.72,0.002541388324135887,-0.013650885855358666,-0.03318327040371764,0.11160325297705492,,43.7274,6.7404,191261.4891,,2.7299,4.3574,17.9803,9.7566,60.0328,1.7613,45.8479,14.9435,4.0303,8.647110218093786,134.68526767093277,0.8311040416455788,0.9249322990774316,0.31570084469234316,
2024-07-09,value,PEP UW Equity,161.9,0.010438542310067928,0.017665225447807197,0.061087090796788056,0.03279802347127858,,45.3255,5.0876,222577.8502,7.5264,2.9844,2.6907,23.7262,3.1518,54.8055,37.6919,3.3473,20.4485,2.4219,3.1634112614811944,6.823327149701031,0.8618531412531295,0.9001003456349648,0.9434119541581905,18.2046
2024-07-10,value,NKE UN Equity,72.54,0.01171767300799551,0.00730631375792648,0.02274607113316779,0.11345464571271008,,36.2077,6.0622,109488.8879,10.661,2.7886,3.0789,29.803,6.0268,44.693,27.4705,26.6175,18.3182,2.1435,3.717597190624159,9.936844249770813,0.6146428211924975,0.6961901977979148,0.7501081631525047,27.348799999999997
2024-07-10,value,NOW UN Equity,743.15,0.008060283926528976,-0.009527013388952335,0.07130458184754089,0.2406647379398507,,22.6997,13.2749,152345.75,,17.3431,15.9547,150.349,2.0224,79.1205,11.6036,80.9524,128.2127,15.3159,16.256991160765267,30.07222953971024,0.8527672282489409,0.9599616413972057,1.0668087242278852,
2024-07-10,value,PANW UW Equity,168.53,-0.01786032160446206,-0.014596807690025563,-0.058416899068415115,0.05361063312169938,,58.7136,4.9016,109140.028,,11.4501,11.0984,170.3594,2.8486,74.1233,2.0624,124.5235,133.4979,13.6198,8.956491661168332,35.42014848621199,0.7836250890763878,1.227185900670367,1.278413516493621,
2024-07-10,value,PDD UW Equity,138.07,0.008473962482798697,-0.04526689360469328,-0.00036213514883742267,0.04917795321213892,,43.7274,6.7404,191747.5588,,2.7299,4.3574,17.9803,9.7273,60.0328,1.7613,45.8479,14.9885,4.0424,8.647110218093786,134.68526767093277,0.8336067807544925,0.9277091843760039,0.31570084469234316,
2024-07-10,value,PEP UW Equity,163.59,0.002200623509994408,0.03851091142490362,0.053670762271532495,0.041750718259062194,,45.3255,5.0876,224901.2385,7.5264,2.9844,2.6907,23.7262,3.1193,54.8055,37.6919,3.3473,20.6619,2.4472,3.1634112614811944,6.729928725883338,0.8708474176227124,0.9095031032816739,0.9434119541581905,18.1721
2024-07-11,value,NKE UN Equity,73.39,0.0004087750374710606,-0.013762092928191921,0.0129445428532498,0.12345006131625565,,36.2077,6.0622,110771.8428,10.661,2.7886,3.0789,29.803,5.9569,44.693,27.4705,26.6175,18.5328,2.1686,3.717597190624159,9.936844249770813,0.6218434385800088,0.7043424599694696,0.7501081631525047,27.2789
2024-07-11,value,NOW UN Equity,749.14,0.01248097818832264,-0.013842539445230537,0.08268147475772226,0.25297007234962754,,22.6997,13.2749,153573.7,,17.3431,15.9547,150.349,2.0063,79.1205,11.6036,80.9524,129.2461,15.4394,16.256991160765267,30.07222953971024,0.8596405696080455,0.9677023071571386,1.0668087242278852,
2024-07-11,value,NVDA UW Equity,127.4,0.014442700156985898,-0.04952904238618526,-0.17778649921507067,0.04120879120879121,,47.5251,43.9432,3134040.0,11.199,24.4391,25.5495,84.1657,1.2521,75.9671,14.5722,983.1344,74.176,39.3875,18.98388985269811,300.00403475724613,0.8813091318672571,1.5416152957983524,1.287359976781922,23.6501
2024-07-11,value,PANW UW Equity,165.52,0.016493475108748126,-0.021628806186563633,0.0013291445142580888,0.09615152247462537,,58.7136,4.9016,107190.752,,11.4501,11.0984,170.3594,2.9004,74.1233,2.0624,124.5235,131.1136,13.3766,8.956491661168332,35.42014848621199,0.7696293835268262,1.2052728321199453,1.278413516493621,
2024-07-11,value,PDD UW Equity,139.24,0.02283826486641754,-0.05142200517092787,-0.008618213157138874,0.016015512783682774,,43.7274,6.7404,193372.4204,,2.7299,4.3574,17.9803,9.669,60.0328,1.7613,45.8479,15.0789,4.0668,8.647110218093786,134.68526767093277,0.8386345055421768,0.933308853903704,0.31570084469234316,
2024-07-11,value,PEP UW Equity,163.95,0.01482159194876491,0.039158279963403576,0.05147910948459895,0.05239402256785608,,45.3255,5.0876,225197.195,7.5264,2.9844,2.6907,23.7262,3.1124,54.8055,37.6919,3.3473,20.7074,2.4526,3.1634112614811944,6.553471187157634,0.8727651288449056,0.9115100159809715,0.9434119541581905,18.1652
2024-07-12,value,NKE UN Equity,73.42,-0.028738763279760274,-0.009806592209207285,0.016616725687823467,0.1182239171887768,,36.2077,6.0622,110817.1236,10.661,2.7886,3.0789,29.803,5.9545,44.693,27.4705,26.6175,18.5404,2.1695,3.717597190624159,9.936844249770813,0.622098446465121,0.704634772158888,0.7501081631525047,27.2765
2024-07-12,value,NOW UN Equity,758.49,0.012340307716647568,-0.00961120120238891,0.06345502247887248,0.24540864085221953,,22.6997,13.2749,155490.45,,17.3431,15.9547,150.349,1.9815,79.1205,11.6036,80.9524,130.8592,15.6321,16.256991160765267,30.07222953971024,0.8703696067150429,0.9797802528408556,1.0668087242278852,
2024-07-12,value,NVDA UW Equity,129.24,-0.006190034045187336,-0.08751160631383474,-0.1564531104921078,0.043098112039616165,,47.5251,43.9432,3179304.0,11.199,24.4391,25.5495,84.1657,1.2343,75.9671,14.5722,983.1344,75.2473,39.9564,18.98388985269811,300.00403475724613,0.8940375948872283,1.5638818763576587,1.287359976781922,23.6323
2024-07-12,value,PANW UW Equity,168.25,0.013105497771173922,-0.016671619613670176,-0.016047548291233216,0.09777117384843975,,58.7136,4.9016,108958.7,,11.4501,11.0984,170.3594,2.8533,74.1233,2.0624,124.5235,133.2761,13.5972,8.956491661168332,35.42014848621199,0.782323135676693,1.2251495711093492,1.278413516493621,
2024-07-12,value,PDD UW Equity,142.42,-0.031105181856480684,-0.06586153630108128,0.0003510742873192766,-0.00589804802696233,,43.7274,6.7404,197788.711,,2.7299,4.3574,17.9803,9.4635,60.0328,1.7613,45.8479,15.4063,4.1551,8.647110218093786,134.68526767093277,0.8568433229701395,0.9535732317437003,0.31570084469234316,
2024-07-12,value,PEP UW Equity,166.38,-0.015146051208077785,0.017910806587330318,0.03029210241615574,0.039728332732299636,,45.3255,5.0876,228534.9759,7.5264,2.9844,2.6907,23.7262,3.067,54.8055,37.6919,3.3473,21.0143,2.4889,3.1634112614811944,6.504032058387705,0.8857001964073471,0.9250009291262496,0.9434119541581905,18.119799999999998
2024-07-15,value,NKE UN Equity,71.31,0.02103491796381994,0.049782639181040485,0.10082737343991022,0.15201234048520548,,36.2077,6.0622,107632.3765,10.661,2.7886,3.0789,29.803,6.1307,44.693,27.4705,26.6175,18.0076,2.1071,3.717597190624159,9.936844249770813,0.6042210515719894,0.6843677936925525,0.7501081631525047,27.4527
2024-07-15,value,NOW UN Equity,767.85,-0.009194504134922262,-0.014781532851468415,0.06635410561958707,0.22236113824314646,,22.6997,13.2749,157409.25,,17.3431,15.9547,150.349,1.9574,79.1205,11.6036,80.9524,132.4741,15.825,16.256991160765267,30.07222953971024,0.8811106159668505,0.9918707340156818,1.0668087242278852,
2024-07-15,value,NVDA UW Equity,128.44,-0.016194331983805654,-0.038150109000311364,-0.09576455932731234,0.04951728433509821,,47.5251,43.9432,3159624.0,11.199,24.4391,25.5495,84.1657,1.242,75.9671,14.5722,983.1344,74.7815,39.7091,18.98388985269811,300.00403475724613,0.8885032738989873,1.5542026262744868,1.287359976781922,23.64
2024-07-15,value,PANW UW Equity,170.455,-0.007069314481828121,-0.021149276935261613,-0.02252793992549355,0.0947170807544512,,58.7136,4.9016,110386.658,,11.4501,11.0984,170.3594,2.8164,74.1233,2.0624,124.5235,135.0228,13.7754,8.956491661168332,35.43581667416596,0.7925761654478708,1.2412059395948964,1.278413516493621,
2024-07-15,value,PDD UW Equity,137.99,-0.015580839191245782,-0.02717588231031234,0.04369881875498225,0.049061526197550415,,43.7274,6.7404,191636.4572,,2.7299,4.3574,17.9803,9.755,60.0328,1.7613,45.8479,14.946,4.031,8.647110218093786,135.9214165405447,0.831243082707185,0.9250929453343736,0.31570084469234316,
2024-07-15,value,PEP UW Equity,163.86,0.00549249359209067,0.023190528499938867,0.05193457829854748,0.06682533870377144,,45.3255,5.0876,225073.5735,7.5264,2.9844,2.6907,23.7262,3.1141,54.8055,37.6919,3.3473,20.696,2.4512,3.1634112614811944,6.427295340182307,0.8722846473518727,0.9109897052811536,0.9434119541581905,18.1669
2024-07-16,value,NKE UN Equity,72.81,0.0035709380579589467,0.00810328251613794,0.07842329350363952,0.12072517511330849,,36.2077,6.0622,109896.4147,10.661,2.7886,3.0789,29.803,6.0044,44.693,27.4705,26.6175,18.3864,2.1515,3.717597190624159,9.936844249770813,0.6169311814246887,0.698788528370522,0.7501081631525047,27.3264
2024-07-16,value,NOW UN Equity,760.79,-0.03249254064853628,0.006217221572313015,0.0765388609208849,0.24172242011593226,,22.6997,13.2749,155961.95,,17.3431,15.9547,150.349,1.9755,79.1205,11.6036,80.9524,131.256,15.6795,16.256991160765267,30.09340965391888,0.8730087995264352,0.9827511642337368,1.0668087242278852,
2024-07-16,value,NVDA UW Equity,126.36,-0.06623931623931628,-0.029835390946502026,-0.06552706552706554,0.0926717315606204,,47.5251,43.9432,3108456.0,11.199,24.4391,25.5495,84.1657,1.2624,75.9671,14.5722,983.1344,73.5705,39.066,18.98388985269811,300.00403475724613,0.8741149898355267,1.529031879293137,1.287359976781922,23.6604
2024-07-16,value,PANW UW Equity,169.25,-0.01878877400295425,-0.008685376661742976,0.004165435745938036,0.10460856720827186,,58.7136,4.9016,109606.3,,11.4501,11.0984,170.3594,2.8364,74.1233,2.0624,124.5235,134.0683,13.678,8.956491661168332,35.430119151273615,0.7869733046723574,1.2324298998053775,1.278413516493621,
2024-07-16,value,PDD UW Equity,135.84,-0.029593639575971806,-0.02031802120141336,0.045200235571260204,0.001398704358068299,,43.7274,6.7404,188650.6003,,2.7299,4.3574,17.9803,9.8971,60.0328,1.7613,45.8479,14.7314,3.9731,8.647110218093786,135.94096688981324,0.8193077979788992,0.9118052049387249,0.31570084469234316,
2024-07-16,value,PEP UW Equity,164.76,0.031136198106336464,0.00922554017965532,0.054321437242049145,0.06882738528769121,,45.3255,5.0876,226309.7886,7.5264,2.9844,2.6907,23.7262,3.0971,54.8055,37.6919,3.3473,20.8097,2.4647,3.1634112614811944,6.427295340182307,0.8770768180323861,0.9160069870293975,0.9434119541581905,18.1499
2024-07-17,value,NKE UN Equity,73.07,-0.0094429998631449,-0.0270973039551114,0.12905433146298081,0.12385383878472714,,36.2077,6.0622,110288.848,10.661,2.7886,3.0789,29.803,5.983,44.693,27.4705,26.6175,18.452,2.1591,3.717597190624159,9.936844249770813,0.6191323021172366,0.7012569424144987,0.7501081631525047,27.305
2024-07-17,value,NOW UN Equity,736.07,0.0036681293898677184,-0.007064545491597328,0.1304767209640387,0.260695314304346,,22.6997,13.2749,150894.35,,17.3431,15.9547,150.349,2.0419,79.1205,11.6036,80.9524,126.9912,15.17,16.256991160765267,30.10187478928777,0.8446427977572183,0.9508170006330422,1.0668087242278852,
2024-07-17,value,NVDA UW Equity,117.99,0.02627341300110186,-0.031697601491651795,0.0412746842952793,0.11534875836935334,,47.5251,43.9432,2902554.0,11.199,24.4391,25.5495,84.1657,1.352,75.9671,14.5722,983.1344,68.6972,36.4783,18.98388985269811,300.00403475724613,0.8162137307715612,1.4277500538171002,1.287359976781922,23.75
2024-07-17,value,PANW UW Equity,166.07,-0.024869031131450565,-0.02378515084000716,0.03350996567712409,0.12735593424459568,,58.7136,4.9016,107546.932,,11.4501,11.0984,170.3594,2.8908,74.1233,2.0624,124.5235,131.5493,13.421,8.956491661168332,35.35921664416875,0.7721869177750097,1.209273408779644,1.278413516493621,
2024-07-17,value,PDD UW Equity,131.82,0.00197238658777135,0.00037930511303300996,0.10059171597633151,-0.02738582916097698,,43.7274,6.7404,183067.7425,,2.7299,4.3574,17.9803,10.2083,60.0328,1.7613,45.8479,14.2822,3.8519,8.647110218093786,135.94096688981324,0.7943249000294766,0.8839904530224446,0.31570084469234316,
2024-07-18,value,NKE UN Equity,72.38,0.00442111080408963,-0.013401492124896365,0.14990328820116067,0.15971262779773424,,36.2077,6.0622,109247.3905,10.661,2.7886,3.0789,29.803,6.0401,44.693,27.4705,26.6175,18.2778,2.1388,3.717597190624159,9.936844249770813,0.6132872529611113,0.6946636785865081,0.7501081631525047,27.362099999999998
2024-07-18,value,NOW UN Equity,738.77,0.01682526361384472,0.12185118507789973,0.1201862555328451,0.24378358623116805,,22.6997,13.2749,151447.85,,17.3431,15.9547,150.349,2.0344,79.1205,11.6036,80.9524,127.457,15.2257,16.256991160765267,30.10187478928777,0.8477409227863172,0.9543081349069552,1.0668087242278852,
2024-07-18,value,NVDA UW Equity,121.09,-0.02609629201420428,-0.07275580146998102,0.028821537699231934,0.12081922536955979,,47.5251,43.9432,2978814.0,11.199,24.4391,25.5495,84.1657,1.3174,75.9671,14.5722,983.1344,70.5021,37.4367,18.98388985269811,300.00403475724613,0.8376583335016521,1.4652615511066756,1.287359976781922,23.7154
2024-07-18,value,PANW UW Equity,161.94,0.021643818698283288,-0.011578362356428307,0.031585772508336475,0.1523712486105966,,58.7136,4.9016,104872.344,,11.4501,11.0984,170.3594,2.9645,74.1233,2.0624,124.5235,128.2778,13.0872,8.956491661168332,35.35921664416875,0.7529833986266682,1.1791970013695667,1.278413516493621,
2024-07-18,value,PDD UW Equity,132.08,0.007268322228951994,-0.01771653543307089,0.13029981829194412,-0.03543307086614178,,43.7274,6.7404,183428.8228,,2.7299,4.3574,17.9803,10.1902,60.0328,1.7613,45.8479,14.3077,3.8588,8.647110218093786,135.5832694280911,0.7957431188578612,0.8855739661265892,0.31570084469234316,
2024-07-19,value,NKE UN Equity,72.7,0.02971114167812925,-0.0019257221458046845,0.14552957359009625,0.14718019257221462,,36.2077,6.0622,109730.3853,10.661,2.7886,3.0789,29.803,6.0135,44.693,27.4705,26.6175,18.3586,2.1482,3.717597190624159,9.936844249770813,0.6159983894238834,0.6977167170093216,0.7501081631525047,27.3355
2024-07-19,value,NOW UN Equity,751.2,0.007055378061767777,0.10171725239616608,0.10873269435569748,0.22087326943556967,,22.6997,13.2749,153996.0,,17.3431,15.9547,150.349,2.0008,79.1205,11.6036,80.9524,129.6015,15.4818,16.256991160765267,30.10187478928777,0.8620044030888133,0.9703598312722896,1.0668087242278852,
2024-07-19,value,NVDA UW Equity,117.93,0.047570592724497575,-0.04129568388026799,0.10234885101331292,0.1611125243788688,,47.5251,43.9432,2901078.0,11.199,24.4391,25.5495,84.1657,1.3527,75.9671,14.5722,983.1344,68.6623,36.4598,18.98388985269811,300.00403475724613,0.8157990725438035,1.427025969197049,1.287359976781922,23.7507
2024-07-19,value,PANW UW Equity,165.445,0.0084922481791532,-0.012330381697845158,0.03768624014022796,0.13678261657952792,,58.7136,4.9016,107142.182,,11.4501,11.0984,170.3594,2.9017,74.1233,2.0624,124.5235,131.0542,13.3705,8.956491661168332,35.35921664416875,0.7692807089012993,1.2047232033446262,1.278413516493621,
2024-07-19,value,PDD UW Equity,133.04,0.009019843656043424,-0.016837041491280673,0.13582381238725214,-0.07073060733613949,,43.7274,6.7404,184762.0426,,2.7299,4.3574,17.9803,10.1039,60.0328,1.7613,45.8479,14.4299,3.8918,8.647110218093786,135.5832694280911,0.8025394459491777,0.8931472896681507,0.31570084469234316,
2024-07-22,value,NKE UN Equity,74.86,-0.019503072401816642,-0.01749933208656161,0.11621693828479833,0.10766764627304304,,36.2077,6.0622,112990.6003,10.661,2.7886,3.0789,29.803,5.84,44.693,27.4705,26.6175,18.904,2.212,3.717597190624159,9.936844249770813,0.6342985605475958,0.7184384033258632,0.7501081631525047,27.162
2024-07-22,value,NOW UN Equity,756.5,0.011923331130204867,0.05625908790482478,0.10802379378717783,0.21844018506278917,,22.6997,13.2749,155082.5,,17.3431,15.9547,150.349,1.9867,79.1205,11.6036,80.9524,130.5159,15.5911,16.256991160765267,30.10187478928777,0.8680862526521627,0.9772104771634691,1.0668087242278852,
2024-07-22,value,NVDA UW Equity,123.54,-0.007689817063299359,-0.09672980411202851,0.030030759268253146,0.117047110247693,,47.5251,43.9432,3039084.0,11.199,24.4391,25.5495,84.1657,1.2912,75.9671,14.5722,983.1344,71.9286,38.1942,18.98388985269811,300.00403475724613,0.8546070430115831,1.4949098808195858,1.287359976781922,23.6892
2024-07-22,value,PANW UW Equity,166.85,0.005573868744381222,-0.03488163020677251,0.10281690140845072,0.12325442013784836,,58.7136,4.9016,108052.06,,11.4501,11.0984,170.3594,2.8772,74.1233,2.0624,124.5235,132.1672,13.4841,8.956491661168332,35.35921664416875,0.7758139556725371,1.214958912996468,1.278413516493621,
2024-07-22,value,PDD UW Equity,134.24,-0.008641239570917733,-0.0495381406436234,0.0743444576877234,-0.07166269368295593,,43.7274,6.7404,186428.5674,,2.7299,4.3574,17.9803,10.008,60.0328,1.7613,45.8479,14.5681,3.929,8.647110218093786,135.5832694280911,0.8102256358347747,0.9016844907513655,0.31570084469234316,
2024-07-22,value,PEP UW Equity,167.66,-0.008230943576285312,0.03310270786114763,0.048848860789693416,0.044136943814863445,,45.3255,5.0876,230293.1486,7.5264,2.9844,2.6907,23.7262,3.0435,54.8055,37.6919,3.3473,21.176,2.5081,3.1634112614811944,6.438342075491093,0.892515447058526,0.9321366187237522,0.9434119541581905,18.0963
2024-07-23,value,NKE UN Equity,73.4,-0.031471389645776594,0.012534059945503917,0.1444141689373296,0.11008174386920978,,36.2077,6.0622,110786.9364,10.661,2.7886,3.0789,29.803,5.9561,44.693,27.4705,26.6175,18.5354,2.1689,3.717597190624159,9.936844249770813,0.6219306781196523,0.7044398973659424,0.7501081631525047,27.2781
2024-07-23,value,NOW UN Equity,765.52,-0.04526335040234086,0.04347371721182983,0.09622217577594311,0.19962901034590874,,22.6997,13.2749,156931.6,,17.3431,15.9547,150.349,1.9633,79.1205,11.6036,80.9524,132.0721,15.777,16.256991160765267,30.10187478928777,0.8784368369593414,0.9888622161494731,1.0668087242278852,
2024-07-23,value,NVDA UW Equity,122.59,-0.06803165021616774,-0.15384615384615383,0.048209478750305866,0.1722815890366262,,47.5251,43.9432,3015714.0,11.199,24.4391,25.5495,84.1657,1.3012,75.9671,14.5722,983.1344,71.3755,37.9005,18.98388985269811,300.00403475724613,0.8480354823877185,1.4834145482299068,1.287359976781922,23.6992
2024-07-23,value,PANW UW Equity,167.78,-0.03373465252115864,-0.053790678269162034,0.07208844915961378,0.1276969841459054,,58.7136,4.9016,108654.328,,11.4501,11.0984,170.3594,2.8613,74.1233,2.0624,124.5235,132.9038,13.5592,8.956491661168332,35.35921664416875,0.7801377558267991,1.2217256541483459,1.278413516493621,
2024-07-23,value,PDD UW Equity,133.08,-0.009092275323113975,-0.07454162909528114,0.09655846107604443,-0.0617673579801624,,43.7274,6.7404,184817.5934,,2.7299,4.3574,17.9803,10.0936,60.0328,1.7613,45.8479,14.4446,3.8957,8.647110218093786,135.5742746245411,0.8033570073914228,0.8940423188139717,0.31570084469234316,
2024-07-23,value,PEP UW Equity,166.28,0.011366369978349689,0.04149627134953095,0.05370459465961034,0.052501804185710786,,45.3255,5.0876,228397.6187,7.5264,2.9844,2.6907,23.7262,3.0688,54.8055,37.6919,3.3473,21.0017,2.4874,3.1634112614811944,6.438342075491093,0.8851691379150476,0.9244434533764447,0.9434119541581905,18.1216
2024-07-24,value,NKE UN Equity,71.09,0.0045013363342241266,0.053031368687579065,0.17330144886763246,0.14530876353917566,,36.2077,6.0622,107300.3176,10.661,2.7886,3.0789,29.803,6.1497,44.693,27.4705,26.6175,17.952,2.1006,3.717597190624159,9.936844249770813,0.6023554675703788,0.6822566501023093,0.7501081631525047,27.4717
2024-07-24,value,NOW UN Equity,730.87,0.1339773147071298,0.11427476842666956,0.12322300819571189,0.2559689137603131,,22.6997,13.2749,149828.35,,17.3431,15.9547,150.349,2.0564,79.1205,11.6036,80.9524,126.0941,15.0629,16.256991160765267,31.523278511504277,0.8386760138078737,0.9441042451440641,1.0668087242278852,
2024-07-24,value,NVDA UW Equity,114.25,-0.01724288840262581,0.024245076586433226,0.08306345733041572,0.2568052516411379,,47.5251,43.9432,2810550.0,11.199,24.4391,25.5495,84.1657,1.3962,75.9671,14.5722,983.1344,66.5197,35.322,18.98388985269811,300.00403475724613,0.7903421465038608,1.3824928080784362,1.287359976781922,23.7942
2024-07-24,value,PANW UW Equity,162.12,-0.012675795706883831,0.0015112262521589227,0.07784357266222554,0.15994325191216388,,58.7136,4.9016,104988.912,,11.4501,11.0984,170.3594,2.9612,74.1233,2.0624,124.5235,128.4204,13.1018,8.956491661168332,35.35921664416875,0.7538204525256604,1.1805125063072155,1.278413516493621,
2024-07-24,value,PDD UW Equity,131.87,-0.016152271176158303,-0.02259801319481321,0.11617502085387119,-0.025479639038447056,,43.7274,6.7404,183137.181,,2.7299,4.3574,17.9803,10.2033,60.0328,1.7613,45.8479,14.2892,3.8538,8.647110218093786,135.6374436102029,0.7947142150019744,0.8844264928627162,0.31570084469234316,
2024-07-24,value,PEP UW Equity,168.17,0.01694713682583114,0.026758637093417376,0.04501397395492669,0.03686745555093071,,45.3255,5.0876,230993.6705,7.5264,2.9844,2.6907,23.7262,3.0343,54.8055,37.6919,3.3473,21.2404,2.5157,3.1634112614811944,6.438342075491093,0.8952297460191688,0.9349611625227635,0.9434119541581905,18.0871
2024-07-25,value,NKE UN Equity,71.41,0.016104187088643127,0.034168883909816525,0.17700602156560707,0.12099145777902257,,36.2077,6.0622,107069.2222,10.661,2.7886,3.0789,29.803,6.1221,44.693,27.4705,26.6175,18.0328,2.1101,3.717597190624159,9.936844249770813,0.605066604033151,0.6853421676572802,0.7501081631525047,27.4441
2024-07-25,value,NVDA UW Equity,112.28,0.006946918418240124,-0.02734235838974,0.1522087638047738,0.2429640185251158,,47.5251,43.9432,2762088.0,11.199,24.4391,25.5495,84.1657,1.4207,75.9671,14.5722,983.1344,65.3727,34.713,18.98388985269811,300.00403475724613,0.7767142672133659,1.358656725180532,1.287359976781922,23.8187
2024-07-25,value,PANW UW Equity,160.065,0.02086652297504141,-0.014088026739137198,0.09564864273888735,0.11888920126198732,,58.7136,4.9016,103658.094,,11.4501,11.0984,170.3594,2.9992,74.1233,2.0624,124.5235,126.7925,12.9357,8.956491661168332,35.35921664416875,0.7442647720055365,1.1655463850645138,1.278413516493621,
2024-07-25,value,PDD UW Equity,129.74,0.008170186526899971,-0.014798828426083056,0.07807923539386462,-0.05703715122552802,,43.7274,6.7404,180179.0996,,2.7299,4.3574,17.9803,10.4015,60.0328,1.7613,45.8479,14.017,3.7804,8.647110218093786,129.85783920631786,0.779575424214279,0.8675815853490614,0.31570084469234316,
2024-07-26,value,NKE UN Equity,72.56,0.01364388092613003,0.01998346196251382,0.16152149944873206,0.08930540242557888,,36.2077,6.0622,108793.485,10.661,2.7886,3.0789,29.803,6.0251,44.693,27.4705,26.6175,18.3232,2.1441,3.717597190624159,9.936844249770813,0.614810589537966,0.6963850725908604,0.7501081631525047,27.347099999999998
2024-07-26,value,NVDA UW Equity,113.06,-0.01300194586944984,-0.05121174597558824,0.11852113921811419,0.24190695206085258,,47.5251,43.9432,2781276.0,11.199,24.4391,25.5495,84.1657,54.9445,75.9671,14.5722,983.1344,52.9514,1.0407,18.98388985269811,300.00403475724613,0.6291327702377572,0.0407326953560735,1.287359976781922,77.3425
2024-07-26,value,PANW UW Equity,163.405,-0.014534438970655733,-0.06490009485633848,0.06214620115663536,0.11557173893087722,,58.7136,4.9016,105821.078,,11.4501,11.0984,170.3594,2.9379,74.1233,2.0624,124.5235,129.4383,13.2056,8.956491661168332,35.35921664416875,0.7597954676994636,1.18986520579543,1.278413516493621,
2024-07-26,value,PDD UW Equity,130.8,-0.024541284403669785,-0.025917431192660663,-0.23547400611620803,-0.07201834862385333,,43.7274,6.7404,181651.1964,,2.7299,4.3574,17.9803,10.3037,60.0328,1.7613,45.8479,14.1501,3.8163,8.647110218093786,129.85783920631786,0.7869779703341991,0.8758204433836692,0.31570084469234316,
2024-07-29,value,NKE UN Equity,73.55,0.01046906866077493,-0.028959891230455413,0.15961930659415377,0.0720598232494901,,36.2077,6.0622,110277.8503,10.661,2.7886,3.0789,29.803,5.944,44.693,27.4705,26.6175,18.5732,2.1733,3.717597190624159,9.936844249770813,0.6231990068113948,0.7058689791808762,0.7501081631525047,27.266
2024-07-29,value,NVDA UW Equity,111.59,-0.07043641903396361,-0.09982973384711892,0.14974460077067844,0.2683932251993905,,47.5251,43.9432,2745114.0,11.199,24.4391,25.5495,84.1657,55.6683,75.9671,14.5722,983.1344,52.2629,1.0272,18.98388985269811,300.00403475724613,0.620952478266087,0.040204309281982036,1.287359976781922,78.0663
2024-07-29,value,PANW UW Equity,161.03,-0.014127802272868445,-0.0865677203005651,0.08734397317270072,0.13780040986151648,,58.7136,4.9016,104283.028,,11.4501,11.0984,170.3594,2.9812,74.1233,2.0624,124.5235,127.557,13.0137,8.956491661168332,35.3499822532007,0.7487523435748189,1.1725744251423629,1.278413516493621,
2024-07-29,value,PDD UW Equity,127.59,-0.03472058938788312,-0.010972646759150448,-0.24829532094991774,-0.040128536719178654,,43.7274,6.7404,177193.2428,,2.7299,4.3574,17.9803,10.5497,60.0328,1.7613,45.8479,13.8201,3.7273,8.647110218093786,129.63968578518018,0.7686245502021657,0.8553954192867306,0.31570084469234316,
2024-07-30,value,NKE UN Equity,74.32,0.007265877287405897,-0.0244886975242195,0.11396663078579136,0.06175995694294946,,36.2077,6.0622,111432.3567,10.661,2.7886,3.0789,29.803,5.8824,44.693,27.4705,26.6175,18.7677,2.1961,3.717597190624159,9.936844249770813,0.6297251954501225,0.7132742213128065,0.7501081631525047,27.2044
2024-07-30,value,NVDA UW Equity,103.73,0.12812108358237725,0.005013014557023002,0.21093222789935404,0.3546707799093802,,47.5251,43.9432,2551758.0,11.199,24.4391,25.5495,84.1657,59.8865,75.9671,14.5722,983.1344,48.5817,0.9548,18.98388985269811,300.00403475724613,0.5772149462310656,0.037370594336484084,1.287359976781922,82.2845
2024-07-30,value,PANW UW Equity,158.755,0.022739441277440167,-0.04906932065131802,0.10371326887342133,0.14122389845989114,,58.7136,4.9016,102809.738,,11.4501,11.0984,170.3594,3.024,74.1233,2.0624,124.5235,125.7549,12.8299,8.956491661168332,35.3499822532007,0.7381741189508768,1.156013479420457,1.278413516493621,
2024-07-30,value,PDD UW Equity,123.16,0.046524845729132756,0.07681065280935376,-0.27598246183825914,0.02135433582331934,,43.7274,6.7404,171040.9889,,2.7299,4.3574,17.9803,10.9598,60.0328,1.7613,45.8479,13.303,3.5878,8.647110218093786,129.63968578518018,0.7398652970195159,0.8233809152246753,0.31570084469234316,
2024-07-31,value,NKE UN Equity,74.86,-0.013491851456051364,-0.0299225220411434,0.11220945765428808,0.04728827144002146,,36.2077,6.0622,112242.0105,10.661,2.7886,3.0789,29.803,5.84,44.693,27.4705,26.6175,18.904,2.212,3.717597190624159,9.936844249770813,0.6342985605475958,0.7184384033258632,0.7501081631525047,27.162
2024-07-31,value,NVDA UW Equity,117.02,-0.06674072808067,-0.1547598701076739,0.004870962228678922,0.20705862245769957,,47.5251,43.9432,2878692.0,11.199,24.4391,25.5495,84.1657,53.0852,75.9671,14.5722,983.1344,54.806,1.0772,18.98388985269811,300.00403475724613,0.6511678747993541,0.04216129474158007,1.287359976781922,75.4832
2024-07-31,value,PANW UW Equity,162.365,-0.02805407569365323,-0.0631909586425647,0.10310103778523684,0.1252117143473038,,68.1318,4.9437,105147.574,,12.4856,11.989,142.6594,3.0202,73.7977,1.9034,-5.9566,125.3466,12.9207,10.365815078171186,35.3499822532007,0.8786424168333807,1.0777129034948703,1.2044976594549477,
2024-07-31,value,PDD UW Equity,128.89,-0.008301652571960534,0.033051439211731086,-0.2751959034835906,-0.028241135852277034,,43.7274,6.7404,178998.6446,,2.7299,4.3574,17.9803,10.5005,60.0328,1.7613,45.8479,13.8848,3.7447,8.647110218093786,129.63968578518018,0.7722229328765371,0.8593886262450084,0.31570084469234316,
2024-08-01,value,NKE UN Equity,73.85,0.0021665538253217444,0.004603926878808442,0.12823290453622208,0.035206499661476084,,36.2077,6.0622,110727.658,10.661,2.7886,3.0789,29.803,5.9198,44.693,27.4705,26.6175,18.649,2.1822,3.717597190624159,9.936844249770813,0.6257423749286984,0.7087596219429017,0.7501081631525047,27.241799999999998
2024-08-01,value,NVDA UW Equity,109.21,-0.017763941031041095,-0.038824283490522804,0.09303177364710202,0.27584470286603807,,47.5251,43.9432,2686566.0,11.199,24.4391,25.5495,84.1657,56.8815,75.9671,14.5722,983.1344,51.1482,1.0053,18.98388985269811,300.00403475724613,0.6077083657594483,0.0393471496506781,1.287359976781922,79.2795
2024-08-01,value,PANW UW Equity,157.81,-0.031747037576832844,0.005544642291363032,0.14923008681325653,0.13905962866738478,,68.1318,4.9437,102197.756,,12.4856,11.989,142.6594,3.1074,73.7977,1.9034,-5.9566,121.8301,12.5582,10.365815078171186,35.3499822532007,0.8539927968293712,1.047476853782634,1.2044976594549477,
2024-08-01,value,PDD UW Equity,127.82,-0.0032076357377561933,0.07979971835393536,-0.24808324205914564,-0.05437333750586754,,43.7274,6.7404,177512.66,,2.7299,4.3574,17.9803,10.5516,60.0328,1.7613,45.8479,13.8176,3.7266,8.647110218093786,129.63968578518018,0.7684855091405595,0.8552347730297883,0.31570084469234316,
2024-08-02,value,NKE UN Equity,74.01,-0.03499527090933662,0.004458856911228189,0.09877043642750963,0.04215646534252115,,36.2077,6.0622,110967.5554,10.661,2.7886,3.0789,29.803,5.907,44.693,27.4705,26.6175,18.6894,2.1869,3.717597190624159,9.936844249770813,0.6270979431600845,0.7102861411543084,0.7501081631525047,27.229
2024-08-02,value,NVDA UW Equity,107.27,-0.06357788757341282,-0.023492122681085074,0.006805257760790566,0.2376246853733569,,47.5251,43.9432,2638842.0,11.199,24.4391,25.5495,84.1657,57.9102,75.9671,14.5722,983.1344,50.2396,0.9874,18.98388985269811,300.00403475724613,0.5969129942482508,0.038646548856142,1.287359976781922,80.3082
2024-08-02,value,PDD UW Equity,127.41,-0.00957538654736676,0.08343144180205632,-0.23279177458598224,-0.053527980535279754,,43.7274,6.7404,176943.2641,,2.7299,4.3574,17.9803,10.6958,60.0328,1.7613,45.8479,13.6313,3.6764,8.647110218093786,130.00835499053238,0.7581241692296569,0.8437141414605039,0.31570084469234316,
2024-08-05,value,ADBE UW Equity,509.32,0.009581402654519854,0.042429121181182666,0.12944710594518183,-0.05206942590120157,,33.9513,13.5487,225832.488,,9.6785,12.3962,44.0078,2.7593,88.7361,15.0798,16.0714,38.3855,11.2978,14.080237870217664,11.870148334831242,0.8722431023591272,0.91139220083574,0.6873818531483645,
2024-08-05,value,NKE UN Equity,71.42,0.015121814617754106,0.04508541024922989,0.13441612993559218,0.09297115653878466,,36.2077,6.0622,107084.2158,10.661,2.7886,3.0789,29.803,6.1213,44.693,27.4705,26.6175,18.0354,2.1104,3.717597190624159,9.936844249770813,0.6051538435727947,0.6854396050537529,0.7501081631525047,27.4433
2024-08-05,value,NOW UN Equity,781.27,0.014950017279557725,0.032447169352464604,0.06855504499084832,0.2075338871324894,,22.6997,13.2749,160941.62,,17.3431,15.9547,150.349,1.9238,79.1205,11.6036,80.9524,134.7894,16.1016,16.256991160765267,32.43583354099178,0.89651011978796,1.0092073182197097,1.0668087242278852,
2024-08-05,value,NVDA UW Equity,100.45,0.03782976605276254,0.08531607765057235,0.0573419611747137,0.3479342956694873,,47.5251,43.9432,2471070.0,11.199,24.4391,25.5495,84.1657,61.842,75.9671,14.5722,983.1344,47.0455,0.9246,18.98388985269811,300.00403475724613,0.558962855414973,0.036188575118886866,1.287359976781922,84.24
2024-08-05,value,PDD UW Equity,126.19,0.0509549092638086,0.12901180759172678,-0.2649972264046279,-0.04461526269910449,,43.7274,6.7404,175248.9639,,2.7299,4.3574,17.9803,10.8469,60.0328,1.7613,45.8479,13.4414,3.6252,8.647110218093786,130.00835499053238,0.7475626101900413,0.8319640152384449,0.31570084469234316,
2024-08-06,value,ADBE UW Equity,514.2,-0.0011279657720732028,0.04087903539478798,0.1044924154025669,-0.06388564760793469,,33.9513,13.5487,227996.28,,9.6785,12.3962,44.0078,2.7331,88.7361,15.0798,16.0714,38.7533,11.406,14.080237870217664,11.870148334831242,0.8806007116920183,0.9201206821445281,0.6873818531483645,
2024-08-06,value,NKE UN Equity,72.5,0.001655172413793166,0.08275862068965517,0.1148965517241379,0.06468965517241376,,36.2077,6.0622,108703.5234,10.661,2.7886,3.0789,29.803,6.0301,44.693,27.4705,26.6175,18.3081,2.1423,3.717597190624159,9.936844249770813,0.6143039291346508,0.6958004482120238,0.7501081631525047,27.3521
2024-08-06,value,NVDA UW Equity,104.25,-0.05122302158273385,0.11405275779376499,0.02839328537170258,0.3050359712230217,,47.5251,43.9432,2564550.0,11.199,24.4391,25.5495,84.1657,59.5878,75.9671,14.5722,983.1344,48.8252,0.9596,18.98388985269811,300.00403475724613,0.5801080487657087,0.037558464940605496,1.287359976781922,81.9858
2024-08-06,value,PDD UW Equity,132.62,0.003996380636404774,0.08595988538681952,-0.3011612124868044,-0.07766551048107383,,43.7274,6.7404,184178.759,,2.7299,4.3574,17.9803,10.294,60.0328,1.7613,45.8479,14.1633,3.8199,8.647110218093786,130.52783387423847,0.7877121071394804,0.8766466241336577,0.31570084469234316,
2024-08-07,value,ADBE UW Equity,513.62,0.0323585530158483,0.05095206572952759,0.09693937151980056,-0.052957439352050134,,33.9513,13.5487,227739.108,,9.6785,12.3962,44.0078,2.7362,88.7361,15.0798,16.0714,38.7095,11.3931,14.080237870217664,11.870148334831242,0.8796054335822285,0.919080040657621,0.6873818531483645,
2024-08-07,value,NKE UN Equity,72.62,0.021619388598182222,0.08124483613329649,0.1103001927843568,0.0738088680804186,,36.2077,6.0622,108883.4465,10.661,2.7886,3.0789,29.803,6.0201,44.693,27.4705,26.6175,18.3384,2.1458,3.717597190624159,9.936844249770813,0.6153206053081904,0.6969372178375394,0.7501081631525047,27.3421
2024-08-07,value,NOW UN Equity,776.28,0.025583552326480154,0.055057453496161195,0.06281238728293914,0.2508888545370227,,22.6997,13.2749,159913.68,,17.3431,15.9547,150.349,1.9361,79.1205,11.6036,80.9524,133.9285,15.9987,16.256991160765267,32.43583354099178,0.8907841089731227,1.0027578080440245,1.0668087242278852,
2024-08-07,value,NVDA UW Equity,98.91,0.06126781922960269,0.19381255686988175,0.039631988676574685,0.41451824891315336,,47.5251,43.9432,2433186.0,11.199,24.4391,25.5495,84.1657,62.8048,75.9671,14.5722,983.1344,46.3242,0.9105,18.98388985269811,300.00403475724613,0.5503928559971579,0.035636705219280224,1.287359976781922,85.2028
2024-08-07,value,PDD UW Equity,133.15,0.03657529102515963,0.06631618475403668,-0.29928651896357494,-0.08261359369132557,,43.7274,6.7404,184914.8074,,2.7299,4.3574,17.9803,10.2251,60.0328,1.7613,45.8479,14.2589,3.8456,8.647110218093786,130.52783387423847,0.7930290373353059,0.8825446367099646,0.31570084469234316,
2024-08-08,value,NKE UN Equity,74.19,0.00202183582693093,0.1120097048119693,0.07143819921822345,0.0152311632295457,,36.2077,6.0622,111237.4401,10.661,2.7886,3.0789,29.803,5.8927,44.693,27.4705,26.6175,18.7348,2.1922,3.717597190624159,9.936844249770813,0.6286212797369393,0.7120075351586607,0.7501081631525047,27.2147
2024-08-08,value,NVDA UW Equity,104.97,-0.0020958369057825937,0.17042964656568543,0.014289797084881395,0.38715823568638674,,47.5251,43.9432,2582262.0,11.199,24.4391,25.5495,84.1657,59.1791,75.9671,14.5722,983.1344,49.1624,0.9662,18.98388985269811,300.00403475724613,0.5841144314132717,0.03781678702127243,1.287359976781922,81.5771
2024-08-08,value,PANW UW Equity,158.685,0.04445914862778465,0.08160821753788945,0.08406591675331634,0.2136622869206289,,68.1318,4.9437,102764.406,,12.4856,11.989,142.6594,3.0903,73.7977,1.9034,-5.9566,122.5057,12.6279,10.365815078171186,35.3499822532007,0.8587285520617639,1.0532905163066144,1.2044976594549477,
2024-08-08,value,PDD UW Equity,138.02,0.00014490653528460954,0.05115200695551371,-0.33009708737864085,-0.12643095203593693,,43.7274,6.7404,191678.1203,,2.7299,4.3574,17.9803,9.8661,60.0328,1.7613,45.8479,14.7777,3.9856,8.647110218093786,130.52783387423847,0.821882838439848,0.9146738880984072,0.31570084469234316,
2024-08-09,value,NKE UN Equity,74.34,0.004035512510088743,0.11958568738229755,0.050443906376109765,0.02125369921980089,,36.2077,6.0622,111462.3439,10.661,2.7886,3.0789,29.803,5.8808,44.693,27.4705,26.6175,18.7727,2.1967,3.717597190624159,9.936844249770813,0.629892963795591,0.713469096105752,0.7501081631525047,27.2028
2024-08-09,value,NVDA UW Equity,104.75,0.04076372315035796,0.18930787589498804,0.031980906921241,0.42128878281622906,,47.5251,43.9432,2576850.0,11.199,24.4391,25.5495,84.1657,59.3033,75.9671,14.5722,983.1344,49.0594,0.9642,18.98388985269811,300.00403475724613,0.5828906549817799,0.03773850760288851,1.287359976781922,81.7013
2024-08-09,value,PANW UW Equity,165.74,-0.0011463738385422814,0.007934113672016397,0.048570049475081346,0.16749125135754792,,68.1318,4.9437,107333.224,,12.4856,11.989,142.6594,2.9587,73.7977,1.9034,-5.9566,127.9521,13.1893,10.365815078171186,35.3499822532007,0.8969061975586606,1.1001167737092334,1.2044976594549477,
2024-08-09,value,PDD UW Equity,138.04,0.03209214720370912,0.0814981164879745,-0.3258475804114749,-0.08816285134743544,,43.7274,6.7404,191705.8957,,2.7299,4.3574,17.9803,9.8769,60.0328,1.7613,45.8479,14.7615,3.9812,8.647110218093786,130.52783387423847,0.8209818523606391,0.9136641116261991,0.31570084469234316,
2024-08-12,value,NKE UN Equity,74.64,0.05171489817792068,0.11575562700964631,0.05037513397642022,0.016613076098606575,,36.2077,6.0622,111912.1516,10.661,2.7886,3.0789,29.803,5.8572,44.693,27.4705,26.6175,18.8485,2.2055,3.717597190624159,9.936844249770813,0.6324363319128947,0.7163272597356198,0.7501081631525047,27.179199999999998
2024-08-12,value,NVDA UW Equity,109.02,0.06530911759310223,0.19244175380664102,0.07237204182718768,0.3541552008805724,,47.5251,43.9432,2681892.0,11.199,24.4391,25.5495,84.1657,56.9806,75.9671,14.5722,983.1344,51.0592,1.0035,18.98388985269811,300.00403475724613,0.6066509278720429,0.03927669817413257,1.287359976781922,79.3786
2024-08-12,value,PANW UW Equity,165.55,0.006433101781938977,0.03702808819087886,0.032225913621262335,0.18212020537601917,,68.1318,4.9437,107210.18,,12.4856,11.989,142.6594,2.9621,73.7977,1.9034,-5.9566,127.8055,13.1742,10.365815078171186,35.31592097503989,0.8958785751236862,1.0988572858453582,1.2044976594549477,
2024-08-12,value,PDD UW Equity,142.47,0.010879483400014118,0.06064434617814287,-0.33122762686881446,-0.17308907138344912,,43.7274,6.7404,197858.1495,,2.7299,4.3574,17.9803,9.559,60.0328,1.7613,45.8479,15.2525,4.1136,8.647110218093786,131.51048992153025,0.8482895168601191,0.9440492036535548,0.31570084469234316,
2024-08-13,value,NKE UN Equity,78.5,0.00025477707006364356,0.06445859872611467,-0.0012738853503183988,-0.024203821656051026,,36.2077,6.0622,117699.6771,10.661,2.7886,3.0789,29.803,5.5692,44.693,27.4705,26.6175,19.8232,2.3196,3.717597190624159,9.936844249770813,0.6651410931785391,0.7533859495274285,0.7501081631525047,26.891199999999998
2024-08-13,value,NVDA UW Equity,116.14,0.016703977957637315,0.09566040985018082,0.025830893748923712,0.2507318753228861,,47.5251,43.9432,2857044.0,11.199,24.4391,25.5495,84.1657,53.4874,75.9671,14.5722,983.1344,54.3939,1.0691,18.98388985269811,300.00403475724613,0.6462715809409296,0.04184426309712519,1.287359976781922,75.8854
2024-08-13,value,PDD UW Equity,144.02,-0.014164699347313014,0.0013886960144423594,-0.32419108457158735,-0.18657130954034165,,43.7274,6.7404,200010.744,,2.7299,4.3574,17.9803,9.4812,60.0328,1.7613,45.8479,15.3776,4.1474,8.647110218093786,131.51048992153025,0.855247131582899,0.951806122917336,0.31570084469234316,
2024-08-14,value,NKE UN Equity,78.52,0.05068772287315339,0.06979113601630163,0.006240448293428542,-0.023688232297503813,,36.2077,6.0622,117729.6643,10.661,2.7886,3.0789,29.803,5.5678,44.693,27.4705,26.6175,19.8283,2.3202,3.717597190624159,9.936844249770813,0.6653122168909169,0.7535808243203741,0.7501081631525047,26.8898
2024-08-14,value,NVDA UW Equity,118.08,0.040481029810298115,0.08824525745257454,0.008638211382113788,0.2558434959349593,,47.5251,43.9432,2904768.0,11.199,24.4391,25.5495,84.1657,52.6086,75.9671,14.5722,983.1344,55.3025,1.0869,18.98388985269811,300.00403475724613,0.6570669524521272,0.04254094992074209,1.287359976781922,75.0066
2024-08-14,value,PDD UW Equity,141.98,0.02183406113537134,0.027820819833779528,-0.33096210733906184,-0.19847865896605152,,43.7274,6.7404,197177.6519,,2.7299,4.3574,17.9803,9.6375,60.0328,1.7613,45.8479,15.1282,4.0801,8.647110218093786,131.51048992153025,0.8413763952770532,0.9363611327856061,0.31570084469234316,
2024-08-15,value,NKE UN Equity,82.5,0.008848484848484897,0.01103030303030299,-0.032727272727272765,-0.07248484848484853,,36.2077,6.0622,123697.1129,10.661,2.7886,3.0789,29.803,5.2992,44.693,27.4705,26.6175,20.8333,2.4378,3.717597190624159,9.936844249770813,0.699033654330101,0.7917762837376986,0.7501081631525047,26.621199999999998
2024-08-15,value,NVDA UW Equity,122.86,0.013999674426176126,0.007162624125020311,-0.0494872212274133,0.1905420804167346,,47.5251,43.9432,3022356.0,11.199,24.4391,25.5495,84.1657,50.5618,75.9671,14.5722,983.1344,57.5412,1.1309,18.98388985269811,300.00403475724613,0.6836656737839761,0.04426309712518836,1.287359976781922,72.9598
2024-08-15,value,PDD UW Equity,145.08,0.02901847256685952,0.014543700027570891,-0.3300248138957817,-0.21829335539012967,,43.7274,6.7404,201482.8408,,2.7299,4.3574,17.9803,9.3893,60.0328,1.7613,45.8479,15.528,4.1879,8.647110218093786,131.51048992153025,0.863611841849135,0.9611006563547069,0.31570084469234316,
2024-08-16,value,NKE UN Equity,83.23,0.0006007449237053605,0.00985221674876839,-0.031118587047939485,-0.09071248347951456,,36.2077,6.0622,124791.6705,10.661,2.7886,3.0789,29.803,5.2527,44.693,27.4705,26.6175,21.0177,2.4594,3.717597190624159,9.936844249770813,0.7052209509109821,0.7987917762837378,0.7501081631525047,26.5747
2024-08-16,value,NVDA UW Equity,124.58,0.0435061807673784,0.0384491892759673,-0.07216246588537482,0.17803820838015727,,47.5251,43.9432,3064668.0,11.199,24.4391,25.5495,84.1657,49.8637,75.9671,14.5722,983.1344,58.3467,1.1468,18.98388985269811,300.00403475724613,0.6932360807312242,0.04488541850134054,1.287359976781922,72.2617
2024-08-16,value,PDD UW Equity,149.29,0.012191037577868723,-0.0630986670239131,-0.34101413356554355,-0.24757184004286956,,43.7274,6.7404,207329.5651,,2.7299,4.3574,17.9803,9.1413,60.0328,1.7613,45.8479,15.9494,4.3016,8.647110218093786,131.51048992153025,0.8870486031934951,0.9871941983751777,0.31570084469234316,
2024-08-19,value,NKE UN Equity,83.28,0.0033621517771373816,0.012007684918347743,-0.02857829010566757,-0.07949087415946211,,36.2077,6.0622,124866.6385,10.661,2.7886,3.0789,29.803,5.2495,44.693,27.4705,26.6175,21.0303,2.4608,3.717597190624159,9.936844249770813,0.7056437271415629,0.799246484133944,0.7501081631525047,26.5715
2024-08-19,value,NVDA UW Equity,130.0,-0.021153846153846155,-0.02723076923076928,-0.1279230769230769,0.09215384615384607,,47.5251,43.9432,3198000.0,11.199,24.4391,25.5495,84.1657,47.7848,75.9671,14.5722,983.1344,60.8852,1.1966,18.98388985269811,300.00403475724613,0.7233968231714344,0.04683457601910018,1.287359976781922,70.1828
2024-08-19,value,PDD UW Equity,151.11,-0.04559592349943759,-0.33823042816491306,-0.34994374958639407,-0.24558268810800085,,43.7274,6.7404,209857.1276,,2.7299,4.3574,17.9803,9.0563,60.0328,1.7613,45.8479,16.099,4.3419,8.647110218093786,131.51048992153025,0.895368820320017,0.9964428328819938,0.31570084469234316,
2024-08-20,value,NKE UN Equity,83.56,0.005265677357587335,0.020703685974150357,-0.030876017233125875,-0.103757778841551,,36.2077,6.0622,125286.4591,10.661,2.7886,3.0789,29.803,5.2319,44.693,27.4705,26.6175,21.101,2.4691,3.717597190624159,9.936844249770813,0.7080159715464885,0.8019422521030238,0.7501081631525047,26.5539
2024-08-20,value,NVDA UW Equity,127.25,0.009823182711198428,0.008251473477406769,-0.07371316306483297,0.10137524557956783,,47.5251,43.9432,3130350.0,11.199,24.4391,25.5495,84.1657,48.8175,75.9671,14.5722,983.1344,59.5972,1.1713,18.98388985269811,300.00403475724613,0.7080936771154995,0.04584434137654358,1.287359976781922,71.2155
2024-08-20,value,PDD UW Equity,144.22,0.011856885314103508,-0.3349743447510748,-0.3067535709332963,-0.18658993204825958,,43.7274,6.7404,200288.4981,,2.7299,4.3574,17.9803,9.5042,60.0328,1.7613,45.8479,15.3404,4.1373,8.647110218093786,131.51048992153025,0.8531782005861972,0.9494882269243126,0.31570084469234316,
2024-08-21,value,NKE UN Equity,84.0,-0.007023809523809564,-0.01440476190476183,0.029999999999999954,-0.12011904761904765,,36.2077,6.0622,125946.1772,10.661,2.7886,3.0789,29.803,5.2045,44.693,27.4705,26.6175,21.2121,2.4821,3.717597190624159,9.936844249770813,0.7117437841828004,0.8061645392835104,0.7501081631525047,26.5265
2024-08-21,value,NVDA UW Equity,128.5,-0.03704280155642027,-0.02249027237354086,-0.09727626459143969,0.1440466926070038,,47.5251,43.9432,3161100.0,11.199,24.4391,25.5495,84.1657,48.3426,75.9671,14.5722,983.1344,60.1826,1.1828,18.98388985269811,300.00403475724613,0.7150490045232203,0.04629444803225113,1.287359976781922,70.7406
2024-08-21,value,PDD UW Equity,145.93,0.008634276708010627,-0.38895360789419586,-0.3154252038648667,-0.1935859658740492,,43.7274,6.7404,202663.2958,,2.7299,4.3574,17.9803,9.3875,60.0328,1.7613,45.8479,15.531,4.1887,8.647110218093786,131.51048992153025,0.8637786911230625,0.9612842520769266,0.31570084469234316,
2024-08-22,value,NKE UN Equity,83.41,0.0076729408943771804,-0.0017983455221195477,0.03344922671142556,-0.12048914998201651,,36.2077,6.0622,125061.5552,10.661,2.7886,3.0789,29.803,5.2413,44.693,27.4705,26.6175,21.0631,2.4647,3.717597190624159,9.936844249770813,0.7067442874878367,0.80051317028809,0.7501081631525047,26.563299999999998
2024-08-22,value,NVDA UW Equity,123.74,0.04549862615160829,-0.04970098593825757,-0.060449329238726285,0.17900436398900915,,47.5251,43.9432,3044004.0,11.199,24.4391,25.5495,84.1657,50.2022,75.9671,14.5722,983.1344,57.9533,1.139,18.98388985269811,300.00403475724613,0.6885619676424006,0.04458012876964324,1.287359976781922,72.6002
2024-08-22,value,PDD UW Equity,147.19,-0.049731639377675066,-0.36531014335212986,-0.3049799578775732,-0.208573952034785,,43.7274,6.7404,204413.1468,,2.7299,4.3574,17.9803,9.2927,60.0328,1.7613,45.8479,15.6895,4.2315,8.647110218093786,131.51048992153025,0.8725938944289028,0.971106623215679,0.31570084469234316,
2024-08-23,value,NKE UN Equity,84.05,0.002736466389054182,-0.008685306365258822,0.04057108863771561,-0.1064842355740631,,36.2077,6.0622,126021.1192,10.661,2.7886,3.0789,29.803,5.2014,44.693,27.4705,26.6175,21.2247,2.4836,3.717597190624159,9.936844249770813,0.7121665604133811,0.8066517262658742,0.7501081631525047,26.5234
2024-08-23,value,NVDA UW Equity,129.37,-0.02249362294194953,-0.07729767334003246,-0.0657030223390276,0.13372497487825602,,47.5251,43.9432,3182502.0,11.199,24.4391,25.5495,84.1657,48.0175,75.9671,14.5722,983.1344,60.5901,1.1909,18.98388985269811,300.00403475724613,0.7198906442885878,0.04661147967670601,1.287359976781922,70.4155
2024-08-23,value,PDD UW Equity,139.87,-0.2850504039465218,-0.3128619432330021,-0.1863873596911418,-0.2558089654679345,,43.7274,6.7404,194247.3459,,2.7299,4.3574,17.9803,9.8066,60.0328,1.7613,45.8479,14.8673,4.0097,8.647110218093786,131.51048992153025,0.8268660700878183,0.9202047092302748,0.31570084469234316,
2024-08-26,value,NKE UN Equity,84.28,0.011983863312767028,-0.03512102515424784,0.04413858566682485,-0.08163265306122444,,36.2077,6.0622,126365.9718,10.661,2.7886,3.0789,29.803,5.1872,44.693,27.4705,26.6175,21.2828,2.4904,3.717597190624159,9.936844249770813,0.7141160285877262,0.8088603072525903,0.7501081631525047,26.5092
2024-08-26,value,NVDA UW Equity,126.46,0.014550055353471593,-0.14597501186145811,-0.0233275343982286,0.12248932468764824,,47.5251,43.9432,3110916.0,11.199,24.4391,25.5495,84.1657,49.1225,75.9671,14.5722,983.1344,59.2272,1.1641,18.98388985269811,300.00403475724613,0.7036975870217915,0.04556253547036145,1.287359976781922,71.5205
2024-08-26,value,PDD UW Equity,100.0,-0.040900000000000034,-0.0225,0.13939999999999997,0.0006999999999999318,,43.7274,6.7404,138877.0615,,2.7299,4.3574,17.9803,13.7213,60.0328,1.7613,45.8479,10.6256,2.8657,8.647110218093786,128.5352584084319,0.5909578816816182,0.6576628264561435,0.31570084469234316,
2024-08-27,value,NKE UN Equity,85.29,-0.029311759878063077,-0.05006448587173185,0.04807128620002338,-0.07069996482588815,,36.2077,6.0622,127880.3243,9.6457,2.7886,3.0789,29.803,5.1258,44.693,27.4705,26.6175,21.5379,2.5202,3.717597190624159,9.936844249770813,0.7226755695735328,0.8185390886355517,0.7501081631525047,24.4172
2024-08-27,value,NVDA UW Equity,128.3,-0.02096648480124717,-0.17217459080280603,-0.03320342946219801,0.06017147310989866,,47.5251,43.9432,3156180.0,11.199,24.4391,25.5495,84.1657,48.418,75.9671,14.5722,983.1344,60.089,1.181,18.98388985269811,300.00403475724613,0.7139369125427579,0.046223996555705596,1.287359976781922,70.816
2024-08-27,value,PDD UW Equity,95.91,-0.07027421541028042,-0.03294755499947864,0.3491815243457409,0.04983839015743928,,43.7274,6.7404,133196.9897,,2.7299,4.3574,17.9803,14.3009,60.0328,1.7613,45.8479,10.195,2.7496,8.647110218093786,125.25998241816276,0.5670094492305467,0.6310184972690136,0.31570084469234316,
2024-08-28,value,NKE UN Equity,82.79,0.005677014132141549,-0.023674356806377677,0.08032371059306669,-0.06256794298828369,,36.2077,6.0622,124131.927,9.6457,2.7886,3.0789,29.803,5.2806,44.693,27.4705,26.6175,20.9066,2.4464,3.717597190624159,9.936844249770813,0.7014931382746703,0.7945694891032512,0.7501081631525047,24.572
2024-08-28,value,NVDA UW Equity,125.61,-0.06384841971180635,-0.1464851524560147,-0.033516439773903305,0.09004060186290891,,47.5251,43.9432,3081213.3,11.199,24.4391,25.5495,84.1657,49.4549,75.9671,14.5722,983.1344,58.8291,1.1562,18.98388985269811,300.00403475724613,0.6989676317074532,0.045253331767744966,1.287359976781922,71.8529
2024-08-28,value,PDD UW Equity,89.17,0.047661769653470895,0.03936301446674896,0.51822361780868,0.11371537512616352,,43.7274,6.7404,123836.6757,,2.7299,4.3574,17.9803,15.3775,60.0328,1.7613,45.8479,9.4813,2.5571,8.647110218093786,125.68966190293148,0.5273160069631764,0.586840776609905,0.31570084469234316,
2024-08-29,value,NKE UN Equity,83.26,0.0007206341580589486,-0.03158779726159031,0.06173432620706222,-0.05909200096084556,,36.2077,6.0622,124836.6257,9.6457,2.7886,3.0789,29.803,5.2508,44.693,27.4705,26.6175,21.0253,2.4602,3.717597190624159,9.936844249770813,0.7054759587960944,0.7990516093409984,0.7501081631525047,24.5422
2024-08-29,value,NVDA UW Equity,117.59,0.01513734161068119,-0.12552087762564848,0.03274087932647329,0.15094820988179267,,47.5251,43.9432,2884482.7,11.199,24.4391,25.5495,84.1657,52.8278,75.9671,14.5722,983.1344,55.073,1.0824,18.98388985269811,300.00403475724613,0.6543401884615705,0.04236482122937827,1.287359976781922,75.2258
2024-08-29,value,PDD UW Equity,93.42,0.028794690644401603,-0.0012845215157354373,0.44305287946906446,0.057589381288803206,,43.7274,6.7404,129738.9509,,2.7299,4.3574,17.9803,14.7391,60.0328,1.7613,45.8479,9.8919,2.6679,8.647110218093786,124.91202856231185,0.5501521109213973,0.6122687841373295,0.31570084469234316,
2024-08-30,value,NKE UN Equity,83.32,-0.024003840614498322,-0.045967354776764266,0.06973115698511766,-0.05460873739798365,,36.2077,6.0622,124926.5872,9.6457,2.7886,3.0789,29.803,5.7171,44.693,27.4705,26.6175,22.3978,2.5161,3.717597190624159,9.936844249770813,0.7515283696272187,0.8172074442170905,0.7501081631525047,25.008499999999998
2024-08-30,value,NVDA UW Equity,119.37,-0.09525006282985678,-0.10806735360643382,-0.019854234732344846,0.15816369272011388,,47.5251,43.9432,2928146.1,11.199,24.4391,25.5495,84.1657,52.0401,75.9671,14.5722,983.1344,55.9066,1.0988,18.98388985269811,300.00403475724613,0.6642444606294488,0.043006712460126426,1.287359976781922,74.4381
2024-08-30,value,PDD UW Equity,96.11,0.01706378108417439,-0.037977317656851584,0.5153469982311933,0.004682135053584464,,43.7274,6.7404,133474.7438,,2.7299,4.3574,17.9803,14.3357,60.0328,1.7613,45.8479,10.1703,2.7429,8.647110218093786,124.91202856231185,0.5656357235418763,0.6294808830954238,0.31570084469234316,
2024-09-03,value,NKE UN Equity,81.32,-0.0036891293654697146,-0.03971962616822418,0.021888834235120527,-0.02742252828332501,,36.2077,6.0622,121927.8693,10.3968,2.7886,3.0789,29.803,5.8577,44.693,27.4705,26.6175,21.8602,2.4557,3.717597190624159,9.936844249770813,0.7334899171224373,0.797590048393907,0.7501081631525047,26.651300000000003
2024-09-03,value,NVDA UW Equity,108.0,-0.016574074074074133,0.0009259259259258733,0.1004629629629629,0.2836111111111111,,47.5251,43.9432,2649240.0,11.199,24.4391,25.5495,84.1657,57.5188,75.9671,14.5722,983.1344,50.5815,0.9941,18.98388985269811,300.00403475724613,0.6009752191213285,0.03890878490772814,1.287359976781922,79.9168
2024-09-03,value,PDD UW Equity,97.75,-0.05115089514066496,-0.04797953964194371,0.5622506393861894,0.012583120204603622,,43.7274,6.7404,135752.3276,,2.7299,4.3574,17.9803,14.039,60.0328,1.7613,45.8479,10.3852,2.8009,8.647110218093786,123.86814019590145,0.5775876931975551,0.64279157295635,0.31570084469234316,
2024-09-04,value,NKE UN Equity,81.02,-0.002345099975314709,-0.0323376943964452,0.013330041964946906,-0.026660083929893812,,36.2077,6.0622,121478.0616,10.3968,2.7886,3.0789,29.803,5.8794,44.693,27.4705,26.6175,21.7796,2.4467,3.717597190624159,9.936844249770813,0.7307854913934838,0.7946669264997239,0.7501081631525047,26.673000000000002
2024-09-04,value,NVDA UW Equity,106.21,0.009415309292910273,0.10074380943413995,0.15667074663402694,0.3205912814235948,,47.5251,43.9432,2605331.3,11.199,24.4391,25.5495,84.1657,58.4881,75.9671,14.5722,983.1344,49.7432,0.9777,18.98388985269811,300.00403475724613,0.5910151047279355,0.03826689367697998,1.287359976781922,80.8861
2024-09-04,value,PDD UW Equity,92.75,-0.0007547169811320019,0.027277628032345024,0.6454986522911051,0.06145552560646903,,43.7274,6.7404,128808.4745,,2.7299,4.3574,17.9803,14.8105,60.0328,1.7613,45.8479,9.8442,2.655,8.647110218093786,123.90151817315402,0.5474992074659489,0.6093083031165373,0.31570084469234316,
2024-09-05,value,NKE UN Equity,80.83,-0.0024743288383026456,-0.030063095385376624,0.017567734751948557,-0.030434244711122032,,36.2077,6.0622,121193.1834,10.3968,2.7886,3.0789,29.803,5.8932,44.693,27.4705,26.6175,21.7285,2.4409,3.717597190624159,9.936844249770813,0.729070898902795,0.7927831368345838,0.7501081631525047,26.6868
2024-09-05,value,NVDA UW Equity,107.21,-0.040854397910642624,0.11127693312191034,0.16518981438298674,0.3537916239156795,,47.5251,43.9432,2629861.3,11.199,24.4391,25.5495,84.1657,57.9426,75.9671,14.5722,983.1344,50.2115,0.9869,18.98388985269811,300.00403475724613,0.5965791290276206,0.03862697900154602,1.287359976781922,80.3406
2024-09-05,value,PDD UW Equity,92.68,0.006689684937418972,0.05017263703064298,0.6645446698316789,0.06506258092360796,,43.7274,6.7404,128711.2606,,2.7299,4.3574,17.9803,14.8704,60.0328,1.7613,45.8479,9.8046,2.6443,8.647110218093786,123.10583915173753,0.5452967970501049,0.6068527103318492,0.31570084469234316,
2024-09-06,value,NKE UN Equity,80.63,-0.014138658067716739,-0.020091777254123658,0.0024804663276696373,-0.025424779858613387,,36.2077,6.0622,120893.3117,10.3968,2.7886,3.0789,29.803,5.9078,44.693,27.4705,26.6175,21.6747,2.4349,3.717597190624159,9.936844249770813,0.7272657115055532,0.7908343889051284,0.7501081631525047,26.7014
2024-09-06,value,NVDA UW Equity,102.83,0.03539823008849558,0.1582223086647865,0.24204998541281728,0.4106778177574638,,47.5251,43.9432,2522419.9,11.199,24.4391,25.5495,84.1657,60.4106,75.9671,14.5722,983.1344,48.1602,0.9465,18.98388985269811,300.00403475724613,0.5722069679216119,0.03704573475019081,1.287359976781922,82.8086
2024-09-06,value,PDD UW Equity,93.3,-0.009003215434083637,0.01811361200428722,0.6408360128617364,0.06109324758842447,,43.7274,6.7404,129572.2984,,2.7299,4.3574,17.9803,14.7543,60.0328,1.7613,45.8479,9.8817,2.6651,8.647110218093786,123.10583915173753,0.5495848233900436,0.6116261991095607,0.31570084469234316,
2024-09-09,value,GOOGL UW Equity,148.71,-0.0003362248671912539,0.06287405016475014,0.10537287337771492,0.17483693093941227,,29.085,13.3706,1835615.04,,5.7937,6.048,23.5524,3.2781,58.6781,5.5666,33.6316,20.9991,5.6415,5.741570917984507,28.703874014580403,0.8915906659193967,0.9327876984126984,1.0090792368082064,
2024-09-09,value,NKE UN Equity,79.49,-0.017612278273996623,0.0038998616178135903,0.016102654421939883,-0.007548119260284241,,36.2077,6.0622,119184.0425,10.3968,2.7886,3.0789,29.803,5.9925,44.693,27.4705,26.6175,21.3683,2.4005,3.717597190624159,9.936844249770813,0.7169848672952388,0.7796615674429179,0.7501081631525047,26.7861
2024-09-09,value,NVDA UW Equity,106.47,0.015309476847938343,0.09683478914248148,0.24814501737578648,0.33784164553395324,,47.5251,43.9432,2611709.1,11.199,24.4391,25.5495,84.1657,58.3453,75.9671,14.5722,983.1344,49.8649,0.9801,18.98388985269811,300.00403475724613,0.592461061929028,0.03836082897904069,1.287359976781922,80.7433
2024-09-09,value,PDD UW Equity,92.46,0.006489292667099379,0.05126541207008446,0.5667315595933379,0.08035907419424625,,43.7274,6.7404,128405.7311,,2.7299,4.3574,17.9803,14.857,60.0328,1.7613,45.8479,9.8134,2.6467,8.647110218093786,122.71880418673192,0.545786221586959,0.6074034974985083,0.31570084469234316,
2024-09-10,value,GOOGL UW Equity,148.66,0.016816897618727296,0.07170725144625317,0.08879321942688025,0.1796717341584825,,29.085,13.3706,1838128.9,,5.7937,6.048,23.5524,3.2792,58.6781,5.5666,33.6316,20.992,5.6396,5.741570917984507,28.67138029579705,0.8912892104413989,0.932473544973545,1.0090792368082064,
2024-09-10,value,NKE UN Equity,78.09,0.003969778460750445,0.03265462927391467,0.05583301318990907,-0.005762581636573221,,36.2077,6.0622,117084.9399,10.3968,2.7886,3.0789,29.803,6.1,44.693,27.4705,26.6175,20.9919,2.3582,3.717597190624159,9.936844249770813,0.7043552662483643,0.765922894540258,0.7501081631525047,26.8936
2024-09-10,value,NVDA UW Equity,108.1,0.08149861239592972,0.06928769657724339,0.22710453283996312,0.2840888066604996,,47.5251,43.9432,2651693.0,11.199,24.4391,25.5495,84.1657,57.4655,75.9671,14.5722,983.1344,50.6284,0.9951,18.98388985269811,300.00403475724613,0.6015324532440174,0.0389479246169201,1.287359976781922,79.8635
2024-09-10,value,PDD UW Equity,93.06,0.023855577047066395,0.05716741886954645,0.5202020202020201,0.18557919621749405,,43.7274,6.7404,129238.9934,,2.7299,4.3574,17.9803,14.7465,60.0328,1.7613,45.8479,9.887,2.6665,8.647110218093786,123.2790267695576,0.5498795904406489,0.6119474916234452,0.31570084469234316,
2024-09-11,value,NKE UN Equity,78.4,0.0,0.03188775510204082,0.04719387755102026,-0.021173469387755238,,36.2077,6.0622,117549.7412,10.3968,2.7886,3.0789,29.803,6.0759,44.693,27.4705,26.6175,21.0753,2.3676,3.717597190624159,9.936844249770813,0.70715364225078,0.7689759329630712,0.7501081631525047,26.869500000000002
2024-09-11,value,NVDA UW Equity,116.91,0.019074501753485622,-0.03027970233512952,0.1531092293217005,0.1553331622615687,,47.5251,43.9432,2867802.3,11.199,24.4391,25.5495,84.1657,53.1351,75.9671,14.5722,983.1344,54.7545,1.0762,18.98388985269811,300.00403475724613,0.6505559865836082,0.042122155032388114,1.287359976781922,75.5331
2024-09-11,value,PDD UW Equity,95.28,0.02151553316540719,0.030961376994122616,0.48593618807724615,0.09666246851385384,,43.7274,6.7404,132322.0642,,2.7299,4.3574,17.9803,14.4055,60.0328,1.7613,45.8479,10.121,2.7296,8.647110218093786,123.2790267695576,0.5628938338069999,0.6264286042135218,0.31570084469234316,
2024-09-12,value,NKE UN Equity,78.4,0.007780612244897951,0.0329081632653061,0.04783163265306122,0.0057397959183672015,,36.2077,6.0622,117549.7412,10.3968,2.7886,3.0789,29.803,6.0759,44.693,27.4705,26.6175,21.0753,2.3676,3.717597190624159,9.936844249770813,0.70715364225078,0.7689759329630712,0.7501081631525047,26.869500000000002
2024-09-12,value,NVDA UW Equity,119.14,-0.00033573946617430125,-0.010659728051032366,0.13144200100721848,0.16929662581836497,,47.5251,43.9432,2922504.2,20.5071,24.4391,25.5495,84.1657,52.1406,75.9671,14.5722,983.1344,55.7989,1.0967,18.98388985269811,300.00403475724613,0.6629648419724424,0.04292451907082331,1.287359976781922,93.1548
2024-09-12,value,PDD UW Equity,97.33,-0.024041919243809756,0.027226959827391407,0.48731120928798927,0.06257063598068431,,43.7274,6.7404,135169.044,,2.7299,4.3574,17.9803,14.1029,60.0328,1.7613,45.8479,10.3382,2.7882,8.647110218093786,123.2790267695576,0.5749737212393564,0.6398769908661127,0.31570084469234316,
2024-09-13,value,ADBE UW Equity,536.87,-0.028628904576526913,-0.027138785925829436,-0.050701287089984594,-0.11593123102427032,,34.2861,15.9049,238048.158,,12.1342,12.6756,44.1308,2.7119,89.7559,15.1157,17.3836,38.8372,11.5429,14.080237870217664,12.44671022815893,0.880047495173439,0.9106393385717442,0.861789418037184,
2024-09-13,value,NKE UN Equity,79.01,0.009998734337425541,0.09505125933426137,0.032780660675863674,-0.013289457030755743,,36.2077,6.0622,118464.3502,10.3968,2.7886,3.0789,29.803,6.0289,44.693,27.4705,26.6175,21.2392,2.386,3.717597190624159,9.936844249770813,0.71265308861524,0.7749520932800676,0.7501081631525047,26.8225
2024-09-13,value,NVDA UW Equity,119.1,-0.01947942905121741,-0.026028547439126738,0.15927791771620486,0.15314861460957188,,47.5251,43.9432,2921523.0,20.5071,24.4391,25.5495,84.1657,52.1581,75.9671,14.5722,983.1344,55.7802,1.0963,18.98388985269811,300.00403475724613,0.6627426612028415,0.042908863187146526,1.287359976781922,93.1723
2024-09-13,value,PDD UW Equity,94.99,0.02326560690599019,0.05168965154226773,0.4320454784714181,0.10180018949363093,,43.7274,6.7404,131919.3207,,2.7299,4.3574,17.9803,14.5029,60.0328,1.7613,45.8479,10.053,2.7113,8.647110218093786,123.2790267695576,0.5591119169313082,0.6222288520677468,0.31570084469234316,
2024-09-16,value,ADBE UW Equity,521.5,-0.012406519654841856,0.01221476510067115,-0.025829338446788162,-0.10701821668264622,,34.2861,15.9049,231233.1,,12.1342,12.6756,44.1308,2.7918,89.7559,15.1157,17.3836,37.7254,11.2125,14.080237870217664,12.47486307015746,0.8548542061326783,0.884573511313074,0.861789418037184,
2024-09-16,value,NKE UN Equity,79.8,0.010526315789473727,0.08020050125313291,0.029072681704260746,-0.031954887218045076,,36.2077,6.0622,119648.8437,10.3968,2.7886,3.0789,29.803,5.9693,44.693,27.4705,26.6175,21.4516,2.4098,3.717597190624159,9.936844249770813,0.7197798879307452,0.7826821267335737,0.7501081631525047,26.762900000000002
2024-09-16,value,NVDA UW Equity,116.78,-0.010190101044699416,-0.004452817263229971,0.12690529200205508,0.14959753382428498,,47.5251,43.9432,2864613.4,20.5071,24.4391,25.5495,84.1657,53.1943,75.9671,14.5722,983.1344,54.6936,1.075,18.98388985269811,300.00403475724613,0.6498324139168331,0.04207518738135776,1.287359976781922,94.2085
2024-09-16,value,PDD UW Equity,97.2,0.012139917695473174,0.05246913580246908,0.31903292181069964,0.05216049382716042,,43.7274,6.7404,134988.5038,,2.7299,4.3574,17.9803,14.1731,60.0328,1.7613,45.8479,10.2869,2.7744,8.647110218093786,123.2790267695576,0.5721205986551948,0.6367099646578235,0.31570084469234316,
2024-09-17,value,ADBE UW Equity,515.03,-0.013397277828475967,0.01755237558977162,-0.024251014504009384,-0.10387744403238647,,34.2861,15.9049,228364.302,,12.1342,12.6756,44.1308,2.8269,89.7559,15.1157,17.3836,37.2573,11.0734,14.080237870217664,12.385074871319134,0.8442471017973842,0.8735996718104074,0.861789418037184,
2024-09-17,value,NKE UN Equity,80.64,0.0032242063492064128,0.08457341269841262,0.04092261904761901,-0.04265873015873013,,36.2077,6.0622,120908.3052,10.3968,2.7886,3.0789,29.803,5.9071,44.693,27.4705,26.6175,21.6774,2.4352,3.717597190624159,9.936844249770813,0.7273563064121061,0.7909318263016012,0.7501081631525047,26.7007
2024-09-17,value,NVDA UW Equity,115.59,-0.019205813651699963,0.045678691928367515,0.17415001297690108,0.1419672982091876,,47.5251,43.9432,2835422.7,20.5071,24.4391,25.5495,84.1657,53.7419,75.9671,14.5722,983.1344,54.1363,1.064,18.98388985269811,300.00403475724613,0.6432109517297426,0.0416446505802462,1.287359976781922,94.7561
2024-09-17,value,PDD UW Equity,98.38,-0.00152470014230526,0.15673917462898965,0.29497865419800784,0.012502541166903884,,43.7274,6.7404,136627.2531,,2.7299,4.3574,17.9803,14.0031,60.0328,1.7613,45.8479,10.4118,2.8081,8.647110218093786,123.2790267695576,0.5790670900930462,0.6444439344563272,0.31570084469234316,
2024-09-18,value,ADBE UW Equity,508.13,0.03603408576545384,0.019227363076378057,-0.022238403558144593,-0.10410721665715462,,34.2861,15.9049,225304.842,,12.1342,12.6756,44.1308,2.8653,89.7559,15.1157,17.3836,36.7582,10.925,14.080237870217664,12.385074871319134,0.832937540221342,0.8618921392281235,0.861789418037184,
2024-09-18,value,NKE UN Equity,80.9,0.0009888751545117217,0.08776266996291711,0.030902348578491962,-0.03584672435105075,,36.2077,6.0622,121298.1386,10.3968,2.7886,3.0789,29.803,5.8881,44.693,27.4705,26.6175,21.7473,2.4431,3.717597190624159,9.936844249770813,0.7297017078817568,0.7934976777420507,0.7501081631525047,26.6817
2024-09-18,value,NVDA UW Equity,113.37,0.039693040486901296,0.08944165123048425,0.2078151186380877,0.1501278997971243,,47.5251,43.9432,2780966.1,20.5071,24.4391,25.5495,84.1657,54.7943,75.9671,14.5722,983.1344,53.0965,1.0436,18.98388985269811,300.00403475724613,0.6308567504339654,0.0408462005127302,1.287359976781922,95.80850000000001
2024-09-18,value,PANW UW Equity,164.875,0.011675511751326832,0.03263078089461711,0.1407126611068991,0.22056103108415473,,68.1318,4.9437,107366.6,,12.4856,11.989,142.6594,2.9743,73.7977,1.9034,-5.9566,127.2844,13.1204,10.365815078171186,35.3024703937066,0.8922258189786302,1.0943698390191008,1.2044976594549477,
2024-09-18,value,PDD UW Equity,98.23,0.017815331365163393,0.15993077471240957,0.25857680952865714,0.0426549933828769,,43.7274,6.7404,136418.9375,,2.7299,4.3574,17.9803,14.0475,60.0328,1.7613,45.8479,10.3789,2.7992,8.647110218093786,123.2790267695576,0.5772373097223071,0.6424014320466332,0.31570084469234316,
2024-09-19,value,ADBE UW Equity,526.44,-0.007864144062001557,-0.021009041866119706,-0.05991186080085114,-0.16170883671453545,,34.2861,15.9049,233423.496,,12.1342,12.6756,44.1308,2.7656,89.7559,15.1157,17.3836,38.0827,11.3187,14.080237870217664,12.385074871319134,0.8629505923300734,0.8929518129319323,0.861789418037184,
2024-09-19,value,NKE UN Equity,80.98,0.06841195356878231,0.10385280316127433,0.023956532477154825,-0.050382810570511215,,36.2077,6.0622,121418.0873,10.3968,2.7886,3.0789,29.803,5.8823,44.693,27.4705,26.6175,21.7688,2.4455,3.717597190624159,9.936844249770813,0.7304231117672717,0.7942771769138329,0.7501081631525047,26.675900000000002
2024-09-19,value,NVDA UW Equity,117.87,-0.015864935946381643,0.05234580470009333,0.17078136930516666,0.09366250954441327,,47.5251,43.9432,2891351.1,20.5071,24.4391,25.5495,84.1657,52.7023,75.9671,14.5722,983.1344,55.2041,1.085,18.98388985269811,300.00403475724613,0.6558978301136924,0.04246658447327736,1.287359976781922,93.7165
2024-09-19,value,PDD UW Equity,99.98,-0.0008001600320063842,0.2942588517703541,0.2464492898579716,0.013702740548109524,,43.7274,6.7404,138849.2861,,2.7299,4.3574,17.9803,13.8282,60.0328,1.7613,45.8479,10.5436,2.8436,8.647110218093786,123.6494908284036,0.5863973348609312,0.6525909946298251,0.31570084469234316,
2024-09-20,value,ADBE UW Equity,522.3,0.01066436913651168,-0.013057629714723218,-0.04708022209458161,-0.1625694045567681,,34.2861,15.9049,231587.82,,12.1342,12.6756,44.1308,2.7876,89.7559,15.1157,17.3836,37.7832,11.2297,14.080237870217664,12.385074871319134,0.8561639489880084,0.8859304490517215,0.861789418037184,
2024-09-20,value,NKE UN Equity,86.52,-0.003698566805362843,0.033749422098936686,-0.05825242718446593,-0.10887656033287103,,36.2077,6.0622,129724.5358,10.3968,2.7886,3.0789,29.803,5.5056,44.693,27.4705,26.6175,23.2581,2.6128,3.717597190624159,9.936844249770813,0.780394591148542,0.8486147650134789,0.7501081631525047,26.299200000000003
2024-09-20,value,NVDA UW Equity,116.0,0.0022413793103448717,0.046551724137931086,0.23887931034482765,0.1265517241379311,,47.5251,43.9432,2845480.0,20.5071,24.4391,25.5495,84.1657,53.5519,75.9671,14.5722,983.1344,54.3283,1.0678,18.98388985269811,300.00403475724613,0.6454921660486398,0.041793381475175646,1.287359976781922,94.5661
2024-09-20,value,PDD UW Equity,99.9,0.024024024024023937,0.35515515515515506,0.2498498498498498,0.011011011011010954,,43.7274,6.7404,138738.1844,,2.7299,4.3574,17.9803,13.8809,60.0328,1.7613,45.8479,10.5035,2.8328,8.647110218093786,123.6494908284036,0.584167116232766,0.6501124523798596,0.31570084469234316,
2024-09-23,value,ADBE UW Equity,527.87,-0.007198742114535689,-0.01911455471991216,-0.06584954628980619,-0.15287854964290448,,34.2861,15.9049,234057.558,,12.1342,12.6756,44.1308,2.7581,89.7559,15.1157,17.3836,38.1862,11.3494,14.080237870217664,12.385074871319134,0.8652958931177318,0.89537378901196,0.861789418037184,
2024-09-23,value,NKE UN Equity,86.2,0.014617169373549777,0.0255220417633411,-0.0554524361948956,-0.10742459396751745,,36.2077,6.0622,129244.741,10.3968,2.7886,3.0789,29.803,5.5261,44.693,27.4705,26.6175,23.172,2.6031,3.717597190624159,9.936844249770813,0.7775056202395731,0.8454642891941927,0.7501081631525047,26.3197
2024-09-23,value,NVDA UW Equity,116.26,0.039652503010493716,0.04455530707035947,0.23507655255461893,0.15861001204197472,,47.5251,43.9432,2851857.8,20.5071,24.4391,25.5495,84.1657,53.4322,75.9671,14.5722,983.1344,54.4501,1.0702,18.98388985269811,300.00403475724613,0.6469393113821901,0.04188731677723635,1.287359976781922,94.44640000000001
2024-09-23,value,PDD UW Equity,102.3,0.11241446725317693,0.3177908113391985,0.2562072336265884,-0.027272727272727195,,43.7274,6.7404,142071.2339,,2.7299,4.3574,17.9803,13.5446,60.0328,1.7613,45.8479,10.7642,2.9031,8.647110218093786,125.81453834747327,0.5986663181370723,0.6662459264699132,0.31570084469234316,
2024-09-24,value,ADBE UW Equity,524.07,-0.011773236399717732,-0.040586181235331226,-0.07449386532333481,-0.1475566241150992,,34.2861,15.9049,232372.638,,12.1342,12.6756,44.1308,2.7781,89.7559,15.1157,17.3836,37.9113,11.2677,14.080237870217664,12.385074871319134,0.8590666835860667,0.8889283347533845,0.861789418037184,
2024-09-24,value,NKE UN Equity,87.46,0.006174251086210911,0.01909444317402243,-0.08472444546078203,-0.12234164189343688,,36.2077,6.0622,131133.9332,10.3968,2.7886,3.0789,29.803,5.4465,44.693,27.4705,26.6175,23.5108,2.6412,3.717597190624159,9.936844249770813,0.788873603328524,0.857838838546234,0.7501081631525047,26.2401
2024-09-24,value,NVDA UW Equity,120.87,0.021841648051625716,-0.032017870439315005,0.15462894018366838,0.155539008852486,,47.5251,43.9432,2964941.1,20.5071,24.4391,25.5495,84.1657,51.3943,75.9671,14.5722,983.1344,56.6091,1.1126,18.98388985269811,300.00403475724613,0.6725910911452052,0.04354684044697548,1.287359976781922,92.4085
2024-09-24,value,PDD UW Equity,113.8,0.0012302284710017624,0.2797891036906853,0.07504393673110726,-0.11616871704745166,,43.7274,6.7404,158042.096,,2.7299,4.3574,17.9803,12.2116,60.0328,1.7613,45.8479,11.9393,3.22,8.647110218093786,125.81453834747327,0.6640211787345038,0.7389727819341809,0.31570084469234316,
2024-09-24,value,PEP UW Equity,169.92,-0.0030602636534838856,0.008592278719397412,0.01783192090395481,-0.10963983050847456,,45.3255,5.0876,233397.4222,7.696,2.9844,2.6907,23.7262,2.6512,54.8055,37.6919,3.3473,21.2844,2.5442,3.1634112614811944,6.355662975533381,0.8970842359922787,0.9455532017690563,0.9434119541581905,18.0432
2024-09-25,value,ADBE UW Equity,517.9,-0.004865804209306781,-0.02334427495655527,-0.06763854025873715,-0.1350839930488511,,34.2861,15.9049,229636.86,,12.1342,12.6756,44.1308,2.8112,89.7559,15.1157,17.3836,37.4649,11.1351,14.080237870217664,12.385074871319134,0.8489512993192962,0.8784672914891603,0.861789418037184,
2024-09-25,value,NKE UN Equity,88.0,0.015795454545454553,-0.05568181818181825,-0.10181818181818175,-0.12738636363636358,,36.2077,6.0622,131943.5871,10.3968,2.7886,3.0789,29.803,5.413,44.693,27.4705,26.6175,23.6559,2.6575,3.717597190624159,9.936844249770813,0.793742240714022,0.863132937087921,0.7501081631525047,26.2066
2024-09-25,value,NVDA UW Equity,123.51,0.00429115051412842,-0.037729738482714034,0.1368310258278681,0.13529268885110513,,47.5251,43.9432,3029700.3,20.5071,24.4391,25.5495,84.1657,50.2957,75.9671,14.5722,983.1344,57.8456,1.1369,18.98388985269811,300.00403475724613,0.6872823489853942,0.04449793538034013,1.287359976781922,91.3099
2024-09-25,value,PDD UW Equity,113.94,0.1356854484816571,0.34026680709145174,0.06529752501316481,-0.12480252764612954,,43.7274,6.7404,158236.5239,,2.7299,4.3574,17.9803,12.1934,60.0328,1.7613,45.8479,11.9571,3.2248,8.647110218093786,126.21089999661191,0.6650111510931409,0.740074356267499,0.31570084469234316,
2024-09-25,value,PEP UW Equity,169.4,0.0017119244391971195,0.0008854781582054644,0.016292798110979875,-0.09793388429752067,,45.3255,5.0876,232683.1646,7.696,2.9844,2.6907,23.7262,2.6593,54.8055,37.6919,3.3473,21.2192,2.5364,3.1634112614811944,6.351320465791304,0.8943362190321249,0.942654327870071,0.9434119541581905,18.051299999999998
2024-09-26,value,ADBE UW Equity,515.38,0.0001940315883426263,-0.022468857930070984,-0.06143040086926146,-0.12654740191703204,,34.2861,15.9049,226870.276,,12.1342,12.6756,44.1308,2.825,89.7559,15.1157,17.3836,37.2826,11.0809,14.080237870217664,12.385074871319134,0.8448203975454784,0.8741913597778409,0.861789418037184,
2024-09-26,value,NKE UN Equity,89.39,0.0005593466830741376,-0.08155274639221397,-0.11791028079203497,-0.1392773240854682,,36.2077,6.0622,134027.696,10.3968,2.7886,3.0789,29.803,5.3289,44.693,27.4705,26.6175,24.0296,2.6994,3.717597190624159,9.936844249770813,0.8062812468543434,0.8767416934619506,0.7501081631525047,26.122500000000002
2024-09-26,value,NVDA UW Equity,124.04,-0.021283456949371175,-0.009593679458239373,0.14108352144469513,0.1281038374717833,,47.5251,43.9432,3042701.2,20.5071,24.4391,25.5495,84.1657,50.0808,75.9671,14.5722,983.1344,58.0938,1.1418,18.98388985269811,300.00403475724613,0.6902312937455519,0.04468971995538073,1.287359976781922,91.095
2024-09-26,value,PDD UW Equity,129.4,0.046213292117465145,0.1794435857805255,-0.05355486862442045,-0.23593508500772797,,43.7274,6.7404,179706.9176,,2.7299,4.3574,17.9803,10.7716,60.0328,1.7613,45.8479,13.5355,3.6505,8.647110218093786,126.21089999661191,0.752796115748903,0.837770229953642,0.31570084469234316,
2024-09-26,value,PEP UW Equity,169.69,0.0018268607460663697,-0.006835995049796668,0.012375508279804315,-0.10165596086982144,,45.3255,5.0876,233081.5006,7.696,2.9844,2.6907,23.7262,2.6548,54.8055,37.6919,3.3473,21.2556,2.5407,3.1634112614811944,6.293782211708773,0.8958703880098795,0.9442524250195117,0.9434119541581905,18.046799999999998
2024-09-27,value,ADBE UW Equity,515.48,0.004461860789943265,-0.016023900054318287,-0.066811515480717,-0.1338558236983006,,34.2861,15.9049,226914.296,,12.1342,12.6756,44.1308,2.8244,89.7559,15.1157,17.3836,37.2899,11.0831,14.080237870217664,12.385074871319134,0.8449858148957191,0.8743649215816214,0.861789418037184,
2024-09-27,value,NKE UN Equity,89.44,-0.011627906976744097,-0.0803890876565295,-0.1177325581395349,-0.1455724508050089,,36.2077,6.0622,134102.664,10.3968,2.7886,3.0789,29.803,5.3259,44.693,27.4705,26.6175,24.043,2.701,3.717597190624159,9.936844249770813,0.8067308660201993,0.8772613595764721,0.7501081631525047,26.119500000000002
2024-09-27,value,NVDA UW Equity,121.4,0.0003294892915979575,0.028995057660625996,0.15749588138385506,0.12858319604612836,,47.5251,43.9432,2977942.0,20.5071,24.4391,25.5495,84.1657,51.1699,75.9671,14.5722,983.1344,56.8574,1.1175,18.98388985269811,300.00403475724613,0.6755412240378206,0.04373862502201609,1.287359976781922,92.1841
2024-09-27,value,PDD UW Equity,135.38,-0.00421037080809568,0.1395331659033832,-0.0708376421923474,-0.280174324124686,,43.7274,6.7404,188011.7659,,2.7299,4.3574,17.9803,10.2955,60.0328,1.7613,45.8479,14.1614,3.8193,8.647110218093786,126.21089999661191,0.7876064359326597,0.8765089273419929,0.31570084469234316,
2024-09-27,value,PEP UW Equity,170.0,0.0002941176470588904,-0.011941176470588242,-0.0009411764705882153,-0.10064705882352949,,45.3255,5.0876,233507.308,7.696,2.9844,2.6907,23.7262,2.6499,54.8055,37.6919,3.3473,21.2944,2.5454,3.1634112614811944,6.263746519326069,0.8975057109861673,0.9459991823689002,0.9434119541581905,18.0419
2024-09-30,value,ADBE UW Equity,517.78,-0.028931206303835534,-0.05886670014291777,-0.06255552551276601,-0.1390165707443315,,34.2861,15.9049,227926.756,,12.1342,12.6756,44.1308,2.8119,89.7559,15.1157,17.3836,37.4563,11.1325,14.080237870217664,12.385074871319134,0.8487564240847661,0.8782621729937834,0.861789418037184,
2024-09-30,value,NKE UN Equity,88.4,0.008257918552036083,-0.08563348416289601,-0.11312217194570134,-0.15554298642533937,,36.2077,6.0622,132543.3306,10.3968,2.7886,3.0789,29.803,5.3885,44.693,27.4705,26.6175,23.7634,2.6695,3.717597190624159,9.936844249770813,0.7973492601415965,0.8670304329468317,0.7501081631525047,26.182100000000002
2024-09-30,value,NOW UN Equity,894.39,-0.03042296984536951,0.012913829537450182,0.06562014333791752,0.19377452789051763,,22.6997,13.2749,184244.34,,17.3431,15.9547,150.349,1.8391,79.1205,11.6036,80.9524,134.1829,17.5721,16.256991160765267,32.45580435014773,0.8924761721062329,1.101374516600124,1.0668087242278852,
2024-09-30,value,NVDA UW Equity,121.44,-0.03656126482213437,0.05171277997364955,0.16312582345191043,0.13216403162055346,,47.5251,43.9432,2978923.2,20.5071,24.4391,25.5495,84.1657,51.153,75.9671,14.5722,983.1344,56.8761,1.1179,18.98388985269811,300.00403475724613,0.6757634048074216,0.04375428090569287,1.287359976781922,92.16720000000001
2024-09-30,value,PDD UW Equity,134.81,0.0803352866997996,0.13559824938802761,-0.07091462057710854,-0.2998293895111639,,43.7274,6.7404,187220.1666,,2.7299,4.3574,17.9803,10.2955,60.0328,1.7613,45.8479,12.9033,3.5071,8.647110218093786,126.35659728389088,0.7176354120898983,0.8048606967457658,0.31570084469234316,
2024-09-30,value,PEP UW Equity,170.05,0.007821229050279235,-0.01670097030285212,-0.01499558953249051,-0.10779182593354902,,45.3255,5.0876,233575.9866,7.696,2.9844,2.6907,23.7262,2.6491,54.8055,37.6919,3.3473,21.3007,2.5461,3.1634112614811944,6.176172572860833,0.897771240232317,0.9462593377188092,0.9434119541581905,18.0411
2024-10-01,value,ADBE UW Equity,502.8,0.005986475735879059,-0.013046937151949088,-0.03206046141607002,-0.11559268098647574,,34.2861,15.9049,221332.56,,12.1342,12.6756,44.1308,2.8957,89.7559,15.1157,17.3836,36.3726,10.8104,14.080237870217664,12.385074871319134,0.824199878542877,0.8528511470857395,0.861789418037184,
2024-10-01,value,NKE UN Equity,89.13,-0.06765398855604175,-0.09379557949063166,-0.14226410860540775,-0.1510153708066868,,36.2077,6.0622,133637.8627,10.3968,2.7886,3.0789,29.803,5.3444,44.693,27.4705,26.6175,23.9597,2.6916,3.717597190624159,9.936844249770813,0.8039358453846929,0.8742083211536589,0.7501081631525047,26.138
2024-10-01,value,NOW UN Equity,867.18,0.015256348163011161,0.06321640259231077,0.09550497013307509,0.2224912936183952,,22.6997,13.2749,178639.08,,17.3431,15.9547,150.349,1.8968,79.1205,11.6036,80.9524,130.1006,17.0375,16.256991160765267,32.45580435014773,0.8653240127968925,1.0678671488652247,1.0668087242278852,
2024-10-01,value,NVDA UW Equity,117.0,0.015811965811965763,0.1358119658119657,0.19089743589743596,0.1477777777777777,,47.5251,43.9432,2870010.0,20.5071,24.4391,25.5495,84.1657,53.0942,75.9671,14.5722,983.1344,54.7966,1.077,18.98388985269811,300.00403475724613,0.6510561903483247,0.042153466799741676,1.287359976781922,94.1084
2024-10-01,value,PANW UW Equity,164.645,0.00862461659935004,0.07847186370676296,0.09177320902547896,0.10516565944911778,,68.1318,4.9437,107216.824,,12.4856,11.989,142.6594,2.9784,73.7977,1.9034,-5.9566,127.1068,13.1021,10.365815078171186,35.3024703937066,0.8909808957559053,1.0928434398198348,1.2044976594549477,
2024-10-01,value,PDD UW Equity,145.64,0.048544355946168787,-0.005355671518813326,-0.17007690195001363,-0.33404284537215045,,43.7274,6.7404,202260.5524,,2.7299,4.3574,17.9803,10.2955,60.0328,1.7613,45.8479,13.9399,3.7888,8.647110218093786,126.3958336160803,0.7752873978743402,0.8695093404323679,0.31570084469234316,
2024-10-02,value,ADBE UW Equity,505.81,-0.003973824163223327,-0.0231905260868706,-0.05482295723690717,-0.12813111642711691,,34.2861,15.9049,222657.562,,12.1342,12.6756,44.1308,2.8784,89.7559,15.1157,17.3836,36.5904,10.8751,14.080237870217664,12.385074871319134,0.8291352071569064,0.8579554419514659,0.861789418037184,
2024-10-02,value,NKE UN Equity,83.1,-0.012033694344163659,-0.007821901323706276,-0.07184115523465703,-0.11347773766546322,,36.2077,6.0622,124596.7282,10.3968,2.7886,3.0789,29.803,5.7322,44.693,27.4705,26.6175,22.3387,2.5095,3.717597190624159,9.936844249770813,0.7495453477837801,0.8150638214946897,0.7501081631525047,26.5258
2024-10-02,value,NOW UN Equity,880.41,0.011619586329096692,0.06615099783055622,0.05972217489578724,0.1975556842834588,,22.6997,13.2749,181364.46,,17.3431,15.9547,150.349,1.8683,79.1205,11.6036,80.9524,132.0855,17.2974,16.256991160765267,32.45580435014773,0.8785259629262583,1.084157019561634,1.0668087242278852,
2024-10-02,value,NVDA UW Equity,118.85,0.033655868742111905,0.11611274716028618,0.11703828355069414,0.1637358014303745,,47.5251,43.9432,2915390.5,20.5071,24.4391,25.5495,84.1657,52.2678,75.9671,14.5722,983.1344,55.6631,1.094,18.98388985269811,300.00403475724613,0.6613513580948058,0.04281884185600501,1.287359976781922,93.28200000000001
2024-10-02,value,PANW UW Equity,166.065,0.011471411796585682,0.09255412037455216,0.08490651251016165,0.0883690121338031,,68.1318,4.9437,108141.528,,12.4856,11.989,142.6594,2.9529,73.7977,1.9034,-5.9566,128.203,13.2151,10.365815078171186,35.3024703937066,0.8986649319988729,1.1022687463508214,1.2044976594549477,
2024-10-02,value,PDD UW Equity,152.71,-0.0005893523672320307,-0.07360356230764199,-0.2103333115054679,-0.3655294348765635,,43.7274,6.7404,212079.1606,,2.7299,4.3574,17.9803,10.2955,60.0328,1.7613,45.8479,14.6166,3.9727,8.647110218093786,126.3958336160803,0.8129230324299372,0.9117134070776151,0.31570084469234316,
2024-10-02,value,PEP UW Equity,169.55,-0.006015924506045474,0.017634915953995755,-0.020465939250958413,-0.11406664700678268,,45.3255,5.0876,232889.2004,7.696,2.9844,2.6907,23.7262,2.6569,54.8055,37.6919,3.3473,21.238,2.5386,3.1634112614811944,6.176172572860833,0.8951285920206354,0.9434719589697849,0.9434119541581905,18.0489
2024-10-03,value,ADBE UW Equity,503.8,0.006788408098451798,-0.0004565303691941607,-0.04168320762207225,-0.14535529972211197,,34.2861,15.9049,221772.76,,12.1342,12.6756,44.1308,2.8899,89.7559,15.1157,17.3836,36.4449,10.8319,14.080237870217664,12.385074871319134,0.8258381901075892,0.8545473192590488,0.861789418037184,
2024-10-03,value,NKE UN Equity,82.1,0.0018270401948843567,0.0,-0.04920828258221672,-0.10706455542021916,,36.2077,6.0622,123097.3693,10.3968,2.7886,3.0789,29.803,5.802,44.693,27.4705,26.6175,22.0699,2.4793,3.717597190624159,9.936844249770813,0.7405261215313894,0.8052551235830978,0.7501081631525047,26.5956
2024-10-03,value,NOW UN Equity,890.64,0.03036019042486298,0.060619329920057495,0.05924952842899486,0.2056161861133567,,22.6997,13.2749,183471.84,,17.3431,15.9547,150.349,1.8468,79.1205,11.6036,80.9524,133.6203,17.4984,16.256991160765267,32.45580435014773,0.8887342117340321,1.0967551881263828,1.0668087242278852,
2024-10-03,value,NVDA UW Equity,122.85,0.01684981684981691,0.09735449735449743,0.10215710215710225,0.17598697598697602,,47.5251,43.9432,3013510.5,20.5071,24.4391,25.5495,84.1657,50.5659,75.9671,14.5722,983.1344,57.5365,1.1308,18.98388985269811,300.00403475724613,0.6836098315584614,0.04425918315426917,1.287359976781922,91.5801
2024-10-03,value,PDD UW Equity,152.62,0.010811164984929927,-0.0723365220809854,-0.21006421176778928,-0.36561394312672,,43.7274,6.7404,211954.1713,,2.7299,4.3574,17.9803,10.2955,60.0328,1.7613,45.8479,14.608,3.9704,8.647110218093786,126.3958336160803,0.8124447311780115,0.9111855693762335,0.31570084469234316,
2024-10-03,value,PEP UW Equity,168.53,-0.0033228505310627324,0.026464131015249557,-0.01744496528807926,-0.11202753219011449,,45.3255,5.0876,231488.1566,7.696,2.9844,2.6907,23.7262,2.673,54.8055,37.6919,3.3473,21.1103,2.5234,3.1634112614811944,6.175448821237153,0.8897463563486778,0.937822871371762,0.9434119541581905,18.064999999999998
2024-10-04,value,ADBE UW Equity,507.22,-0.03927289933362252,-0.02326406687433463,-0.05100350932534207,-0.1499152241630851,,34.2861,15.9049,223278.244,,12.1342,12.6756,44.1308,2.8704,89.7559,15.1157,17.3836,36.6923,10.9055,14.080237870217664,12.385074871319134,0.8314442520869778,0.8603537505127963,0.861789418037184,
2024-10-04,value,NKE UN Equity,82.25,-0.017264437689969627,-0.001215805471124551,-0.0615197568389058,-0.12462006079027356,,36.2077,6.0622,123322.2731,10.3968,2.7886,3.0789,29.803,5.7914,44.693,27.4705,26.6175,22.1102,2.4838,3.717597190624159,9.936844249770813,0.7418783343958661,0.8067166845301894,0.7501081631525047,26.585
2024-10-04,value,NVDA UW Equity,124.92,0.022414345180915764,0.07909061799551721,0.08909702209414033,0.19620557156580215,,47.5251,43.9432,3064287.6,20.5071,24.4391,25.5495,84.1657,49.728,75.9671,14.5722,983.1344,58.506,1.1499,18.98388985269811,300.00403475724613,0.6951287757364342,0.045006751599835616,1.287359976781922,90.7422
2024-10-04,value,PDD UW Equity,154.27,-0.007648927205548757,-0.06164516756336306,-0.20710442730278095,-0.35813832890386993,,43.7274,6.7404,214245.6428,,2.7299,4.3574,17.9803,10.2955,60.0328,1.7613,45.8479,14.7659,4.0133,8.647110218093786,126.3958336160803,0.8212265646290663,0.9210308899802635,0.31570084469234316,
2024-10-04,value,PEP UW Equity,167.97,-0.004524617491218616,0.04072155742096805,-0.009704113829850541,-0.12918973626242775,,45.3255,5.0876,230718.956,7.696,2.9844,2.6907,23.7262,2.6819,54.8055,37.6919,3.3473,21.0401,2.515,3.1634112614811944,6.153793410812838,0.8867876018915798,0.9347010071728546,0.9434119541581905,18.0739
2024-10-07,value,ADBE UW Equity,487.3,0.018345988097681096,0.04586497024420268,-0.0018058690744920899,-0.13271085573568647,,34.2861,15.9049,214509.46,,12.1342,12.6756,44.1308,2.9878,89.7559,15.1157,17.3836,35.2513,10.4772,14.080237870217664,12.385074871319134,0.7987913203476936,0.8265644229858942,0.861789418037184,
2024-10-07,value,GOOGL UW Equity,162.98,0.008590011044299949,0.01214872990550999,0.04147748189961971,0.19947232789299313,,29.085,13.3706,2014769.18,,5.7937,6.048,23.5524,2.7693,58.6781,5.5666,33.6316,21.1012,5.9381,5.741570917984507,28.758066320273908,0.895925680610044,0.9818287037037038,1.0090792368082064,
2024-10-07,value,NKE UN Equity,80.83,-0.0007422986514908112,0.009526166027465002,-0.03525918594581213,-0.10812817023382401,,36.2077,6.0622,121193.1834,10.3968,2.7886,3.0789,29.803,5.8932,44.693,27.4705,26.6175,21.7285,2.4409,3.717597190624159,9.936844249770813,0.729070898902795,0.7927831368345838,0.7501081631525047,26.6868
2024-10-07,value,NVDA UW Equity,127.72,0.040479173191355994,0.08103664265580954,0.09544315690573127,0.09724397118697141,,47.5251,43.9432,3132971.6,20.5071,24.4391,25.5495,84.1657,48.6378,75.9671,14.5722,983.1344,59.8173,1.1757,18.98388985269811,300.00403475724613,0.710708756655027,0.0460165560969882,1.287359976781922,89.652
2024-10-07,value,PDD UW Equity,153.09,-0.0537592265987327,-0.111437716375988,-0.20210333790580703,-0.34273956496178715,,43.7274,6.7404,212606.8935,,2.7299,4.3574,17.9803,10.2955,60.0328,1.7613,45.8479,14.653,3.9826,8.647110218093786,126.3958336160803,0.8149474702869252,0.9139854041400836,0.31570084469234316,
2024-10-07,value,PEP UW Equity,167.21,0.019197416422462647,0.053166676634172516,0.003827522277375673,-0.13043478260869565,,45.3255,5.0876,229675.041,7.696,2.9844,2.6907,23.7262,2.6941,54.8055,37.6919,3.3473,20.9449,2.5036,3.1634112614811944,6.153793410812838,0.8827751599497603,0.9304641914743376,0.9434119541581905,18.0861
2024-10-08,value,ADBE UW Equity,496.24,-0.004352732548766776,0.023758665162018303,0.017310172497178734,-0.15448170240206358,,34.2861,15.9049,218444.848,,12.1342,12.6756,44.1308,2.9339,89.7559,15.1157,17.3836,35.8981,10.6694,14.080237870217664,12.385074871319134,0.813447750777235,0.8417274132979898,0.861789418037184,
2024-10-08,value,NKE UN Equity,80.77,0.020799801906648593,0.016714126532128372,-0.06747554785192526,-0.11737031075894504,,36.2077,6.0622,120225.8006,10.3968,2.7886,3.0789,29.803,5.8976,44.693,27.4705,26.6175,21.7124,2.4391,3.717597190624159,9.936844249770813,0.7285306848303862,0.7921985124557471,0.7501081631525047,26.691200000000002
2024-10-08,value,NVDA UW Equity,132.89,-0.0018060049665135126,-0.009707276695010852,0.09571826322522409,0.054330649409286086,,47.5251,43.9432,3259791.7,20.5071,24.4391,25.5495,84.1657,46.7456,75.9671,14.5722,983.1344,62.2387,1.2233,18.98388985269811,300.00403475724613,0.7394781959872014,0.04787960625452553,1.287359976781922,87.75980000000001
2024-10-08,value,PDD UW Equity,144.86,-0.023401905287864243,-0.11493856136959826,-0.1676791384785311,-0.30746928068479923,,43.7274,6.7404,201177.3113,,2.7299,4.3574,17.9803,10.2955,60.0328,1.7613,45.8479,13.948,3.791,8.647110218093786,126.44218784951798,0.7757378909139447,0.870014228668472,0.31570084469234316,
2024-10-08,value,PEP UW Equity,170.42,0.012439854477174068,0.03215585025231791,-0.03350545710597336,-0.1401243985447717,,45.3255,5.0876,233814.3696,7.696,2.9844,2.6907,23.7262,2.6434,54.8055,37.6919,3.3473,21.347,2.5517,3.1634112614811944,6.2048369463776245,0.8997226694540214,0.9483405805180807,0.9434119541581905,18.0354
2024-10-09,value,ADBE UW Equity,494.08,0.019207415803108828,0.017122733160621836,0.01384391191709851,-0.17843264248704657,,34.2861,15.9049,217494.016,,12.1342,12.6756,44.1308,2.9468,89.7559,15.1157,17.3836,35.7418,10.6229,14.080237870217664,12.385074871319134,0.8099060066892056,0.8380589478999022,0.861789418037184,
2024-10-09,value,GOOGL UW Equity,161.86,0.0013591993080439816,0.020387989620659724,0.11670579513159511,0.18645743234894338,,29.085,13.3706,1999718.2,,5.7937,6.048,23.5524,2.7885,58.6781,5.5666,33.6316,20.9562,5.8973,5.741570917984507,28.853014229252388,0.8897691954960004,0.9750826719576721,1.0090792368082064,
2024-10-09,value,NKE UN Equity,82.45,-0.0042449969678594116,0.01807155852031528,-0.0791995148574894,-0.13644633110976348,,36.2077,6.0622,122726.4734,10.3968,2.7886,3.0789,29.803,5.7774,44.693,27.4705,26.6175,22.164,2.4899,3.717597190624159,9.936844249770813,0.7436835217931081,0.8086979115918023,0.7501081631525047,26.571
2024-10-09,value,NVDA UW Equity,132.65,0.016283452695062168,0.02314361100640779,0.12235205427817557,0.024575951752732687,,47.5251,43.9432,3253904.5,20.5071,24.4391,25.5495,84.1657,46.8302,75.9671,14.5722,983.1344,62.1263,1.221,18.98388985269811,300.00403475724613,0.7381427351046804,0.047789584923384025,1.287359976781922,87.84440000000001
2024-10-09,value,PDD UW Equity,141.47,0.0007775500106030511,-0.09945571499257788,-0.11027072877641898,-0.33074149996465674,,43.7274,6.7404,196469.3789,,2.7299,4.3574,17.9803,10.2955,60.0328,1.7613,45.8479,13.6635,3.7137,8.647110218093786,126.44218784951798,0.7599150181031463,0.8522742920089961,0.31570084469234316,
2024-10-10,value,ADBE UW Equity,503.57,-0.016184443076434213,-0.013384435133149332,-0.017653950791349737,,,34.2861,15.9049,221671.514,,12.1342,12.6756,44.1308,2.8912,89.7559,15.1157,17.3836,36.4283,10.827,14.080237870217664,12.385074871319134,0.8254620355851242,0.8541607497869924,0.861789418037184,
2024-10-10,value,GOOGL UW Equity,162.08,0.0071569595261599,0.005244323790720596,0.10038252714708774,,,29.085,13.3706,2001824.6,,5.7937,6.048,23.5524,2.7847,58.6781,5.5666,33.6316,20.9847,5.9053,5.741570917984507,28.86945255265132,0.8909792632597953,0.9764054232804233,1.0090792368082064,
2024-10-10,value,NKE UN Equity,82.1,0.000609013398294901,0.015834348355663965,-0.07576126674786844,,,36.2077,6.0622,122205.4999,10.3968,2.7886,3.0789,29.803,5.802,44.693,27.4705,26.6175,22.0699,2.4793,3.717597190624159,9.936844249770813,0.7405261215313894,0.8052551235830978,0.7501081631525047,26.5956
2024-10-10,value,NVDA UW Equity,134.81,-7.417847340694981e-05,0.015725836362287696,0.09509680290779611,,,47.5251,43.9432,3306889.3,20.5071,24.4391,25.5495,84.1657,46.0799,75.9671,14.5722,983.1344,63.1379,1.2409,18.98388985269811,300.00403475724613,0.7501618830473696,0.048568465136304036,1.287359976781922,87.0941
2024-10-10,value,PDD UW Equity,141.58,0.022460799547958595,-0.12678344398926414,-0.16789094504873575,,,43.7274,6.7404,196622.1437,,2.7299,4.3574,17.9803,10.2955,60.0328,1.7613,45.8479,13.6702,3.7155,8.647110218093786,126.44218784951798,0.7602876481482511,0.8526873823839904,0.31570084469234316,
2024-10-11,value,ADBE UW Equity,495.42,0.028723103629243796,-0.001049614468531829,0.0182875136248032,,,34.2861,15.9049,218083.884,,12.1342,12.6756,44.1308,2.9388,89.7559,15.1157,17.3836,35.8387,10.6518,14.080237870217664,12.385074871319134,0.8121017520643179,0.8403389188677459,0.861789418037184,
2024-10-11,value,GOOGL UW Equity,163.24,0.010536633178142605,0.0011026709139915364,0.10481499632443018,,,29.085,13.3706,2017187.44,,5.7937,6.048,23.5524,2.7649,58.6781,5.5666,33.6316,21.1348,5.9476,5.741570917984507,28.88922535637999,0.8973522868157809,0.983399470899471,1.0090792368082064,
2024-10-11,value,NKE UN Equity,82.15,-0.0066950699939137106,0.009373097991478953,-0.06755934266585528,,,36.2077,6.0622,122279.9247,10.3968,2.7886,3.0789,29.803,5.7985,44.693,27.4705,26.6175,22.0833,2.4808,3.717597190624159,9.936844249770813,0.7409757406972453,0.8057423105654616,0.7501081631525047,26.592100000000002
2024-10-11,value,NVDA UW Equity,134.8,0.024258160237388585,0.023738872403560745,0.0775964391691393,,,47.5251,43.9432,3306644.0,20.5071,24.4391,25.5495,84.1657,46.0833,75.9671,14.5722,983.1344,63.1332,1.2408,18.98388985269811,300.00403475724613,0.750106040821855,0.04856455116538484,1.287359976781922,87.0975
2024-10-11,value,PDD UW Equity,144.76,-0.060306714562033646,-0.13912683061619224,-0.1907294832826747,,,43.7274,6.7404,201038.4342,,2.7299,4.3574,17.9803,10.2955,60.0328,1.7613,45.8479,13.9496,3.7915,8.647110218093786,126.44218784951798,0.7758268771933727,0.8701289759948593,0.31570084469234316,
2024-10-14,value,ADBE UW Equity,509.65,-0.0031786520160894823,-0.02342784263710389,0.0329049347591484,,,34.2861,15.9049,224347.93,,12.1342,12.6756,44.1308,2.8567,89.7559,15.1157,17.3836,36.8681,10.9577,14.080237870217664,12.35151114477115,0.8354278644393485,0.8644718987661335,0.861789418037184,
2024-10-14,value,NKE UN Equity,81.6,0.006372549019607969,-0.0014705882352939992,-0.06053921568627449,,,36.2077,6.0622,121461.2521,10.3968,2.7886,3.0789,29.803,5.8376,44.693,27.4705,26.6175,21.9355,2.4642,3.717597190624159,9.936844249770813,0.7360165084051942,0.800350774627302,0.7501081631525047,26.6312
2024-10-14,value,NVDA UW Equity,138.07,-0.04686028825957847,0.040848844788875315,0.07402042442239443,,,47.5251,43.9432,3386857.1,20.5071,24.4391,25.5495,84.1657,44.9919,75.9671,14.5722,983.1344,64.6647,1.2709,18.98388985269811,300.00403475724613,0.7683022894124328,0.04974265641206286,1.287359976781922,86.0061
2024-10-14,value,PDD UW Equity,136.03,-0.05748731897375574,-0.08211423950599134,-0.16341983386017794,,,43.7274,6.7404,188914.4668,,2.7299,4.3574,17.9803,10.2955,60.0328,1.7613,45.8479,13.1496,3.574,8.647110218093786,126.44218784951798,0.7313337374793524,0.8202138890163858,0.31570084469234316,
2024-10-15,value,ADBE UW Equity,508.03,-0.010806448438084272,-0.0293683443891108,0.04816644686337427,,,34.2861,15.9049,223634.806,,12.1342,12.6756,44.1308,2.8659,89.7559,15.1157,17.3836,36.7509,10.9229,14.080237870217664,12.35151114477115,0.8327721228711014,0.8617264665972421,0.861789418037184,
2024-10-15,value,NKE UN Equity,82.12,0.022162688748173322,-0.008524111056989804,-0.06819288845591827,,,36.2077,6.0622,122235.2698,10.3968,2.7886,3.0789,29.803,5.8006,44.693,27.4705,26.6175,22.0753,2.4799,3.717597190624159,9.936844249770813,0.7407073113444954,0.8054499983760435,0.7501081631525047,26.5942
2024-10-15,value,NVDA UW Equity,131.6,0.031306990881459,0.0911094224924013,0.11147416413373873,,,47.5251,43.9432,3228148.0,20.5071,24.4391,25.5495,84.1657,47.2038,75.9671,14.5722,983.1344,61.6345,1.2114,18.98388985269811,300.00403475724613,0.732299499677422,0.0474138437151412,1.287359976781922,88.218
2024-10-15,value,PDD UW Equity,128.21,-0.006317759925122863,0.0023399110833786986,-0.11543561344668911,,,43.7274,6.7404,178054.2805,,2.7299,4.3574,17.9803,10.2955,60.0328,1.7613,45.8479,12.4478,3.3833,8.647110218093786,126.54250052767355,0.6923021306652282,0.7764492587322716,0.31570084469234316,
2024-10-16,value,ADBE UW Equity,502.54,-0.011362279619532845,-0.03484299757233265,0.054383730648306566,,,34.2861,15.9049,221218.108,,12.1342,12.6756,44.1308,2.8972,89.7559,15.1157,17.3836,36.3538,10.8048,14.080237870217664,12.35151114477115,0.8237738722162299,0.8524093534033893,0.861789418037184,
2024-10-16,value,NKE UN Equity,83.94,-0.006433166547533858,-0.046342625685013114,-0.09840362163450073,,,36.2077,6.0622,124944.3321,10.3968,2.7886,3.0789,29.803,5.6748,44.693,27.4705,26.6175,22.5645,2.5349,3.717597190624159,9.936844249770813,0.757121766265141,0.8233135210627172,0.7501081631525047,26.468400000000003
2024-10-16,value,NVDA UW Equity,135.72,0.00891541408782794,0.02829354553492487,0.08134394341290888,,,47.5251,43.9432,3329211.6,20.5071,24.4391,25.5495,84.1657,45.7709,75.9671,14.5722,983.1344,63.5641,1.2493,18.98388985269811,300.00403475724613,0.7552257035823382,0.04889723869351651,1.287359976781922,86.7851
2024-10-16,value,PDD UW Equity,127.4,-0.029591836734693955,-0.03971742543171116,-0.11828885400313977,,,43.7274,6.7404,176929.3764,,2.7299,4.3574,17.9803,10.2955,60.0328,1.7613,45.8479,12.3692,3.3619,8.647110218093786,126.54250052767355,0.6879306796883256,0.7715380731628952,0.31570084469234316,
2024-10-17,value,ADBE UW Equity,496.83,-0.0038846285449751564,-0.028098142221685447,0.013163456313024617,,,34.2861,15.9049,218704.566,,12.1342,12.6756,44.1308,2.9305,89.7559,15.1157,17.3836,35.9407,10.6821,14.080237870217664,12.35151114477115,0.8144130629854885,0.8427293382561772,0.861789418037184,
2024-10-17,value,GOOGL UW Equity,162.93,0.003007426502178731,-0.001288897072362413,0.05867550481802002,,,29.085,13.3706,2015176.74,,5.7937,6.048,23.5524,2.7702,58.6781,5.5666,33.6316,21.0947,5.9363,5.741570917984507,28.91489751667443,0.8956497002428627,0.9815310846560846,1.0090792368082064,
2024-10-17,value,NKE UN Equity,83.4,-0.005755395683453284,-0.052278177458033565,-0.08081534772182264,,,36.2077,6.0622,124140.5444,10.3968,2.7886,3.0789,29.803,5.7116,44.693,27.4705,26.6175,22.4194,2.5186,3.717597190624159,9.936844249770813,0.7522531288796429,0.8180194225210303,0.7501081631525047,26.505200000000002
2024-10-17,value,NVDA UW Equity,136.93,0.007814211640984394,0.025414445337033444,0.036880157744833,,,47.5251,43.9432,3358892.9,20.5071,24.4391,25.5495,84.1657,45.3664,75.9671,14.5722,983.1344,64.1308,1.2604,18.98388985269811,300.00403475724613,0.7619588502204578,0.04933168946554727,1.287359976781922,86.3806
2024-10-17,value,PDD UW Equity,123.63,0.008007765105556978,-0.018199466148992965,-0.07789371511768985,,,43.7274,6.7404,171693.7111,,2.7299,4.3574,17.9803,10.2955,60.0328,1.7613,45.8479,12.0102,3.2643,8.647110218093786,126.54250052767355,0.6679643832416589,0.7491393950520953,0.31570084469234316,
2024-10-18,value,ADBE UW Equity,494.9,0.00567791473024854,-0.022590422307536776,0.009315013133966486,,,34.2861,15.9049,217854.98,,12.1342,12.6756,44.1308,2.9419,89.7559,15.1157,17.3836,35.8011,10.6406,14.080237870217664,12.35151114477115,0.8112497394110235,0.8394553315030452,0.861789418037184,
2024-10-18,value,GOOGL UW Equity,163.42,0.003977481336433764,0.011320523803696138,0.07269612042589661,,,29.085,13.3706,2021509.54,,5.7937,6.048,23.5524,2.7619,58.6781,5.5666,33.6316,21.1581,5.9542,5.741570917984507,28.91489751667443,0.8983415702858308,0.9844907407407407,1.0090792368082064,
2024-10-18,value,NKE UN Equity,82.92,-0.017366136034732246,-0.04908345393150033,-0.096840328027014,,,36.2077,6.0622,123426.0664,10.3968,2.7886,3.0789,29.803,5.7447,44.693,27.4705,26.6175,22.2903,2.5041,3.717597190624159,9.936844249770813,0.7479213501996442,0.8133099483581799,0.7501081631525047,26.5383
2024-10-18,value,NVDA UW Equity,138.0,0.04137681159420296,0.02565217391304342,0.015579710144927577,,,47.5251,43.9432,3385140.0,20.5071,24.4391,25.5495,84.1657,45.0147,75.9671,14.5722,983.1344,64.6319,1.2703,18.98388985269811,300.00403475724613,0.767912581966288,0.049719172586547684,1.287359976781922,86.0289
2024-10-18,value,PDD UW Equity,124.62,0.0019258545979778116,-0.017252447440218307,-0.05865832129674211,,,43.7274,6.7404,173068.594,,2.7299,4.3574,17.9803,10.2955,60.0328,1.7613,45.8479,12.0695,3.2805,8.647110218093786,126.50741930029528,0.6712624372229606,0.7528572084270436,0.31570084469234316,
2024-10-21,value,ADBE UW Equity,497.71,-0.009242329870808233,-0.03349339977095087,0.003817484077073063,,,34.2861,15.9049,219091.942,,12.1342,12.6756,44.1308,2.9253,89.7559,15.1157,17.3836,36.0044,10.701,14.080237870217664,12.35151114477115,0.8158564993156706,0.8442203919341097,0.861789418037184,
2024-10-21,value,NKE UN Equity,81.48,-0.0007363770250368467,-0.0315414825724105,-0.09290623465881206,,,36.2077,6.0622,121282.6326,10.3968,2.7886,3.0789,29.803,5.8462,44.693,27.4705,26.6175,21.9032,2.4606,3.717597190624159,9.936844249770813,0.7349327248934671,0.7991815258696288,0.7501081631525047,26.6398
2024-10-21,value,NVDA UW Equity,143.71,-0.0008350149606847439,-0.02219748103820192,0.022962911418829467,,,47.5251,43.9432,3525206.3,20.5071,24.4391,25.5495,84.1657,43.2261,75.9671,14.5722,983.1344,67.3062,1.3229,18.98388985269811,300.00403475724613,0.7996868082841347,0.05177792129004482,1.287359976781922,84.2403
2024-10-21,value,PDD UW Equity,124.86,0.02923274066954983,0.0074483421432004395,-0.05750440493352549,,,43.7274,6.7404,173401.899,,2.7299,4.3574,17.9803,10.2955,60.0328,1.7613,45.8479,12.1238,3.2952,8.647110218093786,126.4147567682484,0.6742824090810497,0.75623077982283,0.31570084469234316,
2024-10-22,value,ADBE UW Equity,493.11,-0.016385796272637018,-0.01565573604266802,0.012958569081949234,,,34.2861,15.9049,217067.022,,12.1342,12.6756,44.1308,2.9526,89.7559,15.1157,17.3836,35.6716,10.6021,14.080237870217664,12.35151114477115,0.8083152809375764,0.8364179999368867,0.861789418037184,
2024-10-22,value,NKE UN Equity,81.42,-0.016826332596413713,-0.037091623679685534,-0.0989928764431344,,,36.2077,6.0622,121193.3228,10.3968,2.7886,3.0789,29.803,5.8505,44.693,27.4705,26.6175,21.8871,2.4588,3.717597190624159,9.936844249770813,0.7343925108210583,0.7985969014907922,0.7501081631525047,26.6441
2024-10-22,value,NVDA UW Equity,143.59,-0.028066021310676238,-0.016296399470715255,0.016017828539591775,,,47.5251,43.9432,3522262.7,20.5071,24.4391,25.5495,84.1657,43.2622,75.9671,14.5722,983.1344,67.25,1.3217,18.98388985269811,300.00403475724613,0.7990190778428742,0.05173095363901447,1.287359976781922,84.2764
2024-10-22,value,PDD UW Equity,128.51,-0.048011827873317155,-0.025367675667263178,-0.09353357715352889,,,43.7274,6.7404,178470.9117,,2.7299,4.3574,17.9803,10.2955,60.0328,1.7613,45.8479,12.4838,3.3931,8.647110218093786,126.4147567682484,0.694304321952359,0.7786983063294625,0.31570084469234316,
2024-10-23,value,ADBE UW Equity,485.03,-0.004453332783539097,0.003401851431870264,0.04001814320763669,,,34.2861,15.9049,213510.206,,12.1342,12.6756,44.1308,3.0018,89.7559,15.1157,17.3836,35.0871,10.4284,14.080237870217664,12.35151114477115,0.7950705629628286,0.8227145066111269,0.861789418037184,
2024-10-23,value,GOOGL UW Equity,162.78,-0.00036859565057133724,0.07175328664455097,0.029794815087848595,,,29.085,13.3706,2014052.4,,5.7937,6.048,23.5524,2.7727,58.6781,5.5666,33.6316,21.0753,5.9308,5.741570917984507,28.953512350146,0.8948260049931217,0.980621693121693,1.0090792368082064,
2024-10-23,value,NKE UN Equity,80.05,-0.012617114303560162,-0.04497189256714546,-0.061836352279825146,,,36.2077,6.0622,119154.0837,10.3968,2.7886,3.0789,29.803,5.9506,44.693,27.4705,26.6175,21.5188,2.4174,3.717597190624159,9.936844249770813,0.7220346944938428,0.7851505407775505,0.7501081631525047,26.7442
2024-10-23,value,NVDA UW Equity,139.56,0.006090570364001105,-0.001612209802235557,0.05094582975064478,,,47.5251,43.9432,3423406.8,20.5071,24.4391,25.5495,84.1657,44.5115,75.9671,14.5722,983.1344,65.3626,1.2846,18.98388985269811,300.00403475724613,0.7765942658351324,0.05027887042799272,1.287359976781922,85.5257
2024-10-23,value,PDD UW Equity,122.34,-0.007846983815595945,-0.012015693967631183,-0.14917443191106752,,,43.7274,6.7404,169902.197,,2.7299,4.3574,17.9803,10.2955,60.0328,1.7613,45.8479,11.8916,3.2321,8.647110218093786,126.4147567682484,0.6613682752790554,0.7417496672327535,0.31570084469234316,
2024-10-24,value,ADBE UW Equity,482.87,0.001760308157475144,-0.009919854205065588,0.060637438648083276,,,34.2861,15.9049,212559.374,,12.1342,12.6756,44.1308,3.0152,89.7559,15.1157,17.3836,34.9309,10.3819,14.080237870217664,12.35151114477115,0.7915310848658986,0.8190460412130393,0.861789418037184,
2024-10-24,value,GOOGL UW Equity,162.72,0.015671091445427797,0.05156096361848583,0.012536873156342134,,,29.085,13.3706,2013975.78,,5.7937,6.048,23.5524,2.7738,58.6781,5.5666,33.6316,21.0675,5.9287,5.741570917984507,28.953512350146,0.8944948285525042,0.980274470899471,1.0090792368082064,
2024-10-24,value,NKE UN Equity,79.04,-0.0024038461538463045,-0.024164979757085155,-0.020748987854251017,,,36.2077,6.0622,117650.703,10.3968,2.7886,3.0789,29.803,6.0267,44.693,27.4705,26.6175,21.2473,2.3869,3.717597190624159,9.936844249770813,0.7129248733348992,0.7752444054694858,0.7501081631525047,26.820300000000003
2024-10-24,value,NVDA UW Equity,140.41,0.00804785983904277,-0.054483298910334065,0.010967879780642347,,,47.5251,43.9432,3444257.3,20.5071,24.4391,25.5495,84.1657,44.242,75.9671,14.5722,983.1344,65.7607,1.2925,18.98388985269811,300.00403475724613,0.7813242211494706,0.050588074130609215,1.287359976781922,85.2562
2024-10-24,value,PDD UW Equity,121.38,0.008980062613280635,-0.006508485747240007,-0.17556434338441262,,,43.7274,6.7404,168568.9772,,2.7299,4.3574,17.9803,10.2955,60.0328,1.7613,45.8479,11.7847,3.203,8.647110218093786,126.4147567682484,0.6554228794847695,0.7350713728370128,0.31570084469234316,
2024-10-25,value,ADBE UW Equity,483.72,-0.005540395269990918,-0.0019019267344745222,0.07237658149342592,,,34.2861,15.9049,212933.544,,12.1342,12.6756,44.1308,3.0099,89.7559,15.1157,17.3836,34.9924,10.4002,14.080237870217664,12.35151114477115,0.7929246693918987,0.820489759853577,0.861789418037184,
2024-10-25,value,NKE UN Equity,78.85,0.0007609384908053554,-0.010019023462270033,0.0051997463538365355,,,36.2077,6.0622,117367.8888,10.3968,2.7886,3.0789,29.803,6.0412,44.693,27.4705,26.6175,21.1962,2.3811,3.717597190624159,9.936844249770813,0.7112102808442103,0.7733606158043457,0.7501081631525047,26.8348
2024-10-25,value,NVDA UW Equity,141.54,-0.007206443408223695,-0.043379963261268806,-0.0389995760915641,,,47.5251,43.9432,3471976.2,20.5071,24.4391,25.5495,84.1657,1.6247,75.9671,14.5722,983.1344,55.7095,30.727,18.98388985269811,300.00403475724613,0.661902651555206,1.2026458443413766,1.287359976781922,42.6389
2024-10-25,value,PDD UW Equity,122.47,0.02710867967665557,-0.015595656079039738,-0.1778394708908304,,,43.7274,6.7404,170082.7372,,2.7299,4.3574,17.9803,10.2955,60.0328,1.7613,45.8479,11.8929,3.2324,8.647110218093786,126.1533865956028,0.6614405766310907,0.7418185156285859,0.31570084469234316,
2024-10-28,value,ADBE UW Equity,481.04,0.009042907034757953,0.000644437053051726,0.09200898054215852,,,34.2861,15.9049,211753.808,,12.1342,12.6756,44.1308,3.0267,89.7559,15.1157,17.3836,34.7985,10.3426,14.080237870217664,12.35151114477115,0.7885309126505751,0.8159455962636877,0.861789418037184,
2024-10-28,value,NKE UN Equity,78.91,-0.0064630591813457225,-0.02179698390571536,-0.016474464579901118,,,36.2077,6.0622,117457.1985,10.3968,2.7886,3.0789,29.803,6.0366,44.693,27.4705,26.6175,21.2124,2.383,3.717597190624159,9.936844249770813,0.7117538502835284,0.7739777193153399,0.7501081631525047,26.8302
2024-10-28,value,NVDA UW Equity,140.52,0.0051949900370053355,-0.031810418445772835,-0.025619128949615873,,,47.5251,43.9432,3446955.6,20.5071,24.4391,25.5495,84.1657,1.6364,75.9671,14.5722,983.1344,55.308,30.5056,18.98388985269811,300.00403475724613,0.6571322997373039,1.1939803127262765,1.287359976781922,42.650600000000004
2024-10-28,value,PDD UW Equity,125.79,-0.004292869067493491,-0.02758565863741166,-0.21050957945782656,,,43.7274,6.7404,174693.4557,,2.7299,4.3574,17.9803,10.2955,60.0328,1.7613,45.8479,12.2297,3.324,8.647110218093786,126.29104928223036,0.6801721884506933,0.7628402258227382,0.31570084469234316,
2024-10-28,value,PEP UW Equity,169.84,-0.013777673104097995,-0.020607630711257655,-0.04521902967498826,,,45.3255,5.0876,233018.616,7.696,2.9844,2.6907,23.7262,2.6524,54.8055,37.6919,3.3473,21.2744,2.543,3.1634112614811944,6.561357444345626,0.89666276099839,0.9451072211692125,0.9434119541581905,18.0444
2024-10-29,value,ADBE UW Equity,485.39,0.0026576567296401257,0.0021220049856816776,0.05828303014071152,,,34.2861,15.9049,213668.678,,12.1342,12.6756,44.1308,2.9995,89.7559,15.1157,17.3836,35.1132,10.4361,14.080237870217664,12.35151114477115,0.7956619866397164,0.8233219729243586,0.861789418037184,
2024-10-29,value,NKE UN Equity,78.4,-0.02487244897959187,-0.005357142857142879,-0.0007653061224490085,,,36.2077,6.0622,116698.0657,10.3968,2.7886,3.0789,29.803,6.0759,44.693,27.4705,26.6175,21.0753,2.3676,3.717597190624159,9.936844249770813,0.70715364225078,0.7689759329630712,0.7501081631525047,26.869500000000002
2024-10-29,value,NVDA UW Equity,141.25,-0.013557522123893748,-0.009486725663716838,-0.041840707964601744,,,47.5251,43.9432,3464862.5,20.5071,24.4391,25.5495,84.1657,1.628,75.9671,14.5722,983.1344,55.5953,30.664,18.98388985269811,300.00403475724613,0.6605458042884453,1.200180042662283,1.287359976781922,42.6422
2024-10-29,value,PDD UW Equity,125.25,-0.03497005988023948,-0.02475049900199596,-0.21117764471057887,,,43.7274,6.7404,173943.5195,,2.7299,4.3574,17.9803,10.2955,60.0328,1.7613,45.8479,12.1777,3.3099,8.647110218093786,126.24931249763834,0.6772801343692819,0.7596043512186166,0.31570084469234316,
2024-10-29,value,PEP UW Equity,167.5,-0.0077014925373133855,0.002089552238805936,-0.028537313432835828,,,45.3255,5.0876,229808.1617,7.696,2.9844,2.6907,23.7262,2.6895,54.8055,37.6919,3.3473,20.9812,2.508,3.1634112614811944,6.561357444345626,0.884305114177576,0.9320994536737651,0.9434119541581905,18.0815
2024-10-30,value,ADBE UW Equity,486.68,-0.01767074874660973,0.03729349880825178,0.0601010931207363,,,34.2861,15.9049,214236.536,,12.1342,12.6756,44.1308,2.9916,89.7559,15.1157,17.3836,35.2065,10.4638,14.080237870217664,12.35151114477115,0.7977761563352579,0.8255072738174131,0.861789418037184,
2024-10-30,value,NKE UN Equity,76.45,0.008894702419882178,-0.014780902550686849,0.030346631785480617,,,36.2077,6.0622,113795.499,10.3968,2.7886,3.0789,29.803,6.2308,44.693,27.4705,26.6175,20.5511,2.3087,3.717597190624159,9.936844249770813,0.6895648089118546,0.7498457241222515,0.7501081631525047,27.0244
2024-10-30,value,NVDA UW Equity,139.335,-0.04718843076039772,0.04503534646714756,-0.007786988193921182,,,47.5251,43.9432,3417887.55,20.5071,24.4391,25.5495,84.1657,1.6504,75.9671,14.5722,983.1344,54.8416,30.2483,18.98388985269811,300.00403475724613,0.6515908499543163,1.1839096655511852,1.287359976781922,42.6646
2024-10-30,value,PDD UW Equity,120.87,-0.002316538429717888,-0.0024820054604121067,-0.20112517580872014,,,43.7274,6.7404,167860.7042,,2.7299,4.3574,17.9803,10.2955,60.0328,1.7613,45.8479,11.7294,3.188,8.647110218093786,126.24931249763834,0.6523472912020378,0.7316289530453941,0.31570084469234316,
2024-10-30,value,PEP UW Equity,166.21,-0.0007821430720173001,-0.009024727754046086,-0.016605499067444913,,,45.3255,5.0876,228038.2958,7.696,2.9844,2.6907,23.7262,2.7103,54.8055,37.6919,3.3473,20.8197,2.4886,3.1634112614811944,6.561357444345626,0.8774982930262748,0.9248894339762886,0.9434119541581905,18.1023
2024-10-31,value,ADBE UW Equity,478.08,0.009872824631860833,0.047774431057563654,0.07973560910307911,,,34.2861,15.9049,210450.816,,12.1342,12.6756,44.1308,3.0454,89.7559,15.1157,17.3836,34.5844,10.2789,14.080237870217664,12.35151114477115,0.7836794257072158,0.8109201931269526,0.861789418037184,
2024-10-31,value,NKE UN Equity,77.13,0.01205756514974727,-0.015687799818488186,0.02541164268118771,,,36.2077,6.0622,114807.6761,10.3968,2.7886,3.0789,29.803,6.1759,44.693,27.4705,26.6175,20.7339,2.3292,3.717597190624159,9.936844249770813,0.6956984196221856,0.7565039462145572,0.7501081631525047,26.969500000000004
2024-10-31,value,NVDA UW Equity,132.76,0.019885507683037172,0.12142211509490815,0.044215125037661986,,,47.5251,43.9432,3256602.8,20.5071,24.4391,25.5495,84.1657,1.7321,75.9671,14.5722,983.1344,52.2537,28.8209,18.98388985269811,300.00403475724613,0.6208431700799732,1.1280416446505803,1.287359976781922,42.746300000000005
2024-10-31,value,PDD UW Equity,120.59,-0.00024877684716809965,0.04378472510158389,-0.17920225557674765,,,43.7274,6.7404,167471.8485,,2.7299,4.3574,17.9803,10.2955,60.0328,1.7613,45.8479,11.706,3.1817,8.647110218093786,126.24931249763834,0.6510458668654027,0.7301831367329141,0.31570084469234316,
2024-10-31,value,PEP UW Equity,166.08,-0.0029503853564547752,-0.012524084778420113,-0.018244219653179197,,,45.3255,5.0876,227859.9373,7.696,2.9844,2.6907,23.7262,2.7125,54.8055,37.6919,3.3473,20.8034,2.4867,3.1634112614811944,6.561357444345626,0.8768112887862364,0.9241832980265358,0.9434119541581905,18.104499999999998
2024-11-01,value,ADBE UW Equity,482.8,-0.003003314001656977,0.02460646230323114,0.06930405965202978,,,34.2861,15.9049,212528.56,,12.1342,12.6756,44.1308,3.0156,89.7559,15.1157,17.3836,34.9258,10.3804,14.080237870217664,12.35151114477115,0.7914155193198401,0.8189277036195526,0.861789418037184,
2024-11-01,value,NKE UN Equity,78.06,-0.011145272867025423,-0.027927235459902725,0.010248526774276161,,,36.2077,6.0622,116191.9772,10.3968,2.7886,3.0789,29.803,6.1023,44.693,27.4705,26.6175,20.9839,2.3573,3.717597190624159,9.936844249770813,0.7040868368956145,0.7656305823508396,0.7501081631525047,26.8959
2024-11-01,value,NVDA UW Equity,135.4,0.00480059084194982,0.09032496307237806,0.03589364844903977,,,47.5251,43.9432,3321362.0,20.5071,24.4391,25.5495,84.1657,1.6983,75.9671,14.5722,983.1344,53.2928,29.3941,18.98388985269811,300.00403475724613,0.6331890544485461,1.1504765259594123,1.287359976781922,42.712500000000006
2024-11-01,value,PDD UW Equity,120.56,0.014598540145985326,-0.02281021897810219,-0.1833941605839416,,,43.7274,6.7404,167430.1853,,2.7299,4.3574,17.9803,10.2955,60.0328,1.7613,45.8479,11.7179,3.1849,8.647110218093786,126.24931249763834,0.6517077023186487,0.7309175196217927,0.31570084469234316,
2024-11-01,value,PEP UW Equity,165.59,0.004529259013225436,-0.0028987257684642176,-0.023491756748596018,,,45.3255,5.0876,227187.6626,7.696,2.9844,2.6907,23.7262,2.7205,54.8055,37.6919,3.3473,20.742,2.4794,3.1634112614811944,6.561357444345626,0.8742234323237603,0.9214702493774855,0.9434119541581905,18.1125
2024-11-04,value,ADBE UW Equity,481.35,0.010532876285447166,0.04805235275786848,0.11455282019320658,,,34.2861,15.9049,211890.27,,12.1342,12.6756,44.1308,3.0247,89.7559,15.1157,17.3836,34.8209,10.3492,14.080237870217664,12.35151114477115,0.789038494656793,0.8164662816750292,0.861789418037184,
2024-11-04,value,NKE UN Equity,77.19,0.010234486332426561,-0.007643477134343871,0.015286954268687742,,,36.2077,6.0622,114896.9859,10.3968,2.7886,3.0789,29.803,6.1711,44.693,27.4705,26.6175,20.75,2.331,3.717597190624159,9.936844249770813,0.6962386336945945,0.7570885705933937,0.7501081631525047,26.9647
2024-11-04,value,NVDA UW Equity,136.05,0.028371922087467732,0.06769570011025343,0.06681367144432175,,,47.5251,43.9432,3337306.5,20.5071,24.4391,25.5495,84.1657,1.6902,75.9671,14.5722,983.1344,53.5486,29.5352,18.98388985269811,300.00403475724613,0.6362282972754935,1.155999138926398,1.287359976781922,42.7044
2024-11-04,value,PDD UW Equity,122.32,-0.0013897972531065035,-0.04226618705035961,-0.19301831262262917,,,43.7274,6.7404,169874.4216,,2.7299,4.3574,17.9803,10.2955,60.0328,1.7613,45.8479,11.8431,3.2189,8.647110218093786,126.24931249763834,0.658670878683893,0.7387203378161289,0.31570084469234316,
2024-11-04,value,PEP UW Equity,166.34,0.00907779247324751,-0.012504508837321224,-0.03703258386437415,,,45.3255,5.0876,228216.6544,7.696,2.9844,2.6907,23.7262,2.7082,54.8055,37.6919,3.3473,20.8359,2.4906,3.1634112614811944,6.561357444345626,0.8781810825163743,0.9256327349760286,0.9434119541581905,18.1002
2024-11-05,value,ADBE UW Equity,486.42,0.037847950330989616,0.08223346079519744,0.10649233172978087,,,34.2861,15.9049,214122.084,,12.1342,12.6756,44.1308,2.9932,89.7559,15.1157,17.3836,35.1877,10.4582,14.080237870217664,12.35151114477115,0.7973501500086108,0.8250654801350626,0.861789418037184,
2024-11-05,value,NKE UN Equity,77.98,-0.03411131059245974,-0.01692741728648381,0.007694280584765251,,,36.2077,6.0622,116072.8975,10.3968,2.7886,3.0789,29.803,6.1086,44.693,27.4705,26.6175,20.9624,2.3549,3.717597190624159,9.936844249770813,0.7033654330100996,0.7648510831790575,0.7501081631525047,26.9022
2024-11-05,value,NVDA UW Equity,139.91,0.040740476020298885,0.05989564720177254,0.036809377456936646,,,47.5251,43.9432,3431992.3,20.5071,24.4391,25.5495,84.1657,1.6436,75.9671,14.5722,983.1344,55.0679,30.3731,18.98388985269811,300.00403475724613,0.6542795937062248,1.1887943012583417,1.287359976781922,42.6578
2024-11-05,value,PDD UW Equity,122.15,-0.012934916086778653,-0.06835857552189938,-0.1895210806385592,,,43.7274,6.7404,169638.3306,,2.7299,4.3574,17.9803,10.2955,60.0328,1.7613,45.8479,11.8342,3.2165,8.647110218093786,126.24931249763834,0.6581758925045744,0.7381695506494699,0.31570084469234316,
2024-11-05,value,PEP UW Equity,167.85,-0.018707179028894766,-0.020911528150133994,-0.04384867441167701,,,45.3255,5.0876,230288.3578,7.696,2.9844,2.6907,23.7262,2.6839,54.8055,37.6919,3.3473,21.0251,2.5132,3.1634112614811944,6.561357444345626,0.8861553894007468,0.9340320362730887,0.9434119541581905,18.0759
2024-11-06,value,ADBE UW Equity,504.83,-0.007745181546263036,0.0548105302775192,0.0953390250183231,,,34.2861,15.9049,222226.166,,12.1342,12.6756,44.1308,2.884,89.7559,15.1157,17.3836,36.5195,10.8541,14.080237870217664,12.35151114477115,0.8275286194675827,0.8562987156426521,0.861789418037184,
2024-11-06,value,LLY UN Equity,776.38,0.02713877225070204,0.045634869522656364,0.06482650248589614,,,54.4619,9.8467,737029.7185,15.2013,21.2591,18.1018,67.8825,0.2008,81.023,38.4163,238.8988,59.1426,17.1301,10.482174046508504,118.60231517764362,0.8712495856811403,0.9463202554442098,2.0281193486842715,30.6034
2024-11-06,value,NKE UN Equity,75.32,0.007966011683483916,0.015932023366967644,0.04739776951672873,,,36.2077,6.0622,112113.4988,10.3968,2.7886,3.0789,29.803,6.3243,44.693,27.4705,26.6175,20.2473,2.2745,3.717597190624159,9.936844249770813,0.6793712042411837,0.7387378609243561,0.7501081631525047,27.117900000000002
2024-11-06,value,NVDA UW Equity,145.61,0.02245724881532849,0.004532655724194743,-0.021770482796511337,,,47.5251,43.9432,3571813.3,20.5071,24.4391,25.5495,84.1657,1.5792,75.9671,14.5722,983.1344,57.3114,31.6106,18.98388985269811,300.00403475724613,0.6809353453960462,1.2372296913833931,1.287359976781922,42.5934
2024-11-06,value,PDD UW Equity,120.57,0.043957866799369756,-0.0593845898648088,-0.1715186198888612,,,43.7274,6.7404,167444.0731,,2.7299,4.3574,17.9803,10.2955,60.0328,1.7613,45.8479,11.7978,3.2066,8.647110218093786,126.24931249763834,0.6561514546475866,0.7358975535870014,0.31570084469234316,
2024-11-06,value,PEP UW Equity,164.71,-0.00431060652055132,0.0001821383036852719,-0.04201323538340122,,,45.3255,5.0876,225980.3123,7.696,2.9844,2.6907,23.7262,2.735,54.8055,37.6919,3.3473,20.6318,2.4662,3.1634112614811944,6.561357444345626,0.8695787778911077,0.9165644627792024,0.9434119541581905,18.127
2024-11-07,value,ADBE UW Equity,500.92,-0.012457078974686595,0.057793659666214144,0.09384732092948961,,,34.2861,15.9049,220504.984,,12.1342,12.6756,44.1308,2.9065,89.7559,15.1157,17.3836,36.2366,10.77,14.080237870217664,12.35151114477115,0.8211181306479829,0.8496639212344977,0.861789418037184,
2024-11-07,value,LLY UN Equity,797.45,0.04274876167784804,-0.014069847639350463,0.007687002319894658,,,54.4619,9.8467,757031.8002,15.2013,21.2591,18.1018,67.8825,0.1955,81.023,38.4163,238.8988,60.7477,17.595,10.482174046508504,118.60231517764362,0.8948948550804701,0.9720027842534995,2.0281193486842715,30.5981
2024-11-07,value,NKE UN Equity,75.92,-0.0005268703898841709,-0.0031612223393044634,0.02265542676501579,,,36.2077,6.0622,113006.5963,10.3968,2.7886,3.0789,29.803,6.2743,44.693,27.4705,26.6175,20.4086,2.2927,3.717597190624159,9.936844249770813,0.684783411066,0.7446490629770373,0.7501081631525047,27.0679
2024-11-07,value,NVDA UW Equity,148.88,-0.008396023643202579,-0.014239656098871605,-0.06763836646963993,,,47.5251,43.9432,3652026.4,20.5071,24.4391,25.5495,84.1657,1.5446,75.9671,14.5722,983.1344,58.5985,32.3204,18.98388985269811,300.00403475724613,0.6962277982598613,1.2650110569678468,1.287359976781922,42.558800000000005
2024-11-07,value,PDD UW Equity,125.87,-0.06403432112497022,-0.10757130372606662,-0.12346071343449595,,,43.7274,6.7404,174804.5573,,2.7299,4.3574,17.9803,10.2955,60.0328,1.7613,45.8479,12.261,3.3325,8.647110218093786,126.8500302100274,0.6819129825420043,0.7647909303713223,0.31570084469234316,
2024-11-07,value,PEP UW Equity,164.0,0.0067682926829269125,0.007012195121951254,-0.027621951219512202,,,45.3255,5.0876,225006.2001,7.696,2.9844,2.6907,23.7262,2.7469,54.8055,37.6919,3.3473,20.5428,2.4555,3.1634112614811944,6.561357444345626,0.8658276504454991,0.9125878024305941,0.9434119541581905,18.1389
2024-11-08,value,ADBE UW Equity,494.68,0.01981078677124608,0.017566911943074307,0.10586641869491378,,,34.2861,15.9049,217758.136,,12.1342,12.6756,44.1308,2.9432,89.7559,15.1157,17.3836,35.7852,10.6358,14.080237870217664,12.35151114477115,0.810889446826253,0.8390766512038879,0.861789418037184,
2024-11-08,value,NKE UN Equity,75.88,0.009488666315234566,0.010279388508170811,0.011333684765419075,,,36.2077,6.0622,112947.0564,10.3968,2.7886,3.0789,29.803,6.2776,44.693,27.4705,26.6175,20.3978,2.2915,3.717597190624159,9.936844249770813,0.6844210314397879,0.7442593133911463,0.7501081631525047,27.0712
2024-11-08,value,NVDA UW Equity,147.63,-0.016053647632595033,-0.03827135406082779,-0.08507755876176931,,,47.5251,43.9432,3621363.9,20.5071,24.4391,25.5495,84.1657,1.5576,75.9671,14.5722,983.1344,58.1065,32.0491,18.98388985269811,300.00403475724613,0.6903821865676872,1.254392453864068,1.287359976781922,42.5718
2024-11-08,value,PDD UW Equity,117.81,-0.005602240896358514,-0.032340208810797064,-0.1130634071810543,,,43.7274,6.7404,163611.0662,,2.7299,4.3574,17.9803,10.2955,60.0328,1.7613,45.8479,11.5419,3.137,8.647110218093786,126.8500302100274,0.6419192115815643,0.7199247257538899,0.31570084469234316,
2024-11-08,value,PEP UW Equity,165.11,-0.005148083096117877,-0.03930712858094609,-0.03191811519593005,,,45.3255,5.0876,226529.1079,7.696,2.9844,2.6907,23.7262,2.7284,54.8055,37.6919,3.3473,20.6819,2.4722,3.1634112614811944,6.561357444345626,0.8716903676104897,0.9187943657784219,0.9434119541581905,18.1204
2024-11-11,value,ADBE UW Equity,504.48,0.04349032667300971,-0.009851728512527805,0.09009276879162688,,,34.2861,15.9049,222072.096,,12.1342,12.6756,44.1308,2.886,89.7559,15.1157,17.3836,36.4941,10.8465,14.080237870217664,12.35151114477115,0.8269530577283893,0.8556991385023195,0.861789418037184,
2024-11-11,value,NKE UN Equity,76.6,0.0007832898172324057,-0.022323759791122635,0.0293733681462141,,,36.2077,6.0622,114018.7734,10.3968,2.7886,3.0789,29.803,6.2186,44.693,27.4705,26.6175,20.5914,2.3132,3.717597190624159,9.936844249770813,0.6909170217763312,0.751307285069343,0.7501081631525047,27.0122
2024-11-11,value,NVDA UW Equity,145.26,0.020859149111937224,-0.035178300977557385,-0.04096103538482713,,,47.5251,43.9432,3563227.8,20.5071,24.4391,25.5495,84.1657,1.583,75.9671,14.5722,983.1344,57.1737,31.5346,18.98388985269811,300.00403475724613,0.679299287001712,1.2342550734848041,1.287359976781922,42.5972
2024-11-11,value,PDD UW Equity,117.15,-0.028595817328211766,0.0013657703798548577,-0.11720017072129751,,,43.7274,6.7404,162694.4775,,2.7299,4.3574,17.9803,10.2955,60.0328,1.7613,45.8479,11.5173,3.1304,8.647110218093786,126.8500302100274,0.6405510475353582,0.7184100610455776,0.31570084469234316,
2024-11-11,value,PEP UW Equity,164.26,0.0004870327529527122,-0.03610130281261402,-0.045598441495190434,,,45.3255,5.0876,225362.9172,7.696,2.9844,2.6907,23.7262,2.7425,54.8055,37.6919,3.3473,20.5754,2.4594,3.1634112614811944,6.561357444345626,0.8672016589255759,0.914037239380087,0.9434119541581905,18.1345
2024-11-12,value,ADBE UW Equity,526.42,0.011549713156795033,-0.05092891607461712,-0.09838152045894907,,,34.2861,15.9049,231730.084,,12.1342,12.6756,44.1308,2.7657,89.7559,15.1157,17.3836,38.0813,11.3183,14.080237870217664,12.35151114477115,0.8629188684546847,0.8929202562403359,0.861789418037184,
2024-11-12,value,NKE UN Equity,76.66,-0.0018262457605009207,-0.03587268458126794,0.01695799634750844,,,36.2077,6.0622,114108.0831,10.3968,2.7886,3.0789,29.803,6.2138,44.693,27.4705,26.6175,20.6075,2.315,3.717597190624159,9.936844249770813,0.6914572358487401,0.7518919094481795,0.7501081631525047,27.0074
2024-11-12,value,NVDA UW Equity,148.29,-0.013621956976195171,-0.008631735113628709,-0.07384179647987045,,,47.5251,43.9432,3637553.7,20.5071,24.4391,25.5495,84.1657,1.5507,75.9671,14.5722,983.1344,58.3663,32.1924,18.98388985269811,300.00403475724613,0.693468954692945,1.2600011741912758,1.287359976781922,42.5649
2024-11-12,value,PDD UW Equity,113.8,-0.0034270650263620436,0.03409490333919165,-0.08031634446397189,,,43.7274,6.7404,158042.096,,2.7299,4.3574,17.9803,10.2955,60.0328,1.7613,45.8479,11.224,3.0506,8.647110218093786,126.8500302100274,0.6242387501877055,0.7000963877541654,0.31570084469234316,
2024-11-12,value,PEP UW Equity,164.34,0.00243397833759283,-0.04636728733114278,-0.033102105391262,,,45.3255,5.0876,225472.6764,7.696,2.9844,2.6907,23.7262,2.7412,54.8055,37.6919,3.3473,20.5854,2.4606,3.1634112614811944,6.561357444345626,0.8676231339194646,0.9144832199799308,0.9434119541581905,18.1332
2024-11-13,value,ADBE UW Equity,532.5,-0.004938967136150226,-0.061971830985915494,-0.12546478873239436,,,34.2861,15.9049,234406.5,,12.1342,12.6756,44.1308,2.7342,89.7559,15.1157,17.3836,38.5211,11.449,14.080237870217664,12.35151114477115,0.8728846973089089,0.9032314052194769,0.861789418037184,
2024-11-13,value,NKE UN Equity,76.52,-0.01097752221641387,-0.041296393099843134,0.00953998954521699,,,36.2077,6.0622,113899.6937,10.3968,2.7886,3.0789,29.803,6.2251,44.693,27.4705,26.6175,20.5699,2.3108,3.717597190624159,9.936844249770813,0.6901956178908164,0.7505277858975609,0.7501081631525047,27.018700000000003
2024-11-13,value,NVDA UW Equity,146.27,0.003349969234976281,-0.0025979353250839125,-0.08217679633554392,,,47.5251,43.9432,3588003.1,20.5071,24.4391,25.5495,84.1657,1.5721,75.9671,14.5722,983.1344,57.5712,31.7538,18.98388985269811,300.00403475724613,0.6840221135213038,1.242834497739682,1.287359976781922,42.5863
2024-11-13,value,PDD UW Equity,113.41,-0.009522969755753447,0.02715809893307467,-0.09822766951767922,,,43.7274,6.7404,157500.4754,,2.7299,4.3574,17.9803,10.2955,60.0328,1.7613,45.8479,11.1704,3.0361,8.647110218093786,126.8500302100274,0.6212577098268661,0.6967687152889337,0.31570084469234316,
2024-11-13,value,PEP UW Equity,164.74,0.002488770183319149,-0.036421027072963456,-0.04109505888066049,,,45.3255,5.0876,226021.472,7.696,2.9844,2.6907,23.7262,2.7345,54.8055,37.6919,3.3473,20.6355,2.4666,3.1634112614811944,6.561357444345626,0.8697347236388466,0.9167131229791504,0.9434119541581905,18.1265
2024-11-14,value,ADBE UW Equity,529.87,-0.0500122671598694,-0.047992903919829404,-0.1289750316115274,,,34.2861,15.9049,233248.774,,12.1342,12.6756,44.1308,2.7477,89.7559,15.1157,17.3836,38.3309,11.3924,14.080237870217664,12.35151114477115,0.8685747822382553,0.8987661333585788,0.861789418037184,
2024-11-14,value,LLY UN Equity,786.23,-0.050913854724444464,-0.04618241481500332,-0.009195782404639887,,,54.4619,9.8467,746380.4781,13.9453,21.2591,18.1018,67.8825,0.1983,81.023,38.4163,238.8988,59.8929,17.3474,10.482174046508504,118.4498307217545,0.8823025080101646,0.9583245865052094,2.0281193486842715,28.0889
2024-11-14,value,NKE UN Equity,75.68,0.012949260042283162,-0.007663847780127015,0.02008456659619445,,,36.2077,6.0622,112649.3573,10.3968,2.7886,3.0789,29.803,6.2942,44.693,27.4705,26.6175,20.3441,2.2854,3.717597190624159,9.936844249770813,0.6826191994094555,0.7422780863295333,0.7501081631525047,27.0878
2024-11-14,value,NVDA UW Equity,146.76,-0.032570182611065694,-0.0006132461161079546,-0.10057236304170068,,,47.5251,43.9432,3600022.8,20.5071,24.4391,25.5495,84.1657,1.5669,75.9671,14.5722,983.1344,57.7641,31.8602,18.98388985269811,300.00403475724613,0.6863140210323208,1.2469989627977065,1.287359976781922,42.5811
2024-11-14,value,PDD UW Equity,112.33,0.014866909997329312,-0.07335529244191218,-0.1132377815365441,,,43.7274,6.7404,156000.6032,,2.7299,4.3574,17.9803,10.2955,60.0328,1.7613,45.8479,11.0709,3.009,8.647110218093786,125.49842346786689,0.6157238755749348,0.6905494101987423,0.31570084469234316,
2024-11-14,value,PEP UW Equity,165.15,-0.039539812291855894,-0.029125037844383906,-0.05528307599152283,,,45.3255,5.0876,226583.9875,7.696,2.9844,2.6907,23.7262,2.7277,54.8055,37.6919,3.3473,20.6869,2.4728,3.1634112614811944,6.561357444345626,0.8719011051074341,0.9190173560783439,0.9434119541581905,18.119699999999998
2024-11-15,value,ADBE UW Equity,503.37,-0.00766831555317165,0.017442437968094984,-0.09563541728748234,,,34.2861,15.9049,221583.474,,12.1342,12.6756,44.1308,2.8924,89.7559,15.1157,17.3836,36.4138,10.8227,14.080237870217664,12.35151114477115,0.8251334668757422,0.8538215153523304,0.861789418037184,
2024-11-15,value,LLY UN Equity,746.2,-0.025462342535513265,0.0024256231573304013,0.04344679710533363,,,54.4619,9.8467,708379.3709,15.2148,21.2591,18.1018,67.8825,0.2089,81.023,38.4163,238.8988,56.8436,16.4642,10.482174046508504,118.4498307217545,0.8373822413729608,0.9095338585113083,2.0281193486842715,30.6385
2024-11-15,value,NKE UN Equity,76.66,-0.023088964257761493,0.009653013305504946,0.017479780850508785,,,36.2077,6.0622,114108.0831,10.3968,2.7886,3.0789,29.803,6.2138,44.693,27.4705,26.6175,20.6075,2.315,3.717597190624159,9.936844249770813,0.6914572358487401,0.7518919094481795,0.7501081631525047,27.0074
2024-11-15,value,NVDA UW Equity,141.98,-0.012889139315396423,-0.00021129736582618073,-0.08163121566417808,,,47.5251,43.9432,3482769.4,20.5071,24.4391,25.5495,84.1657,1.6196,75.9671,14.5722,983.1344,55.8827,30.8225,18.98388985269811,300.00403475724613,0.6639604969720444,1.206383686569209,1.287359976781922,42.6338
2024-11-15,value,PDD UW Equity,114.0,0.029035087719298264,-0.12219298245614041,-0.10157894736842103,,,43.7274,6.7404,158319.8501,,2.7299,4.3574,17.9803,10.2955,60.0328,1.7613,45.8479,11.24,3.055,8.647110218093786,125.49842346786689,0.6251286129819859,0.7011061642263735,0.31570084469234316,
2024-11-15,value,PEP UW Equity,158.62,-0.0018282688185600304,0.02130878829907953,-0.015634850586307012,,,45.3255,5.0876,217624.8991,7.696,2.9844,2.6907,23.7262,2.84,54.8055,37.6919,3.3473,19.8689,2.375,3.1634112614811944,6.561357444345626,0.8374244506073455,0.8826699371910655,0.9434119541581905,18.232
2024-11-18,value,ADBE UW Equity,499.51,0.00020019619226846857,0.038477708153990965,-0.1165141839002222,,,34.2861,15.9049,219884.302,,12.1342,12.6756,44.1308,2.9147,89.7559,15.1157,17.3836,36.1346,10.7397,14.080237870217664,12.35151114477115,0.8188068197268121,0.8472735018460664,0.861789418037184,
2024-11-18,value,LLY UN Equity,727.2,0.0034790979097909414,0.03822882288228816,0.051581408140814064,,,54.4619,9.8467,690342.3727,15.2148,21.2591,18.1018,67.8825,0.2143,81.023,38.4163,238.8988,55.3962,16.045,10.482174046508504,118.4498307217545,0.8160601038559276,0.8863759405142031,2.0281193486842715,30.643900000000002
2024-11-18,value,NKE UN Equity,74.89,-0.013085859260248417,0.05835224996661777,0.026839364401121713,,,36.2077,6.0622,111473.4457,10.3968,2.7886,3.0789,29.803,6.3606,44.693,27.4705,26.6175,20.1317,2.2616,3.717597190624159,9.936844249770813,0.6754924000939502,0.7345480528760272,0.7501081631525047,27.154200000000003
2024-11-18,value,NVDA UW Equity,140.15,0.048947556189796536,-0.029468426685693865,-0.08019978594363189,,,47.5251,43.9432,3437879.5,20.5071,24.4391,25.5495,84.1657,1.6408,75.9671,14.5722,983.1344,55.1624,30.4252,18.98388985269811,300.00403475724613,0.6554023788788069,1.1908334801072429,1.287359976781922,42.655
2024-11-18,value,PDD UW Equity,117.31,0.0031540363140397623,-0.14167590145767628,-0.13604978262722708,,,43.7274,6.7404,162916.6808,,2.7299,4.3574,17.9803,10.2955,60.0328,1.7613,45.8479,11.5703,3.1448,8.647110218093786,125.49842346786689,0.643498718041412,0.7217147840455317,0.31570084469234316,
2024-11-18,value,PEP UW Equity,158.33,-0.0101686351291607,0.029811153919029866,-0.024632097517842514,,,45.3255,5.0876,217227.0223,7.696,2.9844,2.6907,23.7262,2.8452,54.8055,37.6919,3.3473,19.8326,2.3706,3.1634112614811944,6.561357444345626,0.8358944963795298,0.8810346749916379,0.9434119541581905,18.2372
2024-11-19,value,ADBE UW Equity,499.61,-0.00022017173395251025,0.051420107683993396,-0.1245371389683954,,,34.2861,15.9049,219928.322,,12.1342,12.6756,44.1308,2.9142,89.7559,15.1157,17.3836,36.1418,10.7418,14.080237870217664,12.35151114477115,0.8189699710859536,0.8474391744769478,0.861789418037184,
2024-11-19,value,LLY UN Equity,729.73,0.03245035835171906,0.0816603401258,0.03810998588519034,,,54.4619,9.8467,692744.1414,15.2148,21.2591,18.1018,67.8825,0.2136,81.023,38.4163,238.8988,55.5889,16.1008,10.482174046508504,118.4498307217545,0.8188988325415241,0.8894585068888177,2.0281193486842715,30.6432
2024-11-19,value,NKE UN Equity,73.91,-0.007441482884589327,0.05006088485996486,0.04316060073061829,,,36.2077,6.0622,110014.7198,10.3968,2.7886,3.0789,29.803,6.445,44.693,27.4705,26.6175,19.8683,2.232,3.717597190624159,9.936844249770813,0.6666543636546657,0.724934229757381,0.7501081631525047,27.2386
2024-11-19,value,NVDA UW Equity,147.01,-0.007618529351744811,-0.06863478674920076,-0.11108087885177868,,,47.5251,43.9432,3606155.3,20.5071,24.4391,25.5495,84.1657,1.5642,75.9671,14.5722,983.1344,57.8625,31.9145,18.98388985269811,300.00403475724613,0.6874831433707556,1.24912424900683,1.287359976781922,42.5784
2024-11-19,value,PDD UW Equity,117.68,-0.010112168592794119,-0.1561012916383413,-0.14174031271244056,,,43.7274,6.7404,163430.526,,2.7299,4.3574,17.9803,10.2955,60.0328,1.7613,45.8479,11.6169,3.1574,8.647110218093786,125.49842346786689,0.6460904434297536,0.7246064166704915,0.31570084469234316,
2024-11-19,value,PEP UW Equity,156.72,0.012889229198570764,0.034711587544665634,-0.03349923430321593,,,45.3255,5.0876,215018.12,7.696,2.9844,2.6907,23.7262,2.8745,54.8055,37.6919,3.3473,19.6309,2.3465,3.1634112614811944,6.561357444345626,0.8273933457527965,0.8720778979447726,0.9434119541581905,18.2665
2024-11-20,value,ADBE UW Equity,499.5,0.009889889889889885,0.028388388388388287,-0.10476476476476473,,,34.2861,15.9049,219879.9,,12.1342,12.6756,44.1308,2.9148,89.7559,15.1157,17.3836,36.1339,10.7395,14.080237870217664,12.351929570569611,0.8187909577891177,0.8472577235002683,0.861789418037184,
2024-11-20,value,LLY UN Equity,753.41,-0.004632271936926786,0.046163443543356324,0.01904673418191957,,,54.4619,9.8467,715223.937,15.2148,21.2591,18.1018,67.8825,0.2069,81.023,38.4163,238.8988,57.3928,16.6233,10.482174046508504,118.4498307217545,0.8454726917835967,0.9183230396977096,2.0281193486842715,30.6365
2024-11-20,value,NKE UN Equity,73.36,0.02371864776444922,0.06788440567066527,0.04880043620501633,,,36.2077,6.0622,109196.0472,10.3968,2.7886,3.0789,29.803,6.4933,44.693,27.4705,26.6175,19.7204,2.2154,3.717597190624159,9.936844249770813,0.6616917759957052,0.7195426938192211,0.7501081631525047,27.286900000000003
2024-11-20,value,NVDA UW Equity,145.89,0.005346493933785737,-0.07231475769415302,-0.07670162451161834,,,47.5251,43.9432,3572846.1,20.5071,24.4391,25.5495,84.1657,1.5762,75.9671,14.5722,983.1344,57.4216,31.6713,18.98388985269811,300.00403475724613,0.6822446673644964,1.2396054717313452,1.287359976781922,42.5904
2024-11-20,value,PDD UW Equity,116.49,-0.10644690531376078,-0.15185852862906685,-0.1457635848570692,,,43.7274,6.7404,161777.8889,,2.7299,4.3574,17.9803,10.2955,60.0328,1.7613,45.8479,11.5092,3.1281,8.647110218093786,125.49842346786689,0.6401005544957536,0.717882223344196,0.31570084469234316,
2024-11-20,value,PEP UW Equity,158.74,0.010079375078745081,0.025072445508378415,-0.03748267607408351,,,45.3255,5.0876,217789.5378,7.696,2.9844,2.6907,23.7262,2.8379,54.8055,37.6919,3.3473,19.884,2.3768,3.1634112614811944,6.561357444345626,0.8380608778481173,0.8833389080908313,0.9434119541581905,18.2299
2024-11-21,value,ADBE UW Equity,504.44,0.015284275632384386,0.022777733724526114,-0.11438426770279912,,,34.2861,15.9049,222054.488,,12.1342,12.6756,44.1308,2.8863,89.7559,15.1157,17.3836,36.4912,10.8457,14.080237870217664,12.351929570569611,0.8268873439865128,0.8556360251191266,0.861789418037184,
2024-11-21,value,LLY UN Equity,749.92,-0.002546938340089567,0.06057979517815242,0.061819927458928975,,,54.4619,9.8467,711910.8252,15.2148,21.2591,18.1018,67.8825,0.2079,81.023,38.4163,238.8988,57.1269,16.5463,10.482174046508504,118.4498307217545,0.8415556292122418,0.9140693190732412,2.0281193486842715,30.6375
2024-11-21,value,NKE UN Equity,75.1,0.030625832223701886,0.04886817576564583,0.022103861517976178,,,36.2077,6.0622,111786.0298,10.3968,2.7886,3.0789,29.803,6.3428,44.693,27.4705,26.6175,20.1882,2.2679,3.717597190624159,9.936844249770813,0.6773881823977451,0.7365942382019552,0.7501081631525047,27.136400000000002
2024-11-21,value,NVDA UW Equity,146.67,-0.03218108679348196,-0.057407786186677495,-0.04772618804118089,,,47.5251,43.9432,3591948.3,20.5071,24.4391,25.5495,84.1657,1.5678,75.9671,14.5722,983.1344,57.7286,31.8407,18.98388985269811,300.00403475724613,0.6858922340098164,1.2462357384684632,1.287359976781922,42.582
2024-11-21,value,PDD UW Equity,104.09,-0.03862042463252964,-0.07234124315496206,-0.033720818522432555,,,43.7274,6.7404,144557.1333,,2.7299,4.3574,17.9803,10.2955,60.0328,1.7613,45.8479,10.2728,2.7921,8.647110218093786,119.02918368803556,0.5713364070677353,0.6407720200119337,0.31570084469234316,
2024-11-21,value,PEP UW Equity,160.34,0.010352999875265041,0.01939628289883987,-0.05644255956093309,,,45.3255,5.0876,219984.7203,7.696,2.9844,2.6907,23.7262,2.8096,54.8055,37.6919,3.3473,20.0844,2.4007,3.1634112614811944,6.561357444345626,0.8465072367256451,0.8922213550377225,0.9434119541581905,18.2016
2024-11-22,value,ADBE UW Equity,512.15,0.012847798496534299,0.007907839500146575,-0.12537342575417354,,,34.2861,15.9049,225448.43,,12.1342,12.6756,44.1308,2.8428,89.7559,15.1157,17.3836,37.049,11.0115,14.080237870217664,12.351929570569611,0.8395270423377776,0.8687162737858564,0.861789418037184,
2024-11-22,value,LLY UN Equity,748.01,0.00934479485568376,0.06923704228553089,0.06371572572559187,,,54.4619,9.8467,710097.6323,15.2148,21.2591,18.1018,67.8825,0.2084,81.023,38.4163,238.8988,56.9814,16.5041,10.482174046508504,118.4498307217545,0.8394122196442383,0.9117380591985328,2.0281193486842715,30.638
2024-11-22,value,NKE UN Equity,77.4,0.024031007751937974,0.021834625322997386,-0.007881136950904385,,,36.2077,6.0622,115209.57,10.3968,2.7886,3.0789,29.803,6.1544,44.693,27.4705,26.6175,20.8065,2.3374,3.717597190624159,9.936844249770813,0.6981344159983894,0.7591672350514794,0.7501081631525047,26.948
2024-11-22,value,NVDA UW Equity,141.95,-0.041775272983444724,-0.023388517083480054,-0.012187389926030221,,,47.5251,43.9432,3476355.5,20.5071,24.4391,25.5495,84.1657,1.62,75.9671,14.5722,983.1344,55.8709,30.816,18.98388985269811,300.00403475724613,0.6638202973420289,1.206129278459461,1.287359976781922,42.6342
2024-11-22,value,PDD UW Equity,100.07,0.006195663035874934,-0.010892375337263808,-0.003497551713800283,,,43.7274,6.7404,138974.2754,,2.7299,4.3574,17.9803,10.2955,60.0328,1.7613,45.8479,9.8911,2.6884,8.647110218093786,111.8907207123994,0.5501076177816833,0.6169734245192087,0.31570084469234316,
2024-11-22,value,PEP UW Equity,162.0,0.0064814814814815516,0.0064814814814815516,-0.05672839506172838,,,45.3255,5.0876,222262.2221,7.696,2.9844,2.6907,23.7262,2.7808,54.8055,37.6919,3.3473,20.2923,2.4256,3.1634112614811944,6.561357444345626,0.8552697018485894,0.9014754524844837,0.9434119541581905,18.1728
2024-11-25,value,ADBE UW Equity,518.73,0.012665548551269324,-0.004761629364023726,-0.1321882289437665,,,34.2861,15.9049,228344.946,,12.1342,12.6756,44.1308,2.8067,89.7559,15.1157,17.3836,37.525,11.1529,14.080237870217664,12.351929570569611,0.8503131599699076,0.8798715642652025,0.861789418037184,
2024-11-25,value,LLY UN Equity,755.0,0.045456953642384175,0.07725827814569541,0.05184105960264899,,,54.4619,9.8467,716733.349,15.2148,21.2591,18.1018,67.8825,0.2065,81.023,38.4163,238.8988,57.5139,16.6584,10.482174046508504,118.4498307217545,0.8472566567230141,0.9202620733849672,2.0281193486842715,30.6361
2024-11-25,value,NKE UN Equity,79.26,-0.020817562452687427,-0.005046681806712158,-0.029270754478930194,,,36.2077,6.0622,117978.172,10.3968,2.7886,3.0789,29.803,6.0099,44.693,27.4705,26.6175,21.3065,2.3935,3.717597190624159,9.936844249770813,0.7149112505452471,0.7773880281918867,0.7501081631525047,26.8035
2024-11-25,value,NVDA UW Equity,136.02,0.006616674018526519,0.03117188648728114,0.028745772680488137,,,47.5251,43.9432,3331129.8,20.5071,24.4391,25.5495,84.1657,1.6906,75.9671,14.5722,983.1344,53.5368,29.5287,18.98388985269811,300.00403475724613,0.6360880976454779,1.1557447308166502,1.287359976781922,42.704800000000006
2024-11-25,value,PDD UW Equity,100.69,-0.013705432515642026,-0.02224649915582476,-0.01807528056410759,,,43.7274,6.7404,139835.3132,,2.7299,4.3574,17.9803,10.2955,60.0328,1.7613,45.8479,9.9472,2.7036,8.647110218093786,110.59795386701708,0.553227699204129,0.6204617432413824,0.31570084469234316,
2024-11-25,value,PEP UW Equity,163.05,-0.0054584483287336075,-0.008279668813247609,-0.06507206378411538,,,45.3255,5.0876,223702.8105,7.696,2.9844,2.6907,23.7262,2.7629,54.8055,37.6919,3.3473,20.4238,2.4413,3.1634112614811944,6.561357444345626,0.8608120980182247,0.9073103653324414,0.9434119541581905,18.154899999999998
2024-11-26,value,ADBE UW Equity,525.3,-0.022120692937369135,0.021302113078241112,-0.1500475918522748,,,34.2861,15.9049,231237.06,,12.1342,12.6756,44.1308,2.7716,89.7559,15.1157,17.3836,38.0003,11.2942,14.080237870217664,12.351929570569611,0.8610834156643433,0.8910189655716495,0.861789418037184,
2024-11-26,value,LLY UN Equity,789.32,-0.001431612020473313,0.05133532661024677,-0.007791516748593841,,,54.4619,9.8467,749313.8636,15.2148,21.2591,18.1018,67.8825,0.1975,81.023,38.4163,238.8988,60.1283,17.4156,10.482174046508504,118.4498307217545,0.885770264795787,0.9620921676297385,2.0281193486842715,30.627100000000002
2024-11-26,value,NKE UN Equity,77.61,0.009406004380878803,0.00979255250612041,-0.015333075634583143,,,36.2077,6.0622,115522.1541,10.3968,2.7886,3.0789,29.803,6.1377,44.693,27.4705,26.6175,20.8629,2.3437,3.717597190624159,9.936844249770813,0.700026842935275,0.7612134203774076,0.7501081631525047,26.9313
2024-11-26,value,NVDA UW Equity,136.92,-0.011539585159216947,0.0600350569675723,0.0006573181419807436,,,47.5251,43.9432,3353170.8,20.5071,24.4391,25.5495,84.1657,1.6795,75.9671,14.5722,983.1344,53.8911,29.724,18.98388985269811,300.00403475724613,0.6402976509433178,1.1633887160218401,1.287359976781922,42.6937
2024-11-26,value,PDD UW Equity,99.31,-0.005135434498036503,-0.006041687644748852,-0.01872923169872117,,,43.7274,6.7404,137918.8098,,2.7299,4.3574,17.9803,10.2955,60.0328,1.7613,45.8479,9.82,2.6691,8.647110218093786,110.59795386701708,0.5461532899895998,0.612544177720659,0.31570084469234316,
2024-11-26,value,PEP UW Equity,162.16,0.003453379378391726,-0.012210162802170632,-0.05716576221016287,,,45.3255,5.0876,222481.7403,7.696,2.9844,2.6907,23.7262,2.778,54.8055,37.6919,3.3473,20.3123,2.428,3.1634112614811944,6.561357444345626,0.8561126518363666,0.9023674136841714,0.9434119541581905,18.169999999999998
2024-11-27,value,ADBE UW Equity,513.68,0.004380158853761097,0.04777293256502118,-0.13214452577480132,,,34.2861,15.9049,226121.936,,12.1342,12.6756,44.1308,2.8343,89.7559,15.1157,17.3836,37.1597,11.0443,14.080237870217664,12.351929570569611,0.8420354944845777,0.8713039224967655,0.861789418037184,
2024-11-27,value,LLY UN Equity,788.19,0.009084104086578068,0.047488549715170136,-0.01820627006178716,,,54.4619,9.8467,748241.1369,15.2148,21.2591,18.1018,67.8825,0.1978,81.023,38.4163,238.8988,60.0423,17.3907,10.482174046508504,118.4498307217545,0.8845033697933931,0.9607166138174104,2.0281193486842715,30.6274
2024-11-27,value,NKE UN Equity,78.34,0.005488894562164828,0.003063569057952449,-0.04710237426601988,,,36.2077,6.0622,116608.756,10.3968,2.7886,3.0789,29.803,6.0805,44.693,27.4705,26.6175,21.0591,2.3657,3.717597190624159,9.936844249770813,0.7066100728114619,0.768358829452077,0.7501081631525047,26.874100000000002
2024-11-27,value,NVDA UW Equity,135.34,0.02150140387173043,0.07181912221072853,0.01588591694990399,,,47.5251,43.9432,3314476.6,20.5071,24.4391,25.5495,84.1657,1.6991,75.9671,14.5722,983.1344,53.2692,29.381,18.98388985269811,300.00403475724613,0.632908655188515,1.1499637957689974,1.287359976781922,42.713300000000004
2024-11-27,value,PDD UW Equity,98.8,-0.022672064777327885,0.002024291497975737,-0.04463562753036434,,,43.7274,6.7404,137210.5368,,2.7299,4.3574,17.9803,10.2955,60.0328,1.7613,45.8479,9.7618,2.6532,8.647110218093786,111.71471036132782,0.5429164140754047,0.6088952127415431,0.31570084469234316,
2024-11-27,value,PEP UW Equity,162.72,0.004486234021632189,-0.013704523107177912,-0.0676007866273353,,,45.3255,5.0876,223250.0541,7.696,2.9844,2.6907,23.7262,2.7685,54.8055,37.6919,3.3473,20.3825,2.4364,3.1634112614811944,6.561357444345626,0.8590714062934647,0.9054892778830786,0.9434119541581905,18.1605
2024-11-29,value,ADBE UW Equity,515.93,0.0005233268079004817,0.07177330257980752,-0.13810012986257816,,,34.7543,14.3607,227112.386,,10.4758,12.0796,41.3432,3.4244,89.0118,14.8263,12.2777,35.8787,10.7199,13.69059781992692,12.351929570569611,0.8678259060740339,0.8874383257723767,0.7651820715054735,
2024-11-29,value,LLY UN Equity,795.35,0.005595021059910645,0.039429182121078786,-0.02935814421323948,,,54.4619,9.8467,755038.2372,15.2148,21.2591,18.1018,67.8825,0.196,81.023,38.4163,238.8988,60.5877,17.5486,10.482174046508504,118.5778297097469,0.892537841122528,0.96943950325382,2.0281193486842715,30.625600000000002
2024-11-29,value,NKE UN Equity,78.77,0.004062460327535958,0.0015234226228260067,-0.03935508442300361,,,36.2077,6.0622,117248.8091,10.3968,2.7886,3.0789,29.803,4.6524,44.693,27.4705,26.6175,22.7003,2.4148,3.717597190624159,9.936844249770813,0.7616783545280675,0.7843060833414531,0.7501081631525047,25.446
2024-11-29,value,NVDA UW Equity,138.25,0.002748643761301956,0.030307414104882444,-0.028643761301989208,,,47.5251,43.9432,3385742.5,20.5071,24.4391,25.5495,84.1657,1.6633,75.9671,14.5722,983.1344,54.4146,30.0128,18.98388985269811,300.00403475724613,0.6465175243596857,1.1746922640364783,1.287359976781922,42.6775
2024-11-29,value,PDD UW Equity,96.56,0.02506213753106878,0.03448632974316485,0.004453189726594787,,,43.7274,6.7404,134099.6906,,2.7299,4.3574,17.9803,10.2955,60.0328,1.7613,45.8479,9.5428,2.5937,8.647110218093786,111.71471036132782,0.5307364170786917,0.595240280901455,0.31570084469234316,
2024-11-29,value,PEP UW Equity,163.45,-0.0024472315692871047,-0.034628326705414485,-0.06968491893545418,,,45.3255,5.0876,224251.6061,7.696,2.9844,2.6907,23.7262,2.7561,54.8055,37.6919,3.3473,20.4739,2.4473,3.1634112614811944,6.561357444345626,0.8629236877376066,0.9095402683316608,0.9434119541581905,18.1481
2024-12-02,value,ADBE UW Equity,516.2,0.00011623401782244367,0.06146842309182468,-0.145679969004262,,,34.7543,14.3607,227231.24,,10.4758,12.0796,41.3432,3.4226,89.0118,14.8263,12.2777,35.8975,10.7255,13.69059781992692,12.337463992965665,0.8682806362352212,0.8879019172820293,0.7651820715054735,
2024-12-02,value,LLY UN Equity,799.8,0.016916729182295684,0.004726181545386455,-0.027169292323080654,,,54.4619,9.8467,759262.6921,15.2148,21.2591,18.1018,67.8825,0.1949,81.023,38.4163,238.8988,60.9267,17.6468,10.482174046508504,118.50292783120778,0.8975317644459176,0.9748643781281419,2.0281193486842715,30.6245
2024-12-02,value,NKE UN Equity,79.09,-0.0029080794032115814,-0.018333544063724904,-0.06852952332785436,,,36.2077,6.0622,117725.1278,11.1377,2.7886,3.0789,29.803,4.6336,44.693,27.4705,26.6175,22.7925,2.4246,3.717597190624159,9.936844249770813,0.7647720028185082,0.7874890382928967,0.7501081631525047,26.909000000000002
2024-12-02,value,NVDA UW Equity,138.63,0.011757916756834708,0.0012984202553560328,-0.002308302676188366,,,47.5251,43.9432,3395048.7,20.5071,24.4391,25.5495,84.1657,1.6588,75.9671,14.5722,983.1344,54.5641,30.0953,18.98388985269811,300.00403475724613,0.6482937823840353,1.177921290044815,1.287359976781922,42.673
2024-12-02,value,PDD UW Equity,98.98,-0.005354617094362509,0.11466963022832889,-0.021115376843806863,,,43.7274,6.7404,137460.5155,,2.7299,4.3574,17.9803,10.2955,60.0328,1.7613,45.8479,9.8198,2.669,8.647110218093786,111.71471036132782,0.5461421667046713,0.6125212282553817,0.31570084469234316,
2024-12-02,value,PEP UW Equity,163.05,-0.008279668813247609,-0.0219564550751304,-0.07874885004599817,,,45.3255,5.0876,223702.8105,7.2505,2.9844,2.6907,23.7262,2.7629,54.8055,37.6919,3.3473,20.4238,2.4413,3.1634112614811944,6.561357444345626,0.8608120980182247,0.9073103653324414,0.9434119541581905,17.2639
2024-12-03,value,ADBE UW Equity,516.26,0.03918568163328559,0.0596404912253515,-0.16598225700228567,,,34.7543,14.3607,227257.652,,10.4758,12.0796,41.3432,3.4222,89.0118,14.8263,12.2777,35.9016,10.7268,13.69059781992692,12.337463992965665,0.8683798061107993,0.8880095367396272,0.7651820715054735,
2024-12-03,value,NKE UN Equity,78.86,-0.006213542987572849,-0.02688308394623389,-0.07037788485924419,,,36.2077,6.0622,117382.7737,10.1454,2.7886,3.0789,29.803,4.6471,44.693,27.4705,26.6175,22.7262,2.4175,3.717597190624159,9.936844249770813,0.7625473945575948,0.7851830199097081,0.7501081631525047,24.9379
2024-12-03,value,NVDA UW Equity,140.26,0.03479252816198485,-0.03700270925424211,0.030015685156138658,,,47.5251,43.9432,3434967.4,20.5071,24.4391,25.5495,84.1657,1.6395,75.9671,14.5722,983.1344,55.2057,30.4491,18.98388985269811,300.00403475724613,0.6559168402330166,1.1917689191569307,1.287359976781922,42.6537
2024-12-03,value,PDD UW Equity,98.45,0.002640934484509811,0.061350939563229984,-0.016556627729812184,,,43.7274,6.7404,136724.467,,2.7299,4.3574,17.9803,10.2955,60.0328,1.7613,45.8479,9.7815,2.6586,8.647110218093786,111.71471036132782,0.5440120576408625,0.6101344838665258,0.31570084469234316,
2024-12-03,value,PEP UW Equity,161.7,-0.00940012368583786,-0.01150278293135427,-0.07452071737786013,,,45.3255,5.0876,221850.6253,7.2505,2.9844,2.6907,23.7262,2.7859,54.8055,37.6919,3.3473,20.2547,2.4211,3.1634112614811944,6.561357444345626,0.8536849558715682,0.8998030252350689,0.9434119541581905,17.2869
2024-12-04,value,NKE UN Equity,78.37,0.0026795967844837785,0.006124792650248689,-0.0812811024626771,,,36.2077,6.0622,116653.4108,10.1454,2.7886,3.0789,29.803,4.6762,44.693,27.4705,26.6175,22.585,2.4025,3.717597190624159,9.936844249770813,0.7578096164815623,0.7803111500860697,0.7501081631525047,24.967
2024-12-04,value,NVDA UW Equity,145.14,-0.0005511919525973825,-0.04016811354554213,0.029557668458040656,,,47.5251,43.9432,3554478.6,20.5071,24.4391,25.5495,84.1657,1.5844,75.9671,14.5722,983.1344,57.1264,31.5085,18.98388985269811,300.00403475724613,0.6787373003491921,1.233233527074894,1.287359976781922,42.598600000000005
2024-12-04,value,PDD UW Equity,98.71,0.0029378988957553063,0.047715530341404196,0.0031405126127039035,,,43.7274,6.7404,137085.5474,,2.7299,4.3574,17.9803,10.2955,60.0328,1.7613,45.8479,9.7812,2.6585,8.647110218093786,111.71471036132782,0.5439953727134698,0.6101115344012484,0.31570084469234316,
2024-12-04,value,PEP UW Equity,160.18,0.0019353227618928847,-0.021288550380821555,-0.08683980521912846,,,45.3255,5.0876,219765.202,7.2505,2.9844,2.6907,23.7262,2.8124,54.8055,37.6919,3.3473,20.0643,2.3983,3.1634112614811944,6.561357444345626,0.845660071987929,0.8913293938380347,0.9434119541581905,17.313399999999998
2024-12-05,value,NKE UN Equity,78.58,0.003945024179180482,-0.007890048358360964,-0.08259099007381007,,,36.2077,6.0622,116965.9949,10.1454,2.7886,3.0789,29.803,4.6637,44.693,27.4705,26.6175,22.6455,2.4089,3.717597190624159,9.936844249770813,0.759839613461732,0.7823898145441553,0.7501081631525047,24.954500000000003
2024-12-05,value,NVDA UW Equity,145.06,-0.018061491796498033,-0.05321935750723838,-0.033916999862126124,,,47.5251,43.9432,3552519.4,28.5641,24.4391,25.5495,84.1657,1.5852,75.9671,14.5722,983.1344,57.0949,31.4912,18.98388985269811,300.00403475724613,0.6783630386249981,1.232556410105873,1.287359976781922,58.7134
2024-12-05,value,PDD UW Equity,99.0,0.008989898989898996,0.05717171717171714,0.01636363636363641,,,43.7274,6.7404,137488.2909,,2.7299,4.3574,17.9803,10.2955,60.0328,1.7613,45.8479,9.7999,2.6636,8.647110218093786,111.71471036132782,0.545035399854285,0.6112819571303989,0.31570084469234316,
2024-12-05,value,PEP UW Equity,160.49,-0.016823478098323987,-0.00990715932456853,-0.09402454981618794,,,45.3255,5.0876,220190.5186,7.2505,2.9844,2.6907,23.7262,2.8069,54.8055,37.6919,3.3473,20.1032,2.403,3.1634112614811944,6.561357444345626,0.8472996097141557,0.8930761511874233,0.9434119541581905,17.3079
2024-12-06,value,NKE UN Equity,78.89,-0.015844847255672454,-0.02078843959944227,-0.09633667131448846,,,36.2077,6.0622,117427.4286,10.1454,2.7886,3.0789,29.803,4.6454,44.693,27.4705,26.6175,22.7349,2.4184,3.717597190624159,9.936844249770813,0.7628393114787102,0.7854753320991263,0.7501081631525047,24.9362
2024-12-06,value,NVDA UW Equity,142.44,-0.025484414490311677,-0.05749789385004211,-0.016357764672844596,,,47.5251,43.9432,3488355.6,28.5641,24.4391,25.5495,84.1657,1.6144,75.9671,14.5722,983.1344,56.0637,30.9224,18.98388985269811,300.00403475724613,0.666111016720588,1.2102937435174856,1.287359976781922,58.7426
2024-12-06,value,PDD UW Equity,99.89,0.1045149664631094,0.023826208829712637,0.004304735208729529,,,43.7274,6.7404,138724.2967,,2.7299,4.3574,17.9803,10.2955,60.0328,1.7613,45.8479,9.9053,2.6922,8.647110218093786,111.71471036132782,0.5508973710116072,0.6178455041997521,0.31570084469234316,
2024-12-06,value,PEP UW Equity,157.79,0.010647062551492534,0.0011407567019456673,-0.0712972938716015,,,45.3255,5.0876,216486.1483,7.861,2.9844,2.6907,23.7262,2.855,54.8055,37.6919,3.3473,19.765,2.3626,3.1634112614811944,6.561357444345626,0.8330453254208429,0.8780614709926785,0.9434119541581905,18.576999999999998
2024-12-09,value,NKE UN Equity,77.64,-0.011591962905718775,-0.005667181865018003,-0.08294693456980935,,,36.2077,6.0622,115566.8089,10.1454,2.7886,3.0789,29.803,4.7202,44.693,27.4705,26.6175,22.3746,2.3801,3.717597190624159,9.936844249770813,0.7507499245042446,0.7730358244827699,0.7501081631525047,25.011000000000003
2024-12-09,value,NVDA UW Equity,138.81,-0.02694330379655651,-0.04905986600389022,-0.020891866580217605,,,47.5251,43.9432,3399456.9,28.5641,24.4391,25.5495,84.1657,1.6566,75.9671,14.5722,983.1344,54.635,30.1343,18.98388985269811,300.00403475724613,0.6491361682965864,1.1794477387033016,1.287359976781922,58.7848
2024-12-09,value,PDD UW Equity,110.33,-0.05293211275265117,-0.09716305628568839,-0.14184718571558044,,,43.7274,6.7404,153223.062,,2.7299,4.3574,17.9803,10.2955,60.0328,1.7613,45.8479,10.9212,2.9683,8.647110218093786,111.43096542339735,0.6073980968059488,0.6812089778308166,0.31570084469234316,
2024-12-09,value,PEP UW Equity,159.47,0.0023201856148492165,-0.0216341631654856,-0.105537091615978,,,45.3255,5.0876,218791.0898,7.861,2.9844,2.6907,23.7262,2.8249,54.8055,37.6919,3.3473,19.9754,2.3877,3.1634112614811944,6.561357444345626,0.8419131592922593,0.8873898985394135,0.9434119541581905,18.5469
2024-12-10,value,LLY UN Equity,799.58,-0.00443983091122848,-0.026213762225168257,,,,54.4619,9.8467,759053.8426,15.2148,21.2591,18.1018,67.8825,0.1949,81.023,38.4163,238.8988,60.9099,17.642,10.482174046508504,119.08011031864044,0.8972842779803337,0.974599211128175,2.0281193486842715,30.6245
2024-12-10,value,NKE UN Equity,76.74,0.027495439145165487,0.016419077404222115,,,,36.2077,6.0622,114227.1628,10.1454,2.7886,3.0789,29.803,4.7755,44.693,27.4705,26.6175,22.1153,2.3525,3.717597190624159,9.936844249770813,0.7420494581082442,0.7640715840072754,0.7501081631525047,25.066300000000002
2024-12-10,value,NVDA UW Equity,135.07,0.031391130524913075,-0.03464870067372479,,,,47.5251,43.9432,3307864.3,28.5641,24.4391,25.5495,84.1657,1.7025,75.9671,14.5722,983.1344,53.1629,29.3224,18.98388985269811,300.00403475724613,0.6316456703859173,1.1476702088103485,1.287359976781922,58.8307
2024-12-10,value,PDD UW Equity,104.49,-0.010240214374581235,-0.01981050818260114,,,,43.7274,6.7404,145112.6416,,2.7299,4.3574,17.9803,10.2955,60.0328,1.7613,45.8479,10.3327,2.8084,8.647110218093786,111.43096542339735,0.5746678309038226,0.6445127828521595,0.31570084469234316,
2024-12-10,value,PEP UW Equity,159.84,-0.019206706706706662,-0.023148148148148254,,,,45.3255,5.0876,219298.7258,7.861,2.9844,2.6907,23.7262,2.8184,54.8055,37.6919,3.3473,20.0217,2.3933,3.1634112614811944,6.561357444345626,0.8438645885139635,0.8894711413386851,0.9434119541581905,18.540399999999998
2024-12-11,value,LLY UN Equity,796.03,-0.01718528196173505,-0.039345250807130305,,,,54.4619,9.8467,755683.7719,15.2148,21.2591,18.1018,67.8825,0.1958,81.023,38.4163,238.8988,60.6395,17.5636,10.482174046508504,118.912510325759,0.8933009243914117,0.9702681501287165,2.0281193486842715,30.6254
2024-12-11,value,NKE UN Equity,78.85,-0.011287254280279019,-0.024730500951172973,,,,36.2077,6.0622,117367.8888,10.1454,2.7886,3.0789,29.803,4.6477,44.693,27.4705,26.6175,22.7233,2.4172,3.717597190624159,9.936844249770813,0.762450088917223,0.7850855825132352,0.7501081631525047,24.9385
2024-12-11,value,NVDA UW Equity,139.31,-0.014141124111693337,-0.0746536501327974,,,,47.5251,43.9432,3411701.9,28.5641,24.4391,25.5495,84.1657,1.6507,75.9671,14.5722,983.1344,54.8318,30.2429,18.98388985269811,300.00403475724613,0.651474412973456,1.1836983111215484,1.287359976781922,58.7789
2024-12-11,value,PDD UW Equity,103.42,0.011989943918004205,-0.02001547089537814,,,,43.7274,6.7404,143626.657,,2.7299,4.3574,17.9803,10.2955,60.0328,1.7613,45.8479,10.2429,2.784,8.647110218093786,111.43096542339735,0.5696734759709238,0.6389131133244594,0.31570084469234316,
2024-12-11,value,PEP UW Equity,156.77,0.013586783185558431,-0.01492632518976847,,,,45.3255,5.0876,215086.7194,7.861,2.9844,2.6907,23.7262,2.8735,54.8055,37.6919,3.3473,19.6372,2.3473,3.1634112614811944,6.561783180594846,0.8276588749989464,0.8723752183446687,0.9434119541581905,18.5955
2024-12-12,value,ADBE UW Equity,474.63,-0.018835724669742742,-0.07846111708067338,,,,34.7543,14.3607,208932.126,,10.4758,12.0796,41.3432,3.7224,89.0118,14.8263,12.2777,33.0066,9.8618,13.69059781992692,12.334639618826053,0.7983561988428568,0.8164012053379252,0.7651820715054735,
2024-12-12,value,LLY UN Equity,782.35,0.008653415990285655,-0.031712149293794414,,,,54.4619,9.8467,742697.1332,15.2148,21.2591,18.1018,67.8825,0.1992,81.023,38.4163,238.8988,59.5974,17.2618,10.482174046508504,119.25705896703892,0.8779493978565905,0.9535957750058005,2.0281193486842715,30.628800000000002
2024-12-12,value,NKE UN Equity,77.96,-0.009107234479220034,-0.011031298101590552,,,,36.2077,6.0622,116043.1276,10.1454,2.7886,3.0789,29.803,4.7008,44.693,27.4705,26.6175,22.4669,2.3899,3.717597190624159,9.936844249770813,0.7538469281615944,0.7762187794342135,0.7501081631525047,24.991600000000002
2024-12-12,value,NVDA UW Equity,137.34,-0.02249890782000876,-0.04849279161205764,,,,47.5251,43.9432,3363456.6,28.5641,24.4391,25.5495,84.1657,1.6743,75.9671,14.5722,983.1344,54.0564,29.8152,18.98388985269811,300.00403475724613,0.6422616338959932,1.166958257500147,1.287359976781922,58.8025
2024-12-12,value,PDD UW Equity,104.66,-0.022835849417160336,-0.03497038027899863,,,,43.7274,6.7404,145348.7326,,2.7299,4.3574,17.9803,10.2955,60.0328,1.7613,45.8479,10.3752,2.8199,8.647110218093786,111.43096542339735,0.5770315289511299,0.6471519713590673,0.31570084469234316,
2024-12-12,value,PEP UW Equity,158.9,-0.005852737570799287,-0.0467589679043424,,,,45.3255,5.0876,218009.0561,7.861,2.9844,2.6907,23.7262,2.835,54.8055,37.6919,3.3473,19.904,2.3792,3.1634112614811944,6.561783180594846,0.8389038278358946,0.8842308692905192,0.9434119541581905,18.557
2024-12-13,value,ADBE UW Equity,465.69,-0.00893298116772966,-0.03976894500633465,,,,34.7543,14.3607,204996.738,,10.4758,12.0796,41.3432,3.7938,89.0118,14.8263,12.2777,32.3849,9.676,13.69059781992692,12.334639618826053,0.7833186594167844,0.8010199013212359,0.7651820715054735,
2024-12-13,value,LLY UN Equity,789.12,-0.012824412003244126,-0.02706812652068128,,,,54.4619,9.8467,749124.0004,15.2148,21.2591,18.1018,67.8825,0.1975,81.023,38.4163,238.8988,60.1131,17.4112,10.482174046508504,119.25705896703892,0.8855463484697825,0.9618490978797689,2.0281193486842715,30.627100000000002
2024-12-13,value,NKE UN Equity,77.25,-0.0006472491909384746,-0.0040129449838188,,,,36.2077,6.0622,114986.2956,10.1454,2.7886,3.0789,29.803,4.744,44.693,27.4705,26.6175,22.2622,2.3682,3.717597190624159,9.936844249770813,0.746978492098111,0.7691708077560168,0.7501081631525047,25.0348
2024-12-13,value,NVDA UW Equity,134.25,-0.01675977653631285,0.003351955307262485,,,,47.5251,43.9432,3287782.5,28.5641,24.4391,25.5495,84.1657,1.7129,75.9671,14.5722,983.1344,52.8402,29.1444,18.98388985269811,300.00403475724613,0.6278115669447293,1.1407033405741795,1.287359976781922,58.8411
2024-12-13,value,PDD UW Equity,102.27,-0.02600958247775493,-0.026987386330302055,,,,43.7274,6.7404,142029.5708,,2.7299,4.3574,17.9803,10.2955,60.0328,1.7613,45.8479,10.1443,2.7572,8.647110218093786,111.43096542339735,0.5641896965011707,0.6327626566301006,0.31570084469234316,
2024-12-13,value,PEP UW Equity,157.97,-0.0123441159713869,-0.03279103627271005,,,,45.3255,5.0876,216733.1063,7.861,2.9844,2.6907,23.7262,2.8517,54.8055,37.6919,3.3473,19.7875,2.3653,3.1634112614811944,6.561783180594846,0.8339936441570923,0.8790649273423272,0.9434119541581905,18.5737
2024-12-16,value,ADBE UW Equity,461.53,-0.013650250254587904,-0.03204558750243747,,,,34.7543,14.3607,203165.506,,10.4758,12.0796,41.3432,3.828,89.0118,14.8263,12.2777,32.0956,9.5896,13.69059781992692,12.334639618826053,0.7763211362448963,0.793867346600881,0.7651820715054735,
2024-12-16,value,LLY UN Equity,779.0,-0.00048780487804877463,0.02218228498074451,,,,54.4619,9.8467,739516.9256,15.2148,21.2591,18.1018,67.8825,0.2001,81.023,38.4163,238.8988,59.3422,17.1879,10.482174046508504,118.90537681351717,0.8741899605936729,0.9495133080688107,2.0281193486842715,30.6297
2024-12-16,value,NKE UN Equity,77.2,0.010362694300518097,-0.0056994818652849446,,,,36.2077,6.0622,114911.8708,10.1454,2.7886,3.0789,29.803,4.7471,44.693,27.4705,26.6175,22.2478,2.3666,3.717597190624159,9.936844249770813,0.7464953192631615,0.7686511416414954,0.7501081631525047,25.0379
2024-12-16,value,NVDA UW Equity,132.0,-0.0121969696969698,0.05810606060606051,,,,47.5251,43.9432,3232680.0,28.5641,24.4391,25.5495,84.1657,1.7421,75.9671,14.5722,983.1344,51.9546,28.656,18.98388985269811,300.00403475724613,0.6172894658988163,1.121587506604826,1.287359976781922,58.8703
2024-12-16,value,PDD UW Equity,99.61,0.028210019074390146,0.009737978114647113,,,,43.7274,6.7404,138335.441,,2.7299,4.3574,17.9803,10.2955,60.0328,1.7613,45.8479,9.8941,2.6892,8.647110218093786,111.43096542339735,0.5502744670556109,0.6171570202414284,0.31570084469234316,
2024-12-16,value,PEP UW Equity,156.02,0.0007691321625431107,-0.030316626073580426,,,,45.3255,5.0876,214057.7277,7.861,2.9844,2.6907,23.7262,2.8874,54.8055,37.6919,3.3473,19.5432,2.3361,3.1634112614811944,6.561783180594846,0.8236970100563934,0.8682127327461255,0.9434119541581905,18.6094
2024-12-17,value,ADBE UW Equity,455.23,-0.03057794960789055,-0.016013883092063398,,,,34.7543,14.3607,200392.246,,10.4758,12.0796,41.3432,3.881,89.0118,14.8263,12.2777,31.6575,9.4587,13.69059781992692,12.334639618826053,0.7657244722227596,0.7830308950627505,0.7651820715054735,
2024-12-17,value,LLY UN Equity,778.62,-0.017864940535819742,0.021897716472733753,,,,54.4619,9.8467,739156.1857,15.2148,21.2591,18.1018,67.8825,0.2002,81.023,38.4163,238.8988,59.3132,17.1795,10.482174046508504,118.90537681351717,0.873762751813796,0.9490492658188688,2.0281193486842715,30.6298
2024-12-17,value,NKE UN Equity,78.0,-0.01410256410256403,-0.015512820512820432,,,,36.2077,6.0622,116102.6674,10.1454,2.7886,3.0789,29.803,4.6984,44.693,27.4705,26.6175,22.4784,2.3912,3.717597190624159,9.936844249770813,0.7542327953561722,0.7766410081522622,0.7501081631525047,24.9892
2024-12-17,value,NVDA UW Equity,130.39,-0.011350563693534703,0.07538921696449125,,,,47.5251,43.9432,3193251.1,28.5641,24.4391,25.5495,84.1657,1.7636,75.9671,14.5722,983.1344,51.3209,28.3064,18.98388985269811,300.00403475724613,0.609760270513998,1.1079042642713166,1.287359976781922,58.891799999999996
2024-12-17,value,PDD UW Equity,102.42,-0.010447178285491188,-0.026362038664323403,,,,43.7274,6.7404,142237.8864,,2.7299,4.3574,17.9803,10.2955,60.0328,1.7613,45.8479,10.1739,2.7652,8.647110218093786,111.43096542339735,0.5658359426705895,0.6345986138522972,0.31570084469234316,
2024-12-17,value,PEP UW Equity,156.14,-0.010951710003842575,-0.02132701421800938,,,,45.3255,5.0876,214222.3664,7.861,2.9844,2.6907,23.7262,2.8851,54.8055,37.6919,3.3473,19.5583,2.3379,3.1634112614811944,6.561783180594846,0.8243334372971651,0.8688817036458913,0.9434119541581905,18.6071
2024-12-18,value,ADBE UW Equity,441.31,-0.00888264485282458,0.020053930343749343,,,,34.7543,14.3607,194264.662,,10.4758,12.0796,41.3432,4.0034,89.0118,14.8263,12.2777,30.6895,9.1695,13.69059781992692,12.334639618826053,0.7423107064765184,0.7590897049571178,0.7651820715054735,
2024-12-18,value,LLY UN Equity,764.71,-0.009376103359443545,0.03848517738750631,,,,54.4619,9.8467,725951.2044,15.2148,21.2591,18.1018,67.8825,0.2038,81.023,38.4163,238.8988,58.2536,16.8726,10.482174046508504,119.14363612239391,0.8581534268773249,0.932095150758488,2.0281193486842715,30.6334
2024-12-18,value,NKE UN Equity,76.9,0.0026007802340700732,0.0005201560468139407,,,,36.2077,6.0622,114465.3221,10.1454,2.7886,3.0789,29.803,4.7656,44.693,27.4705,26.6175,22.1614,2.3574,3.717597190624159,9.936844249770813,0.7435962822534644,0.7656630614829972,0.7501081631525047,25.0564
2024-12-18,value,NVDA UW Equity,128.91,0.01373050965790094,0.08548599798308906,,,,47.5251,43.9432,3157005.9,28.5641,24.4391,25.5495,84.1657,1.7838,75.9671,14.5722,983.1344,50.7384,27.9851,18.98388985269811,300.00403475724613,0.6028393989475522,1.0953286757079395,1.287359976781922,58.912
2024-12-18,value,PDD UW Equity,101.35,-0.003453379378391656,-0.024469659595461175,,,,43.7274,6.7404,140751.9018,,2.7299,4.3574,17.9803,10.2955,60.0328,1.7613,45.8479,10.0707,2.7372,8.647110218093786,111.43096542339735,0.5600963276474809,0.6281727635746087,0.31570084469234316,
2024-12-18,value,PEP UW Equity,154.43,-0.019167260247361314,-0.012886097260894963,,,,45.3255,5.0876,211876.2651,7.861,2.9844,2.6907,23.7262,2.9171,54.8055,37.6919,3.3473,19.3441,2.3123,3.1634112614811944,6.561783180594846,0.8153054429280712,0.8593674508492214,0.9434119541581905,18.6391
2024-12-19,value,ADBE UW Equity,437.39,0.022359907633919453,0.02078236813827484,,,,34.7543,14.3607,192539.078,,10.4758,12.0796,41.3432,4.0393,89.0118,14.8263,12.2777,30.4169,9.088,13.69059781992692,12.334639618826053,0.7357171191393022,0.7523427928077089,0.7651820715054735,
2024-12-19,value,LLY UN Equity,757.54,0.013491036776935908,0.033833196926894946,,,,54.4619,9.8467,719144.6108,15.2148,21.2591,18.1018,67.8825,0.2058,81.023,38.4163,238.8988,57.7074,16.7144,10.482174046508504,119.14363612239391,0.8501071704784002,0.9233556883845806,2.0281193486842715,30.6354
2024-12-19,value,NKE UN Equity,77.1,-0.002075226977950669,-0.008819714656290436,,,,36.2077,6.0622,114763.0212,10.1454,2.7886,3.0789,29.803,4.7532,44.693,27.4705,26.6175,22.219,2.3636,3.717597190624159,9.936844249770813,0.7455289735932624,0.7676767676767676,0.7501081631525047,25.044
2024-12-19,value,NVDA UW Equity,130.68,0.03076216712580335,0.04843893480257104,,,,47.5251,43.9432,3200353.2,28.5641,24.4391,25.5495,84.1657,1.7597,75.9671,14.5722,983.1344,51.435,28.3694,18.98388985269811,300.00403475724613,0.611115929648301,1.11037006595041,1.287359976781922,58.8879
2024-12-19,value,PDD UW Equity,101.0,-0.014752475247524701,-0.03514851485148512,,,,43.7274,6.7404,140265.8321,,2.7299,4.3574,17.9803,10.2955,60.0328,1.7613,45.8479,10.049,2.7313,8.647110218093786,111.43096542339735,0.558889451232738,0.6268187451232387,0.31570084469234316,
2024-12-19,value,PEP UW Equity,151.47,0.008714596949891023,0.009374793688519097,,,,45.3255,5.0876,207815.1776,7.861,2.9844,2.6907,23.7262,2.9741,54.8055,37.6919,3.3473,18.9733,2.2679,3.1634112614811944,6.561783180594846,0.7996771501546813,0.8428661686549969,0.9434119541581905,18.6961
2024-12-20,value,ADBE UW Equity,447.17,-0.0009616029697877917,-0.0030637117874633907,,,,34.7543,14.3607,196844.234,,10.4758,12.0796,41.3432,3.951,89.0118,14.8263,12.2777,31.097,9.2912,13.69059781992692,12.334639618826053,0.7521672245979991,0.7691645418722475,0.7651820715054735,
2024-12-20,value,LLY UN Equity,767.76,0.03714702511201415,0.007919141398353705,,,,54.4619,9.8467,728846.6172,15.2148,21.2591,18.1018,67.8825,0.203,81.023,38.4163,238.8988,58.4859,16.9399,10.482174046508504,118.99169231164318,0.861575516517512,0.9358130130705234,2.0281193486842715,30.6326
2024-12-20,value,NKE UN Equity,76.94,-0.0023394853132309933,-0.029763452040550975,,,,36.2077,6.0622,114524.8619,10.1454,2.7886,3.0789,29.803,4.7631,44.693,27.4705,26.6175,22.1729,2.3587,3.717597190624159,9.936844249770813,0.7439821494480421,0.7660852902010458,0.7501081631525047,25.0539
2024-12-20,value,NVDA UW Equity,134.7,0.036896807720861166,0.02071269487750572,,,,47.5251,43.9432,3298803.0,28.5641,24.4391,25.5495,84.1657,1.7072,75.9671,14.5722,983.1344,53.0173,29.2421,18.98388985269811,300.00403475724613,0.6299157495274202,1.144527290162234,1.287359976781922,58.8354
2024-12-20,value,PDD UW Equity,99.51,0.010752688172042942,-0.051452115365289965,,,,43.7274,6.7404,138196.5639,,2.7299,4.3574,17.9803,10.2955,60.0328,1.7613,45.8479,9.9005,2.6909,8.647110218093786,111.43096542339735,0.550630412173323,0.6175471611511452,0.31570084469234316,
2024-12-20,value,PEP UW Equity,152.79,-0.0098173964264677,-0.007003076117546915,,,,45.3255,5.0876,209626.2031,7.861,2.9844,2.6907,23.7262,2.9484,54.8055,37.6919,3.3473,19.1387,2.2877,3.1634112614811944,6.561783180594846,0.8066483465535991,0.8502248485524213,0.9434119541581905,18.6704
2024-12-23,value,ADBE UW Equity,446.74,0.0026861261583918804,-0.004611183238572777,,,,34.7543,14.3607,196654.948,,10.4758,12.0796,41.3432,3.9548,89.0118,14.8263,12.2777,31.0671,9.2823,13.69059781992692,12.334639618826053,0.751444010139515,0.7684277625086924,0.7651820715054735,
2024-12-23,value,LLY UN Equity,796.28,-0.0007660621891797027,-0.030491786808660236,,,,54.4619,9.8467,755921.1008,15.2148,21.2591,18.1018,67.8825,0.1958,81.023,38.4163,238.8988,60.6585,17.5692,10.482174046508504,118.99169231164318,0.8935808197989172,0.9705775116286777,2.0281193486842715,30.6254
2024-12-23,value,NKE UN Equity,76.76,0.0003908285565398793,-0.014200104220948454,,,,36.2077,6.0622,114256.9327,10.1454,2.7886,3.0789,29.803,4.7743,44.693,27.4705,26.6175,22.121,2.3531,3.717597190624159,9.936844249770813,0.7422407140220783,0.7642664588002208,0.7501081631525047,25.0651
2024-12-23,value,NVDA UW Equity,139.67,0.003937853511849441,-0.03851936707954461,,,,47.5251,43.9432,3420518.3,28.5641,24.4391,25.5495,84.1657,1.6464,75.9671,14.5722,983.1344,54.9735,30.321,18.98388985269811,300.00403475724613,0.6531579966661003,1.1867551224094406,1.287359976781922,58.7746
2024-12-23,value,PDD UW Equity,100.58,-0.00855040763571286,-0.03569298071187118,,,,43.7274,6.7404,139682.5485,,2.7299,4.3574,17.9803,10.2955,60.0328,1.7613,45.8479,10.0073,2.72,8.647110218093786,110.31126611450368,0.5565702463251448,0.6242254555468858,0.31570084469234316,
2024-12-23,value,PEP UW Equity,151.29,0.010046929737590127,0.005089563090752927,,,,45.3255,5.0876,207568.2196,7.861,2.9844,2.6907,23.7262,2.9776,54.8055,37.6919,3.3473,18.9508,2.2652,3.1634112614811944,6.55411992810883,0.798728831418432,0.841862712305348,0.9434119541581905,18.6996
2024-12-24,value,ADBE UW Equity,447.94,0.0049560208956557295,-0.015493146403536183,,,,34.7543,14.3607,197183.188,,10.4758,12.0796,41.3432,3.9442,89.0118,14.8263,12.2777,31.1506,9.3072,13.69059781992692,12.334639618826053,0.7534636893128737,0.7704890890426835,0.7651820715054735,
2024-12-24,value,LLY UN Equity,795.67,-0.0019229077381326088,-0.0221197230007414,,,,54.4619,9.8467,755342.0182,15.2148,21.2591,18.1018,67.8825,0.1959,81.023,38.4163,238.8988,60.6121,17.5557,10.482174046508504,118.99169231164318,0.8928972857511142,0.969831729441271,2.0281193486842715,30.625500000000002
2024-12-24,value,NKE UN Equity,76.79,0.0019533793462689344,-0.0406302904023962,,,,36.2077,6.0622,114301.5876,10.1454,2.7886,3.0789,29.803,4.7724,44.693,27.4705,26.6175,22.1297,2.3541,3.717597190624159,9.936844249770813,0.7425326309431937,0.7645912501217967,0.7501081631525047,25.063200000000002
2024-12-24,value,NVDA UW Equity,140.22,-0.0020681785765225506,-0.0136214520039937,,,,47.5251,43.9432,3433987.8,28.5641,24.4391,25.5495,84.1657,1.6399,75.9671,14.5722,983.1344,55.1899,30.4404,18.98388985269811,300.00403475724613,0.6557291153046907,1.1914284036869607,1.287359976781922,58.7681
2024-12-24,value,PDD UW Equity,99.72,-0.008523866827115867,-0.028379462494985942,,,,43.7274,6.7404,138488.2057,,2.7299,4.3574,17.9803,10.2955,60.0328,1.7613,45.8479,9.9208,2.6964,8.647110218093786,110.31126611450368,0.5517594255935663,0.6188093817414054,0.31570084469234316,
2024-12-24,value,PEP UW Equity,152.81,-0.0024213075060532984,-0.01701459328577969,,,,45.3255,5.0876,209653.6429,7.861,2.9844,2.6907,23.7262,2.948,54.8055,37.6919,3.3473,19.1412,2.288,3.1634112614811944,6.55411992810883,0.8067537153020712,0.8503363437023822,0.9434119541581905,18.669999999999998
2024-12-26,value,ADBE UW Equity,450.16,-0.008174871156921998,-0.04351786031633204,,,,34.7543,14.3607,198160.432,,10.4758,12.0796,41.3432,3.9247,89.0118,14.8263,12.2777,31.3049,9.3534,13.69059781992692,12.334639618826053,0.7571958629230441,0.7743137189973179,0.7651820715054735,
2024-12-26,value,LLY UN Equity,794.14,-0.013813685244415378,-0.01531216158359983,,,,54.4619,9.8467,753889.5652,15.2148,21.2591,18.1018,67.8825,0.1963,81.023,38.4163,238.8988,60.4955,17.5219,10.482174046508504,118.99169231164318,0.8911796118292639,0.9679645118165043,2.0281193486842715,30.6259
2024-12-26,value,NKE UN Equity,76.94,-0.006758513127111984,-0.04717962048349358,,,,36.2077,6.0622,114524.8619,10.1454,2.7886,3.0789,29.803,4.7631,44.693,27.4705,26.6175,22.1729,2.3587,3.717597190624159,9.936844249770813,0.7439821494480421,0.7660852902010458,0.7501081631525047,25.0539
2024-12-26,value,NVDA UW Equity,139.93,-0.020867576645465704,0.03244479382548411,,,,47.5251,43.9432,3426885.7,28.5641,24.4391,25.5495,84.1657,1.6433,75.9671,14.5722,983.1344,55.0758,30.3775,18.98388985269811,300.00403475724613,0.6543734561703877,1.1889665159787863,1.287359976781922,58.7715
2024-12-26,value,PDD UW Equity,98.87,-0.014362293921310828,-0.020734297562455865,,,,43.7274,6.7404,137307.7507,,2.7299,4.3574,17.9803,10.2955,60.0328,1.7613,45.8479,9.8399,2.6745,8.647110218093786,110.31126611450368,0.547260056839986,0.6137834488456418,0.31570084469234316,
2024-12-26,value,PEP UW Equity,152.44,0.0029519811073208386,-0.01830228286538961,,,,45.3255,5.0876,209146.007,7.861,2.9844,2.6907,23.7262,2.9552,54.8055,37.6919,3.3473,19.0948,2.2825,3.1634112614811944,6.55411992810883,0.804798071330428,0.8482922659530977,0.9434119541581905,18.6772
2024-12-27,value,ADBE UW Equity,446.48,-0.001523024547572135,-0.034268052320372715,,,,34.7543,14.3607,196540.496,,10.4758,12.0796,41.3432,3.9571,89.0118,14.8263,12.2777,31.049,9.2769,13.69059781992692,12.334639618826053,0.7510062114204995,0.7679807278386701,0.7651820715054735,
2024-12-27,value,LLY UN Equity,783.17,-0.011913122310609354,-0.023072896050665804,,,,54.4619,9.8467,743475.5721,15.2148,21.2591,18.1018,67.8825,0.199,81.023,38.4163,238.8988,59.6598,17.2799,10.482174046508504,118.99169231164318,0.8788686333001878,0.9545956755681756,2.0281193486842715,30.628600000000002
2024-12-27,value,NKE UN Equity,76.42,-0.023161476053389113,-0.057838262235017035,,,,36.2077,6.0622,113750.8441,10.1454,2.7886,3.0789,29.803,4.7955,44.693,27.4705,26.6175,22.0231,2.3427,3.717597190624159,9.936844249770813,0.7389558098178035,0.7608886290558315,0.7501081631525047,25.0863
2024-12-27,value,NVDA UW Equity,137.01,0.0035033939128532093,0.09065031749507348,,,,47.5251,43.9432,3355374.9,28.5641,24.4391,25.5495,84.1657,1.6784,75.9671,14.5722,983.1344,53.9265,29.7436,18.98388985269811,300.00403475724613,0.6407182498333643,1.1641558543220025,1.287359976781922,58.8066
2024-12-27,value,PDD UW Equity,97.45,-0.031400718317085706,0.01611082606464847,,,,43.7274,6.7404,135335.6964,,2.7299,4.3574,17.9803,10.2955,60.0328,1.7613,45.8479,9.6988,2.6361,8.647110218093786,110.31126611450368,0.5394125793229256,0.6049708541790976,0.31570084469234316,
2024-12-27,value,PEP UW Equity,152.89,-0.007652560664529973,-0.04329910393093058,,,,45.3255,5.0876,209763.402,7.861,2.9844,2.6907,23.7262,2.9465,54.8055,37.6919,3.3473,19.1512,2.2892,3.1634112614811944,6.55411992810883,0.8071751902959597,0.8507823243022262,0.9434119541581905,18.668499999999998
2024-12-30,value,ADBE UW Equity,445.8,-0.002512337371018404,-0.05197397936294306,,,,34.7543,14.3607,196241.16,,10.4758,12.0796,41.3432,3.9631,89.0118,14.8263,12.2777,31.0017,9.2628,13.69059781992692,12.334639618826053,0.7498621296851719,0.7668134706447234,0.7651820715054735,
2024-12-30,value,LLY UN Equity,773.84,-0.0023777525069782275,-0.0007107412384990026,,,,54.4619,9.8467,734618.4566,15.2148,21.2591,18.1018,67.8825,0.2014,81.023,38.4163,238.8988,58.9491,17.074,10.482174046508504,118.99169231164318,0.8683990719257542,0.9432211161320974,2.0281193486842715,30.631
2024-12-30,value,NKE UN Equity,74.65,0.013663764233087688,-0.03429336905559279,,,,36.2077,6.0622,111116.2067,10.1454,2.7886,3.0789,29.803,4.9092,44.693,27.4705,26.6175,21.513,2.2885,3.717597190624159,9.936844249770813,0.7218400832130993,0.7432849394264185,0.7501081631525047,25.200000000000003
2024-12-30,value,NVDA UW Equity,137.49,-0.023274419957815238,0.019274129027565475,,,,47.5251,43.9432,3367130.1,28.5641,24.4391,25.5495,84.1657,1.6725,75.9671,14.5722,983.1344,54.1154,29.8478,18.98388985269811,300.00403475724613,0.6429626320460711,1.1682342120198048,1.287359976781922,58.8007
2024-12-30,value,PDD UW Equity,94.39,0.027545290814704887,0.06600275452908151,,,,43.7274,6.7404,131086.0583,,2.7299,4.3574,17.9803,10.2955,60.0328,1.7613,45.8479,9.3958,2.5538,8.647110218093786,110.31126611450368,0.5225608026562404,0.5860834442557488,0.31570084469234316,
2024-12-30,value,PEP UW Equity,151.72,0.00224097020827843,-0.041655681518586826,,,,45.3255,5.0876,208158.1749,7.861,2.9844,2.6907,23.7262,2.9692,54.8055,37.6919,3.3473,19.0046,2.2717,3.107943987279853,6.55411992810883,0.8009963668855528,0.8442784405545025,0.9602489659448522,18.6912
2024-12-31,value,ADBE UW Equity,444.68,-0.008275613924619967,-0.056445084105424176,,,,34.7543,14.3607,195748.136,,10.4758,12.0796,41.3432,3.9731,89.0118,14.8263,12.2777,30.9238,9.2395,13.69059781992692,12.334639618826053,0.7479779020491882,0.7648845988277758,0.7651820715054735,
2024-12-31,value,LLY UN Equity,772.0,0.007862694300518199,0.019715025906735788,,,,54.4619,9.8467,732871.7158,15.2148,21.2591,18.1018,67.8825,0.2019,81.023,38.4163,238.8988,58.8089,17.0334,12.291839041042492,118.99169231164318,0.8663337384451074,0.9409782452573777,1.7295296439382093,30.6315
2024-12-31,value,NKE UN Equity,75.67,-0.026430553720100437,-0.05788291264701989,,,,36.2077,6.0622,112634.4723,10.1454,2.7886,3.0789,29.803,4.843,44.693,27.4705,26.6175,21.8069,2.3197,3.717597190624159,9.936844249770813,0.7317015065597422,0.7534184286595863,0.7501081631525047,25.1338
2024-12-31,value,NVDA UW Equity,134.29,0.02993521483356922,0.043339042370988325,,,,47.5251,43.9432,3288762.1,28.5641,24.4391,25.5495,84.1657,1.7124,75.9671,14.5722,983.1344,52.8559,29.1531,18.98388985269811,300.00403475724613,0.6279981037405974,1.1410438560441496,1.287359976781922,58.8406
2024-12-31,value,PDD UW Equity,96.99,-0.0010310341272295527,0.03433343643674604,,,,43.7274,6.7404,134696.8619,,2.7299,4.3574,17.9803,10.2955,60.0328,1.7613,45.8479,9.6546,2.6241,6.7586703435536,110.31126611450368,0.536954333353726,0.6022169183458025,0.40391080807836277,
2024-12-31,value,PEP UW Equity,152.06,-0.012166250164408749,-0.03630145995001979,,,,45.3255,5.0876,208624.6511,7.861,2.9844,2.6907,23.7262,2.9625,54.8055,37.6919,3.3473,19.0472,2.2768,3.107943987279853,6.55411992810883,0.8027918503595182,0.8461738581038392,0.9602489659448522,18.6845
2025-01-02,value,ADBE UW Equity,441.0,-0.023650793650793665,-0.07954648526077093,,,,34.7543,14.3607,194128.2,,10.4758,12.0796,41.3432,4.0062,89.0118,14.8263,12.2777,30.6679,9.163,13.69059781992692,12.334639618826053,0.7417882505466437,0.7585516076691282,0.7651820715054735,
2025-01-02,value,LLY UN Equity,778.07,0.005025254797126182,0.028056601591116385,,,,54.4619,9.8467,738634.062,15.2148,21.2591,18.1018,67.8825,0.2003,81.023,38.4163,238.8988,59.2713,17.1674,12.291839041042492,118.99169231164318,0.8731455087835599,0.9483808240064524,1.7295296439382093,30.6299
2025-01-02,value,NKE UN Equity,73.67,-0.004886656712365949,-0.03352789466539974,,,,36.2077,6.0622,109657.4809,10.1454,2.7886,3.0789,29.803,4.9745,44.693,27.4705,26.6175,21.2305,2.2584,3.717597190624159,9.936844249770813,0.7123611716941247,0.7335087206469844,0.7501081631525047,25.2653
2025-01-02,value,NVDA UW Equity,138.31,0.04453763285373434,-0.017352324488467977,,,,47.5251,43.9432,3387211.9,28.5641,24.4391,25.5495,84.1657,1.6626,75.9671,14.5722,983.1344,54.4382,30.0258,18.98388985269811,300.00403475724613,0.6467979236197169,1.1752010802559738,1.287359976781922,58.7908
2025-01-02,value,PDD UW Equity,96.89,-0.0007224687790278397,-0.02280937145216218,,,,43.7274,6.7404,134557.9849,,2.7299,4.3574,17.9803,10.2955,60.0328,1.7613,45.8479,9.6446,2.6214,6.7586703435536,110.31126611450368,0.5363981691073008,0.6015972827833111,0.40391080807836277,
2025-01-02,value,PEP UW Equity,150.21,-0.00372811397377007,-0.05039611210971321,,,,45.3255,5.0876,206086.4714,7.861,2.9844,2.6907,23.7262,2.999,54.8055,37.6919,3.3473,18.8155,2.2491,3.107943987279853,6.806155787649026,0.7930262747511191,0.8358791392574422,0.9602489659448522,18.721
2025-01-03,value,ADBE UW Equity,430.57,0.0014167266646538626,,,,,34.7543,14.3607,189536.914,,10.4758,12.0796,41.3432,4.1033,89.0118,14.8263,12.2777,29.9426,8.9463,13.69059781992692,12.334639618826053,0.7242448576791346,0.7406122719295342,0.7651820715054735,
2025-01-03,value,LLY UN Equity,781.98,-0.021586229826849785,,,,,54.4619,9.8467,742345.8864,15.2148,21.2591,18.1018,67.8825,0.1993,81.023,38.4163,238.8988,59.5692,17.2536,12.291839041042492,118.64714367036323,0.8775339741465032,0.9531427813808571,1.7295296439382093,30.6289
2025-01-03,value,NKE UN Equity,73.31,-0.01786932205701817,,,,,36.2077,6.0622,108434.7921,10.1454,2.7886,3.0789,29.803,4.9989,44.693,27.4705,26.6175,21.1268,2.2474,3.717597190624159,9.936844249770813,0.7088816562091064,0.7299360161096495,0.7501081631525047,25.2897
2025-01-03,value,NVDA UW Equity,144.47,0.03433238734685407,,,,,47.5251,43.9432,3538070.3,28.5641,24.4391,25.5495,84.1657,1.5917,75.9671,14.5722,983.1344,56.8627,31.3631,18.98388985269811,300.00403475724613,0.6756041950580818,1.2275426133583829,1.287359976781922,58.7199
2025-01-03,value,PDD UW Equity,96.82,0.02272257797975628,,,,,43.7274,6.7404,134460.7709,,2.7299,4.3574,17.9803,10.2955,60.0328,1.7613,45.8479,9.6669,2.6274,6.7586703435536,110.31126611450368,0.5376384153768291,0.6029742506999587,0.40391080807836277,
2025-01-03,value,PEP UW Equity,149.65,-0.022586034079518848,,,,,45.3255,5.0876,205318.1576,7.861,2.9844,2.6907,23.7262,3.0103,54.8055,37.6919,3.3473,18.7453,2.2407,3.107943987279853,6.806155787649026,0.790067520294021,0.8327572750585349,0.9602489659448522,18.7323
2025-01-06,value,ADBE UW Equity,431.18,-0.019829305626420546,,,,,34.7543,14.3607,189805.436,,10.4758,12.0796,41.3432,4.0975,89.0118,14.8263,12.2777,29.985,8.959,13.69059781992692,12.334639618826053,0.7252704193192592,0.7416636312460678,0.7651820715054735,
2025-01-06,value,LLY UN Equity,765.1,0.010704483074107882,,,,,54.4619,9.8467,726321.4375,15.2148,21.2591,18.1018,67.8825,0.2037,81.023,38.4163,238.8988,58.2833,16.8812,12.291839041042492,118.52016715245884,0.8585909475932678,0.9325702416334287,1.7295296439382093,30.633300000000002
2025-01-06,value,NKE UN Equity,72.0,0.0012500000000000473,,,,,36.2077,6.0622,106497.1359,10.1454,2.7886,3.0789,29.803,5.0899,44.693,27.4705,26.6175,20.7493,2.2072,3.717597190624159,9.936844249770813,0.6962151461262289,0.7168794049822989,0.7501081631525047,25.3807
2025-01-06,value,NVDA UW Equity,149.43,-0.06216957772870254,,,,,47.5251,43.9432,3659540.7,28.5641,24.4391,25.5495,84.1657,1.5389,75.9671,14.5722,983.1344,58.815,32.4398,18.98388985269811,300.00403475724613,0.6988001050309093,1.2696843382453669,1.287359976781922,58.6671
2025-01-06,value,PDD UW Equity,99.02,0.01615835184811158,,,,,43.7274,6.7404,137516.0663,,2.7299,4.3574,17.9803,10.2955,60.0328,1.7613,45.8479,9.8957,2.6896,6.7586703435536,110.31126611450368,0.5503634533350389,0.6172488181025382,0.40391080807836277,
2025-01-06,value,PEP UW Equity,146.27,-0.005947904560060193,,,,,45.3255,5.0876,200680.8347,7.861,2.9844,2.6907,23.7262,3.0798,54.8055,37.6919,3.3473,18.3219,2.1901,3.107943987279853,6.790758326635448,0.7722222690527771,0.8139517597651169,0.9602489659448522,18.8018
2025-01-07,value,ADBE UW Equity,422.63,-0.007216714383739942,,,,,34.7543,14.3607,186041.726,,10.4758,12.0796,41.3432,4.1804,89.0118,14.8263,12.2777,29.3905,8.7813,13.69059781992692,12.334639618826053,0.7108907873604364,0.7269528792344118,0.7651820715054735,
2025-01-07,value,LLY UN Equity,773.29,0.018013940436317634,,,,,54.4619,9.8467,734096.333,15.2148,21.2591,18.1018,67.8825,0.2016,81.023,38.4163,238.8988,58.9072,17.0619,12.291839041042492,118.40531760536555,0.8677818288955181,0.9425526743196809,1.7295296439382093,30.6312
2025-01-07,value,NKE UN Equity,72.09,-0.011097239561658997,,,,,36.2077,6.0622,106630.2573,10.1454,2.7886,3.0789,29.803,5.0835,44.693,27.4705,26.6175,20.7752,2.21,3.717597190624159,9.936844249770813,0.6970841861557562,0.7177888206827113,0.7501081631525047,25.3743
2025-01-07,value,NVDA UW Equity,140.14,-0.00021407164264287653,,,,,47.5251,43.9432,3432028.6,28.5641,24.4391,25.5495,84.1657,1.6409,75.9671,14.5722,983.1344,55.1585,30.4231,18.98388985269811,300.00403475724613,0.6553560417129543,1.1907512867179397,1.287359976781922,58.7691
2025-01-07,value,PDD UW Equity,100.62,-0.002981514609421699,,,,,43.7274,6.7404,139738.0993,,2.7299,4.3574,17.9803,10.2955,60.0328,1.7613,45.8479,10.0552,2.733,6.7586703435536,110.31126611450368,0.5592342730655216,0.6272088860329554,0.40391080807836277,
2025-01-07,value,PEP UW Equity,145.4,0.007840440165061803,,,,,45.3255,5.0876,199487.2042,7.861,2.9844,2.6907,23.7262,3.0982,54.8055,37.6919,3.3473,18.213,2.1771,3.107943987279853,6.789954158164695,0.7676324063693302,0.8091203032668078,0.9602489659448522,18.8202
2025-01-08,value,ADBE UW Equity,419.58,-0.03255636588969915,,,,,34.7543,14.3607,184699.116,,10.4758,12.0796,41.3432,4.2108,89.0118,14.8263,12.2777,29.1783,8.718,13.69059781992692,12.334639618826053,0.7057581416049071,0.7217126394913739,0.7651820715054735,
2025-01-08,value,LLY UN Equity,787.22,0.016107314346688283,,,,,54.4619,9.8467,747320.3006,15.2148,21.2591,18.1018,67.8825,0.198,81.023,38.4163,238.8988,59.9684,17.3693,12.291839041042492,118.36465658558716,0.8834147239715686,0.9595344109425581,1.7295296439382093,30.6276
2025-01-08,value,NKE UN Equity,71.29,-0.0012624491513536739,,,,,36.2077,6.0622,105446.9558,10.1454,2.7886,3.0789,29.803,5.1406,44.693,27.4705,26.6175,20.5447,2.1855,3.717597190624159,9.936844249770813,0.6893500654296547,0.7098314333041021,0.7501081631525047,25.4314
2025-01-08,value,NVDA UW Equity,140.11,-0.02997644707729653,,,,,47.5251,43.9432,3431293.9,28.5641,24.4391,25.5495,84.1657,1.6412,75.9671,14.5722,983.1344,55.1466,30.4166,18.98388985269811,300.00403475724613,0.655214653950481,1.190496878608192,1.287359976781922,58.7694
2025-01-08,value,PDD UW Equity,100.32,-0.056220095693779774,,,,,43.7274,6.7404,139321.4681,,2.7299,4.3574,17.9803,10.2955,60.0328,1.7613,45.8479,10.0303,2.7262,6.7586703435536,110.31126611450368,0.5578494240919228,0.6256483223940882,0.40391080807836277,
2025-01-08,value,PEP UW Equity,146.54,-0.026613893817387786,,,,,45.3255,5.0876,201051.2717,7.861,2.9844,2.6907,23.7262,3.0741,54.8055,37.6919,3.3473,18.3558,2.1941,3.107943987279853,6.788747905458567,0.7736510692820595,0.8154383617645966,0.9602489659448522,18.7961
2025-01-10,value,ADBE UW Equity,405.92,,,,,,34.7543,14.3607,178685.984,,10.4758,12.0796,41.3432,4.3525,89.0118,14.8263,12.2777,28.2284,8.4341,13.69059781992692,12.334639618826053,0.6827821745776814,0.6982102056359484,0.7651820715054735,
2025-01-10,value,LLY UN Equity,799.9,,,,,,54.4619,9.8467,759357.6236,15.2148,21.2591,18.1018,67.8825,0.1949,81.023,38.4163,238.8988,60.9343,17.649,12.291839041042492,118.07717604224182,0.8976437226089199,0.9749859130031268,1.7295296439382093,30.6245
2025-01-10,value,NKE UN Equity,71.2,,,,,,36.2077,6.0622,105313.8344,10.1454,2.7886,3.0789,29.803,5.1471,44.693,27.4705,26.6175,20.5187,2.1827,3.717597190624159,9.936844249770813,0.6884776700332181,0.7089220176036897,0.7501081631525047,25.4379
2025-01-10,value,NVDA UW Equity,135.91,,,,,,47.5251,43.9432,3328435.9,28.5641,24.4391,25.5495,84.1657,1.692,75.9671,14.5722,983.1344,53.4935,29.5048,18.98388985269811,300.00403475724613,0.6355736362912683,1.1548092917669621,1.287359976781922,58.8202
2025-01-10,value,PDD UW Equity,94.68,,,,,,43.7274,6.7404,131488.8018,,2.7299,4.3574,17.9803,10.2955,60.0328,1.7613,45.8479,9.4677,2.5733,6.7586703435536,110.31126611450368,0.5265596235880381,0.5905585899848533,0.40391080807836277,
2025-01-10,value,PEP UW Equity,142.64,,,,,,45.3255,5.0876,195700.5145,7.861,2.9844,2.6907,23.7262,3.1582,54.8055,37.6919,3.3473,17.8673,2.1357,3.107943987279853,6.785129147340169,0.7530620158306008,0.793733972572193,0.9602489659448522,18.8802
